CustomerID,Recency,Frequency,Monetary,R_Score,F_Score,M_Score,RFM_Score,Cluster,ChurnRisk,CLV,Persona
12346.0,326,1,77183.6,1,1,4,114,0,High Risk,0.0,VIP Customers
12347.0,2,7,4310.0,4,4,4,444,3,Low Risk,2016.8589743589744,Budget Buyers
12348.0,75,4,1797.24,2,3,4,234,3,Low Risk,2179.878193548387,Budget Buyers
12349.0,19,1,1757.55,3,1,4,314,3,Low Risk,0.0,Budget Buyers
12350.0,310,1,334.4,1,1,2,112,1,High Risk,0.0,Loyal Customers
12352.0,36,8,2506.04,3,4,4,344,3,Low Risk,2044.1424313725488,Budget Buyers
12353.0,204,1,89.0,1,1,1,111,1,High Risk,0.0,Loyal Customers
12354.0,232,1,1079.4,1,1,3,113,1,High Risk,0.0,Loyal Customers
12355.0,214,1,459.4,1,1,2,112,1,High Risk,0.0,Loyal Customers
12356.0,23,3,2811.43,3,3,4,334,3,Low Risk,1439.0709491525422,Budget Buyers
12357.0,33,1,6207.67,3,1,4,314,3,Low Risk,0.0,Budget Buyers
12358.0,2,2,1168.06,4,2,3,423,3,Low Risk,610.6699649122806,Budget Buyers
12359.0,58,4,6372.58,2,3,4,234,3,Low Risk,938.7564086021505,Budget Buyers
12360.0,52,3,2662.06,2,3,4,234,3,Low Risk,305.4146356589147,Budget Buyers
12361.0,287,1,189.9,1,1,1,111,1,High Risk,0.0,Loyal Customers
12362.0,3,10,5226.23,4,4,4,444,3,Low Risk,1912.3548370927313,Budget Buyers
12363.0,110,2,552.0,2,2,2,222,3,High Risk,211.20000000000002,Budget Buyers
12364.0,8,4,1313.1,4,3,3,433,3,Low Risk,214.2155294117647,Budget Buyers
12365.0,291,2,641.38,1,2,2,122,1,High Risk,0.0,Loyal Customers
12367.0,4,1,168.9,4,1,1,411,3,Low Risk,0.0,Budget Buyers
12370.0,51,4,3545.69,3,3,4,334,3,Low Risk,874.7450778443114,Budget Buyers
12371.0,45,2,1887.96,3,2,4,324,3,Low Risk,27.96977777777778,Budget Buyers
12372.0,72,3,1298.04,2,3,3,233,3,Low Risk,559.1556923076923,Budget Buyers
12373.0,311,1,364.6,1,1,2,112,1,High Risk,0.0,Loyal Customers
12374.0,25,1,742.9300000000001,3,1,3,313,3,Low Risk,0.0,Budget Buyers
12375.0,11,2,457.5,4,2,2,422,3,Low Risk,156.08823529411762,Budget Buyers
12377.0,315,2,1628.12,1,2,3,123,1,High Risk,54.97548051948052,Loyal Customers
12378.0,130,1,4008.62,2,1,4,214,3,High Risk,0.0,Budget Buyers
12379.0,82,2,852.24,2,2,3,223,3,Low Risk,124.9952,Budget Buyers
12380.0,22,4,2724.81,3,3,4,334,3,Low Risk,572.9087692307693,Budget Buyers
12381.0,5,5,1845.31,4,3,4,434,3,Low Risk,406.53381226053637,Budget Buyers
12383.0,185,5,1850.56,1,3,4,134,1,High Risk,520.2752861952862,Loyal Customers
12384.0,29,2,585.27,3,2,2,322,3,Low Risk,132.95022222222224,Budget Buyers
12386.0,338,2,401.9,1,2,2,122,1,High Risk,77.70066666666666,Loyal Customers
12388.0,16,6,2780.66,4,4,4,444,3,Low Risk,1729.57052,Budget Buyers
12390.0,80,1,549.84,2,1,2,212,3,Low Risk,0.0,Budget Buyers
12391.0,22,1,460.89,3,1,2,312,3,Low Risk,0.0,Budget Buyers
12393.0,72,4,1582.6000000000001,2,3,3,233,3,Low Risk,857.2416666666667,Budget Buyers
12394.0,64,2,1272.48,2,2,3,223,3,Low Risk,480.71466666666663,Budget Buyers
12395.0,19,12,3018.63,3,4,4,344,3,Low Risk,2716.7669999999994,Budget Buyers
12397.0,36,2,2409.9,3,2,4,324,3,Low Risk,126.23285714285714,Budget Buyers
12398.0,46,1,1635.6599999999999,3,1,3,313,3,Low Risk,0.0,Budget Buyers
12399.0,119,4,1108.65,2,3,3,233,3,High Risk,355.77016949152545,Budget Buyers
12401.0,303,1,84.3,1,1,1,111,1,High Risk,0.0,Loyal Customers
12402.0,323,1,225.6,1,1,1,111,1,High Risk,0.0,Loyal Customers
12403.0,50,1,427.7,3,1,2,312,3,Low Risk,0.0,Budget Buyers
12405.0,149,1,1710.39,1,1,4,114,1,High Risk,0.0,Loyal Customers
12406.0,22,2,3415.3,3,2,4,324,3,Low Risk,349.11955555555556,Budget Buyers
12407.0,50,5,1708.1200000000001,3,3,4,334,3,Low Risk,791.2070995670997,Budget Buyers
12408.0,33,5,2888.55,3,3,4,334,3,Low Risk,1040.795,Budget Buyers
12409.0,79,3,11072.67,2,3,4,234,3,Low Risk,1046.3165229357799,Budget Buyers
12410.0,309,2,693.3299999999999,1,2,3,123,1,High Risk,0.0,Loyal Customers
12412.0,75,3,1226.88,2,3,3,233,3,Low Risk,189.06019672131148,Budget Buyers
12413.0,67,3,758.1,2,3,3,233,3,Low Risk,538.65,Budget Buyers
12414.0,217,3,562.41,1,3,2,132,1,High Risk,290.57849999999996,Loyal Customers
12415.0,24,21,124914.53,3,4,4,344,2,Low Risk,38224.544026536314,At Risk Customers
12417.0,3,9,3649.1,4,4,4,444,3,Low Risk,2018.4084375,Budget Buyers
12418.0,113,1,668.58,2,1,2,212,3,High Risk,0.0,Budget Buyers
12420.0,64,1,600.39,2,1,2,212,3,Low Risk,0.0,Budget Buyers
12421.0,16,4,807.04,4,3,3,433,3,Low Risk,724.5425777777778,Budget Buyers
12422.0,96,3,803.5600000000001,2,3,3,233,3,High Risk,471.8339487179488,Budget Buyers
12423.0,1,8,1859.31,4,4,4,444,3,Low Risk,1396.217856,Budget Buyers
12424.0,163,2,1760.96,1,2,4,124,1,High Risk,0.0,Loyal Customers
12425.0,78,1,777.2,2,1,3,213,3,Low Risk,0.0,Budget Buyers
12426.0,195,1,582.73,1,1,2,112,1,High Risk,0.0,Loyal Customers
12427.0,22,3,825.8,3,3,3,333,3,Low Risk,929.6909677419353,Budget Buyers
12428.0,26,9,7956.46,3,4,4,344,3,Low Risk,2086.5410408163266,Budget Buyers
12429.0,9,4,3750.4,4,3,4,434,3,Low Risk,1835.2472852233677,Budget Buyers
12430.0,43,1,256.4,3,1,1,311,3,Low Risk,0.0,Budget Buyers
12431.0,36,15,6487.45,3,4,4,344,0,Low Risk,4645.673940677966,VIP Customers
12432.0,43,5,5059.32,3,3,4,334,3,Low Risk,1007.1794444444445,Budget Buyers
12433.0,1,7,13375.87,4,4,4,444,3,Low Risk,2764.346466666667,Budget Buyers
12434.0,85,2,806.14,2,2,3,223,3,Low Risk,188.0993333333333,Budget Buyers
12435.0,80,2,7829.89,2,2,4,224,3,Low Risk,2725.9617037037037,Budget Buyers
12436.0,100,1,509.01,2,1,2,212,3,High Risk,0.0,Budget Buyers
12437.0,2,18,4951.41,4,4,4,444,0,Low Risk,4887.04167,VIP Customers
12438.0,14,2,2906.85,4,2,4,424,3,Low Risk,247.18112244897958,Budget Buyers
12441.0,367,1,173.55,1,1,1,111,1,High Risk,0.0,Loyal Customers
12442.0,3,1,172.06,4,1,1,411,3,Low Risk,0.0,Budget Buyers
12444.0,21,5,5005.46,3,3,4,334,3,Low Risk,702.27263653484,Budget Buyers
12445.0,22,1,133.4,3,1,1,311,3,Low Risk,0.0,Budget Buyers
12446.0,58,1,1002.3100000000001,2,1,3,213,3,Low Risk,0.0,Budget Buyers
12447.0,243,1,476.49,1,1,2,112,1,High Risk,0.0,Loyal Customers
12448.0,44,1,449.45,3,1,2,312,3,Low Risk,0.0,Budget Buyers
12449.0,22,4,4067.29,3,3,4,334,3,Low Risk,465.644369982548,Budget Buyers
12450.0,156,2,197.88,1,2,1,121,1,High Risk,28.032999999999998,Loyal Customers
12451.0,11,5,9035.52,4,3,4,434,3,Low Risk,1331.505536723164,Budget Buyers
12452.0,17,2,430.57,4,2,2,422,3,Low Risk,0.0,Budget Buyers
12453.0,134,1,707.09,2,1,3,213,3,High Risk,0.0,Budget Buyers
12454.0,56,1,3528.34,2,1,4,214,3,Low Risk,0.0,Budget Buyers
12455.0,73,6,2466.86,2,4,4,244,3,Low Risk,1222.4661777777778,Budget Buyers
12456.0,44,3,3181.04,3,3,4,334,3,Low Risk,534.41472,Budget Buyers
12457.0,66,7,2363.23,2,4,4,244,3,Low Risk,1505.465037037037,Budget Buyers
12458.0,71,2,947.4,2,2,3,223,3,Low Risk,354.0284210526316,Budget Buyers
12461.0,94,2,826.88,2,2,3,223,3,High Risk,94.50057142857143,Budget Buyers
12462.0,19,2,1189.59,3,2,3,323,3,Low Risk,363.27264516129026,Budget Buyers
12463.0,53,4,1344.78,2,3,3,233,3,Low Risk,406.1343614457831,Budget Buyers
12464.0,10,8,1212.05,4,4,3,443,3,Low Risk,3332.4409195402295,Budget Buyers
12465.0,17,2,742.1899999999999,4,2,3,423,3,Low Risk,160.0182695035461,Budget Buyers
12468.0,188,2,729.5400000000001,1,2,3,123,1,High Risk,163.8265263157895,Loyal Customers
12471.0,2,30,19824.05,4,4,4,444,0,Low Risk,15600.66543478261,VIP Customers
12472.0,32,7,6572.11,3,4,4,344,3,Low Risk,1519.9216047197638,Budget Buyers
12473.0,29,5,3938.5499999999997,3,3,4,334,3,Low Risk,632.9812499999999,Budget Buyers
12474.0,17,18,7375.79,4,4,4,444,0,Low Risk,3256.4808679245284,VIP Customers
12475.0,54,1,723.38,2,1,3,213,3,Low Risk,0.0,Budget Buyers
12476.0,16,11,6816.42,4,4,4,444,3,Low Risk,3700.7602145922747,Budget Buyers
12477.0,23,6,13219.74,3,4,4,344,3,Low Risk,2450.05848,Budget Buyers
12478.0,4,1,680.99,4,1,3,413,3,Low Risk,0.0,Budget Buyers
12479.0,11,1,527.2,4,1,2,412,3,Low Risk,0.0,Budget Buyers
12480.0,28,4,3281.63,3,3,4,334,3,Low Risk,872.2600952380951,Budget Buyers
12481.0,23,10,5596.32,3,4,4,344,3,Low Risk,2940.002211981567,Budget Buyers
12483.0,17,8,2484.98,4,4,4,444,3,Low Risk,2845.0259911111107,Budget Buyers
12484.0,33,6,4541.72,3,4,4,344,3,Low Risk,795.4573179190752,Budget Buyers
12488.0,10,3,1298.66,4,3,3,433,3,Low Risk,153.478,Budget Buyers
12489.0,336,1,334.93,1,1,2,112,1,High Risk,0.0,Loyal Customers
12490.0,5,10,5417.93,4,4,4,444,3,Low Risk,2388.3120000000004,Budget Buyers
12491.0,39,1,460.40000000000003,3,1,2,312,3,Low Risk,0.0,Budget Buyers
12492.0,63,2,263.21000000000004,2,2,1,221,3,Low Risk,36.8494,Budget Buyers
12493.0,166,2,433.74,1,2,2,122,1,High Risk,40.74527272727273,Loyal Customers
12494.0,16,7,1246.1000000000001,4,4,3,443,3,Low Risk,1317.8451515151517,Budget Buyers
12497.0,82,1,1043.1,2,1,3,213,3,Low Risk,0.0,Budget Buyers
12498.0,21,3,403.70000000000005,3,3,2,332,3,Low Risk,63.18782608695653,Budget Buyers
12500.0,23,11,4257.82,3,4,4,344,3,Low Risk,7933.970601092896,Budget Buyers
12501.0,337,1,2169.39,1,1,4,114,1,High Risk,0.0,Loyal Customers
12502.0,96,5,3723.87,2,3,4,234,3,High Risk,903.5240136054422,Budget Buyers
12504.0,18,2,482.04999999999995,4,2,2,422,3,Low Risk,42.84888888888889,Budget Buyers
12506.0,233,1,73.5,1,1,1,111,1,High Risk,0.0,Loyal Customers
12507.0,134,3,1304.81,2,3,3,233,3,High Risk,972.6765454545454,Budget Buyers
12508.0,26,2,398.27,3,2,2,322,3,Low Risk,0.7696038647342995,Budget Buyers
12509.0,284,1,176.5,1,1,1,111,1,High Risk,0.0,Loyal Customers
12510.0,143,2,982.5699999999999,1,2,3,123,3,High Risk,361.2681616161616,Budget Buyers
12512.0,66,2,138.03,2,2,1,221,3,Low Risk,0.0,Budget Buyers
12513.0,113,1,612.29,2,1,2,212,3,High Risk,0.0,Budget Buyers
12514.0,267,1,1017.68,1,1,3,113,1,High Risk,0.0,Loyal Customers
12515.0,353,1,383.7,1,1,2,112,1,High Risk,0.0,Loyal Customers
12516.0,78,2,1312.06,2,2,3,223,3,Low Risk,343.1541538461538,Budget Buyers
12517.0,28,5,2502.84,3,3,4,334,3,Low Risk,236.47725352112678,Budget Buyers
12518.0,1,5,2056.89,4,3,4,434,3,Low Risk,301.3454435483871,Budget Buyers
12519.0,64,1,340.84,2,1,2,212,3,Low Risk,0.0,Budget Buyers
12520.0,79,5,2634.26,2,3,4,234,3,Low Risk,560.3579385964913,Budget Buyers
12521.0,143,1,599.68,1,1,2,112,3,High Risk,0.0,Budget Buyers
12522.0,39,2,192.72,3,2,1,321,3,Low Risk,12.847999999999999,Budget Buyers
12523.0,19,11,1789.77,3,4,4,344,3,Low Risk,1931.6008301886793,Budget Buyers
12524.0,9,8,4485.72,4,4,4,444,3,Low Risk,2691.4320000000002,Budget Buyers
12526.0,1,3,1316.66,4,3,3,433,3,Low Risk,172.46391549295774,Budget Buyers
12527.0,82,3,348.71000000000004,2,3,2,232,3,Low Risk,470.7585,Budget Buyers
12528.0,9,6,1933.48,4,4,4,444,3,Low Risk,1273.5748695652173,Budget Buyers
12530.0,60,4,1662.28,2,3,4,234,3,Low Risk,930.2051717171717,Budget Buyers
12531.0,15,1,125.22,4,1,1,411,3,Low Risk,0.0,Budget Buyers
12532.0,30,1,349.83000000000004,3,1,2,312,3,Low Risk,0.0,Budget Buyers
12534.0,131,1,1089.18,2,1,3,213,3,High Risk,0.0,Budget Buyers
12535.0,92,2,716.35,2,2,3,223,3,High Risk,132.03313725490196,Budget Buyers
12536.0,43,3,12601.830000000002,3,3,4,334,3,Low Risk,72.42431034482759,Budget Buyers
12538.0,29,1,363.95,3,1,2,312,3,Low Risk,0.0,Budget Buyers
12539.0,22,4,5568.35,3,3,4,334,3,Low Risk,845.7908913308914,Budget Buyers
12540.0,20,17,13400.24,3,4,4,344,0,Low Risk,5432.984334728033,VIP Customers
12541.0,30,3,981.18,3,3,3,333,3,Low Risk,473.6080384615385,Budget Buyers
12544.0,36,1,372.7,3,1,2,312,3,Low Risk,0.0,Budget Buyers
12545.0,75,2,1000.39,2,2,3,223,3,Low Risk,245.42901333333336,Budget Buyers
12546.0,47,2,1161.5,3,2,3,323,3,Low Risk,34.78888888888889,Budget Buyers
12547.0,198,2,207.79999999999998,1,2,1,121,1,High Risk,141.99666666666667,Loyal Customers
12548.0,166,1,95.19999999999999,1,1,1,111,1,High Risk,0.0,Loyal Customers
12550.0,79,1,964.83,2,1,3,213,3,Low Risk,0.0,Budget Buyers
12551.0,358,1,168.0,1,1,1,111,1,High Risk,0.0,Loyal Customers
12552.0,39,2,437.82,3,2,2,322,3,Low Risk,0.0,Budget Buyers
12553.0,8,10,3692.28,4,4,4,444,3,Low Risk,2068.450052356021,Budget Buyers
12556.0,50,2,603.71,3,2,2,322,3,Low Risk,33.26225895316805,Budget Buyers
12557.0,16,5,11990.960000000001,4,3,4,434,3,Low Risk,21498.943434343437,Budget Buyers
12558.0,8,1,269.96,4,1,1,411,3,Low Risk,0.0,Budget Buyers
12559.0,311,2,561.71,1,2,2,122,1,High Risk,14.265650793650794,Loyal Customers
12560.0,5,3,2134.01,4,3,4,434,3,Low Risk,278.43749523809527,Budget Buyers
12561.0,303,1,238.85,1,1,1,111,1,High Risk,0.0,Loyal Customers
12562.0,8,7,3781.7400000000002,4,4,4,444,3,Low Risk,997.9591666666668,Budget Buyers
12564.0,261,1,456.9,1,1,2,112,1,High Risk,0.0,Loyal Customers
12565.0,289,1,145.92,1,1,1,111,1,High Risk,0.0,Loyal Customers
12566.0,86,1,351.65,2,1,2,212,3,Low Risk,0.0,Budget Buyers
12567.0,23,10,9401.28,3,4,4,344,3,Low Risk,2431.123228699552,Budget Buyers
12569.0,2,32,4124.69,4,4,4,444,0,Low Risk,5850.624113475177,VIP Customers
12571.0,40,2,519.61,3,2,2,322,3,Low Risk,82.52629411764707,Budget Buyers
12572.0,9,2,1020.42,4,2,3,423,3,Low Risk,48.75339999999999,Budget Buyers
12573.0,227,1,160.54000000000002,1,1,1,111,1,High Risk,0.0,Loyal Customers
12574.0,316,1,218.45,1,1,1,111,1,High Risk,0.0,Loyal Customers
12576.0,36,5,1315.83,3,3,3,333,3,Low Risk,667.883409090909,Budget Buyers
12577.0,35,3,657.8,3,3,2,332,3,Low Risk,144.53700680272107,Budget Buyers
12578.0,21,2,2794.51,3,2,4,324,3,Low Risk,503.3386432748539,Budget Buyers
12579.0,78,1,440.42,2,1,2,212,3,Low Risk,0.0,Budget Buyers
12580.0,247,1,415.7,1,1,2,112,1,High Risk,0.0,Loyal Customers
12581.0,40,1,197.71,3,1,1,311,3,Low Risk,0.0,Budget Buyers
12582.0,239,2,511.36,1,2,2,122,1,High Risk,75.92921212121213,Loyal Customers
12583.0,3,15,7281.38,4,4,4,444,0,Low Risk,5453.665182186235,VIP Customers
12584.0,4,9,2338.15,4,4,4,444,3,Low Risk,2016.6543749999998,Budget Buyers
12585.0,234,2,2040.1,1,2,4,124,1,High Risk,182.9055172413793,Loyal Customers
12586.0,17,1,196.94000000000003,4,1,1,411,3,Low Risk,0.0,Budget Buyers
12587.0,8,1,144.0,4,1,1,411,3,Low Risk,0.0,Budget Buyers
12588.0,39,1,214.89999999999998,3,1,1,311,3,Low Risk,0.0,Budget Buyers
12589.0,29,2,646.68,3,2,2,322,3,Low Risk,141.6537142857143,Budget Buyers
12590.0,211,2,9864.26,1,2,4,124,1,High Risk,0.0,Loyal Customers
12591.0,317,1,452.84999999999997,1,1,2,112,1,High Risk,0.0,Loyal Customers
12592.0,92,2,437.6,2,2,2,222,3,High Risk,196.10962962962964,Budget Buyers
12593.0,109,3,418.09999999999997,2,3,2,232,3,High Risk,219.0047619047619,Budget Buyers
12594.0,38,10,3338.2200000000003,3,4,4,344,3,Low Risk,2687.55,Budget Buyers
12596.0,51,2,618.27,3,2,2,322,3,Low Risk,290.05259259259253,Budget Buyers
12597.0,19,4,3811.22,3,3,4,334,3,Low Risk,611.768647249191,Budget Buyers
12598.0,10,8,3023.08,4,4,4,444,3,Low Risk,1679.4888888888888,Budget Buyers
12599.0,29,7,1032.58,3,4,3,343,3,Low Risk,1068.6647849462363,Budget Buyers
12600.0,29,10,2599.04,3,4,4,344,3,Low Risk,4629.54,Budget Buyers
12601.0,190,5,577.0600000000001,1,3,2,132,1,High Risk,487.7530952380953,Loyal Customers
12602.0,59,1,153.12,2,1,1,211,3,Low Risk,0.0,Budget Buyers
12603.0,22,1,739.1999999999999,3,1,3,313,3,Low Risk,0.0,Budget Buyers
12604.0,79,2,254.18,2,2,1,221,3,Low Risk,192.75316666666666,Budget Buyers
12607.0,60,1,1579.51,2,1,3,213,3,Low Risk,0.0,Budget Buyers
12609.0,78,3,1126.85,2,3,3,233,3,Low Risk,450.7399999999999,Budget Buyers
12610.0,23,5,2099.54,3,3,4,334,3,Low Risk,340.01984276729553,Budget Buyers
12611.0,52,1,1193.32,2,1,3,213,3,Low Risk,0.0,Budget Buyers
12612.0,74,1,704.0400000000001,2,1,3,213,3,Low Risk,0.0,Budget Buyers
12613.0,57,5,3344.38,2,3,4,234,3,Low Risk,743.1955555555555,Budget Buyers
12614.0,278,1,315.6,1,1,2,112,1,High Risk,0.0,Loyal Customers
12615.0,2,4,2291.19,4,3,4,434,3,Low Risk,482.96830476190473,Budget Buyers
12616.0,95,2,713.3,2,2,3,223,3,High Risk,300.18041666666664,Budget Buyers
12617.0,29,1,355.53,3,1,2,312,3,Low Risk,0.0,Budget Buyers
12618.0,22,1,177.31,3,1,1,311,3,Low Risk,0.0,Budget Buyers
12619.0,16,9,3641.24,4,4,4,444,3,Low Risk,2876.5796,Budget Buyers
12620.0,15,3,1339.41,4,3,3,433,3,Low Risk,275.1614021739131,Budget Buyers
12621.0,2,20,13689.67,4,4,4,444,0,Low Risk,7113.547294789436,VIP Customers
12622.0,232,1,180.1,1,1,1,111,1,High Risk,0.0,Loyal Customers
12623.0,276,1,305.1,1,1,1,111,1,High Risk,0.0,Loyal Customers
12624.0,106,2,641.13,2,2,2,222,3,High Risk,79.86005263157895,Budget Buyers
12625.0,212,2,2683.82,1,2,4,124,1,High Risk,222.6114263565892,Loyal Customers
12626.0,23,9,6620.48,3,4,4,344,3,Low Risk,2046.9443265306118,Budget Buyers
12627.0,11,7,4478.53,4,4,4,444,3,Low Risk,586.1032739130434,Budget Buyers
12628.0,4,3,786.46,4,3,3,433,3,Low Risk,115.09170731707317,Budget Buyers
12630.0,10,2,1270.88,4,2,3,423,3,Low Risk,45.010333333333335,Budget Buyers
12631.0,57,1,640.5,2,1,2,212,3,Low Risk,0.0,Budget Buyers
12633.0,59,4,2163.98,2,3,4,234,3,Low Risk,654.193293729373,Budget Buyers
12635.0,90,2,1689.18,2,2,4,224,3,Low Risk,72.4730693069307,Budget Buyers
12637.0,67,8,6021.9,2,4,4,244,3,Low Risk,1054.089846153846,Budget Buyers
12638.0,33,1,671.69,3,1,2,312,3,Low Risk,0.0,Budget Buyers
12639.0,239,1,486.1,1,1,2,112,1,High Risk,0.0,Loyal Customers
12640.0,24,3,1174.58,3,3,3,333,3,Low Risk,126.32275471698111,Budget Buyers
12641.0,115,1,185.9,2,1,1,211,3,High Risk,0.0,Budget Buyers
12642.0,25,3,1013.26,3,3,3,333,3,Low Risk,176.7815319148936,Budget Buyers
12643.0,128,6,3344.64,2,4,4,244,3,High Risk,5685.887999999999,Budget Buyers
12644.0,130,1,477.91,2,1,2,212,3,High Risk,0.0,Budget Buyers
12645.0,34,4,1775.18,3,3,4,334,3,Low Risk,914.3392876712329,Budget Buyers
12646.0,5,2,1346.97,4,2,3,423,3,Low Risk,87.80248888888887,Budget Buyers
12647.0,22,12,3722.82,3,4,4,344,3,Low Risk,4223.264655737706,Budget Buyers
12648.0,155,1,318.05,1,1,2,112,1,High Risk,0.0,Loyal Customers
12649.0,107,3,623.51,2,3,2,232,3,High Risk,211.18887096774193,Budget Buyers
12650.0,3,1,314.44,4,1,2,412,3,Low Risk,0.0,Budget Buyers
12651.0,335,1,114.0,1,1,1,111,1,High Risk,0.0,Loyal Customers
12652.0,331,1,919.98,1,1,3,113,1,High Risk,0.0,Loyal Customers
12653.0,149,2,2209.85,1,2,4,124,1,High Risk,503.64023255813953,Loyal Customers
12654.0,11,5,601.98,4,3,2,432,3,Low Risk,749.8347368421053,Budget Buyers
12656.0,17,5,4051.17,4,3,4,434,3,Low Risk,1157.4771428571428,Budget Buyers
12657.0,11,4,1643.18,4,3,3,433,3,Low Risk,312.32073758865255,Budget Buyers
12658.0,19,1,686.05,3,1,3,313,3,Low Risk,0.0,Budget Buyers
12659.0,30,1,91.68,3,1,1,311,3,Low Risk,0.0,Budget Buyers
12660.0,11,1,245.1,4,1,1,411,3,Low Risk,0.0,Budget Buyers
12662.0,1,11,3849.78,4,4,4,444,3,Low Risk,2283.0869217391305,Budget Buyers
12664.0,8,9,4881.88,4,4,4,444,3,Low Risk,12429.002594594596,Budget Buyers
12665.0,325,1,63.0,1,1,1,111,1,High Risk,0.0,Loyal Customers
12667.0,58,1,620.13,2,1,2,212,3,Low Risk,0.0,Budget Buyers
12668.0,12,4,3807.15,4,3,4,434,3,Low Risk,1081.4513043478262,Budget Buyers
12669.0,151,3,2744.0299999999997,1,3,4,134,1,High Risk,285.27044554455443,Loyal Customers
12670.0,10,5,2996.05,4,3,4,434,3,Low Risk,1204.9331521739132,Budget Buyers
12672.0,330,1,225.89999999999998,1,1,1,111,1,High Risk,0.0,Loyal Customers
12673.0,5,2,610.52,4,2,2,422,3,Low Risk,311.07447619047616,Budget Buyers
12674.0,39,4,1970.6,3,3,4,334,3,Low Risk,534.9902008032128,Budget Buyers
12676.0,25,6,1331.39,3,4,3,343,3,Low Risk,1692.3446222222221,Budget Buyers
12678.0,42,12,17628.46,3,4,4,344,0,Low Risk,13290.79044848485,VIP Customers
12679.0,59,4,1113.02,2,3,3,233,3,Low Risk,695.6375,Budget Buyers
12680.0,1,4,862.81,4,3,3,433,3,Low Risk,247.7813333333333,Budget Buyers
12681.0,15,22,13787.54,4,4,4,444,0,Low Risk,5594.254735632185,VIP Customers
12682.0,4,31,12288.22,4,4,4,444,0,Low Risk,8876.385964444444,VIP Customers
12683.0,4,15,8476.57,4,4,4,444,0,Low Risk,4447.735130813953,VIP Customers
12684.0,8,7,2283.63,4,4,4,444,3,Low Risk,1040.3203333333333,Budget Buyers
12685.0,28,6,2863.08,3,4,4,344,3,Low Risk,237.07031847133754,Budget Buyers
12686.0,372,1,89.14,1,1,1,111,1,High Risk,0.0,Loyal Customers
12688.0,114,1,4873.8099999999995,2,1,4,214,3,High Risk,0.0,Budget Buyers
12689.0,26,2,1247.61,3,2,3,323,3,Low Risk,116.6746388888889,Budget Buyers
12690.0,206,1,389.01,1,1,2,112,1,High Risk,0.0,Loyal Customers
12691.0,28,6,1035.8,3,4,3,343,3,Low Risk,2129.86375,Budget Buyers
12693.0,127,4,855.91,2,3,3,233,3,High Risk,561.8281025641026,Budget Buyers
12694.0,70,2,869.67,2,2,3,223,3,Low Risk,175.50097297297296,Budget Buyers
12695.0,7,4,582.1,4,3,2,432,3,Low Risk,583.5372839506173,Budget Buyers
12697.0,29,3,957.59,3,3,3,333,3,Low Risk,326.9819512195122,Budget Buyers
12700.0,8,4,4939.99,4,3,4,434,3,Low Risk,508.74523880597013,Budget Buyers
12701.0,80,2,797.71,2,2,3,223,3,Low Risk,162.55222641509437,Budget Buyers
12702.0,20,1,219.0,3,1,1,311,3,Low Risk,0.0,Budget Buyers
12703.0,71,1,283.55,2,1,1,211,3,Low Risk,0.0,Budget Buyers
12704.0,7,8,2340.84,4,4,4,444,3,Low Risk,1149.1396363636366,Budget Buyers
12705.0,15,9,6868.29,4,4,4,444,3,Low Risk,2103.670859281437,Budget Buyers
12707.0,292,1,603.42,1,1,2,112,1,High Risk,0.0,Loyal Customers
12708.0,30,10,2712.91,3,4,4,344,3,Low Risk,1946.8441188959662,Budget Buyers
12709.0,15,15,9736.52,4,4,4,444,0,Low Risk,8215.18875,VIP Customers
12710.0,97,3,1149.02,2,3,3,233,3,High Risk,155.1923116883117,Budget Buyers
12712.0,29,13,4396.13,3,4,4,344,3,Low Risk,4898.544857142858,Budget Buyers
12713.0,1,1,848.55,4,1,3,413,3,Low Risk,0.0,Budget Buyers
12714.0,9,5,4708.86,4,3,4,434,3,Low Risk,863.5940154440154,Budget Buyers
12715.0,106,1,353.86,2,1,2,212,3,High Risk,0.0,Budget Buyers
12716.0,4,2,1053.49,4,2,3,423,3,Low Risk,131.30455072463766,Budget Buyers
12717.0,151,2,1030.98,1,2,3,123,1,High Risk,117.46923636363636,Loyal Customers
12718.0,71,1,238.25,2,1,1,211,3,Low Risk,0.0,Budget Buyers
12719.0,5,2,644.95,4,2,2,422,3,Low Risk,65.04623931623932,Budget Buyers
12720.0,3,25,5781.73,4,4,4,444,0,Low Risk,4981.434039548021,VIP Customers
12721.0,32,6,2656.13,3,4,4,344,3,Low Risk,1065.751540372671,Budget Buyers
12722.0,85,4,997.63,2,3,3,233,3,Low Risk,163.13446540880503,Budget Buyers
12723.0,4,5,725.07,4,3,3,433,3,Low Risk,106.83398550724638,Budget Buyers
12724.0,5,4,1031.41,4,3,3,433,3,Low Risk,848.4806792452831,Budget Buyers
12725.0,371,1,427.8,1,1,2,112,1,High Risk,0.0,Loyal Customers
12726.0,28,7,2609.1,3,4,4,344,3,Low Risk,1615.2573387096775,Budget Buyers
12727.0,11,7,3980.7,4,4,4,444,3,Low Risk,2064.8091366906474,Budget Buyers
12728.0,71,4,836.33,2,3,3,233,3,Low Risk,632.7018260869564,Budget Buyers
12729.0,114,1,453.01,2,1,2,212,3,High Risk,0.0,Budget Buyers
12731.0,24,12,18895.91,3,4,4,344,0,Low Risk,9406.577094890512,VIP Customers
12732.0,180,1,236.26000000000002,1,1,1,111,1,High Risk,0.0,Loyal Customers
12733.0,234,1,383.95,1,1,2,112,1,High Risk,0.0,Loyal Customers
12734.0,353,1,110.39999999999999,1,1,1,111,1,High Risk,0.0,Loyal Customers
12735.0,315,2,779.5699999999999,1,2,3,123,1,High Risk,25.3813488372093,Loyal Customers
12736.0,333,1,234.0,1,1,1,111,1,High Risk,0.0,Loyal Customers
12738.0,372,1,155.35,1,1,1,111,1,High Risk,0.0,Loyal Customers
12739.0,78,2,1013.04,2,2,3,223,3,Low Risk,35.54526315789474,Budget Buyers
12740.0,64,1,427.6,2,1,2,212,3,Low Risk,0.0,Budget Buyers
12743.0,134,2,546.43,2,2,2,222,3,High Risk,0.0,Budget Buyers
12744.0,52,7,21279.29,2,4,4,244,0,Low Risk,5949.2549519519525,VIP Customers
12747.0,2,11,4196.01,4,4,4,444,3,Low Risk,5467.034388349514,Budget Buyers
12748.0,1,210,33719.73,4,4,4,444,2,Low Risk,19104.91229765013,At Risk Customers
12749.0,4,5,4090.88,4,3,4,434,3,Low Risk,716.0753098827471,Budget Buyers
12750.0,129,1,275.88,2,1,1,211,3,High Risk,0.0,Budget Buyers
12752.0,81,1,4366.78,2,1,4,214,3,Low Risk,0.0,Budget Buyers
12753.0,23,6,21429.39,3,4,4,344,3,Low Risk,7375.191076142131,Budget Buyers
12754.0,236,3,3010.74,1,3,4,134,1,High Risk,344.0845714285714,Loyal Customers
12755.0,281,2,3811.95,1,2,4,124,1,High Risk,5400.2625,Loyal Customers
12756.0,87,1,112.07999999999998,2,1,1,211,3,Low Risk,0.0,Budget Buyers
12757.0,16,13,7857.1,4,4,4,444,0,Low Risk,1789.5551212938005,VIP Customers
12758.0,117,2,2791.59,2,2,4,224,3,High Risk,305.06035051546394,Budget Buyers
12759.0,52,3,1531.44,2,3,3,233,3,Low Risk,359.4853894736842,Budget Buyers
12762.0,8,2,1898.52,4,2,4,424,3,Low Risk,31.18342028985507,Budget Buyers
12763.0,138,2,494.08,2,2,2,222,3,High Risk,420.88296296296295,Budget Buyers
12764.0,317,1,1693.88,1,1,4,114,1,High Risk,0.0,Loyal Customers
12766.0,4,7,6989.63,4,4,4,444,3,Low Risk,1904.48628172043,Budget Buyers
12769.0,239,1,1143.6,1,1,3,113,1,High Risk,0.0,Loyal Customers
12770.0,211,1,1351.45,1,1,3,113,1,High Risk,0.0,Loyal Customers
12772.0,60,1,892.47,2,1,3,213,3,Low Risk,0.0,Budget Buyers
12775.0,17,5,1386.04,4,3,3,433,3,Low Risk,1029.029696969697,Budget Buyers
12778.0,20,6,822.23,3,4,3,343,3,Low Risk,960.36464,Budget Buyers
12779.0,38,8,3981.36,3,4,4,344,3,Low Risk,2372.7836778523492,Budget Buyers
12781.0,64,2,826.74,2,2,3,223,3,Low Risk,487.22544,Budget Buyers
12782.0,5,5,2330.92,4,3,4,434,3,Low Risk,1327.6437540453076,Budget Buyers
12783.0,2,6,2225.91,4,4,4,444,3,Low Risk,386.88435714285714,Budget Buyers
12784.0,9,2,574.42,4,2,2,422,3,Low Risk,3.894372881355932,Budget Buyers
12785.0,364,1,311.95,1,1,2,112,1,High Risk,0.0,Loyal Customers
12787.0,10,3,463.66,4,3,2,432,3,Low Risk,421.9306,Budget Buyers
12789.0,65,1,91.85,2,1,1,211,3,Low Risk,0.0,Budget Buyers
12790.0,192,1,324.92,1,1,2,112,1,High Risk,0.0,Loyal Customers
12791.0,374,1,192.60000000000002,1,1,1,111,1,High Risk,0.0,Loyal Customers
12792.0,257,1,400.53999999999996,1,1,2,112,1,High Risk,0.0,Loyal Customers
12793.0,335,2,545.48,1,2,2,122,1,High Risk,54.548,Loyal Customers
12794.0,53,2,860.41,2,2,3,223,3,Low Risk,57.36066666666666,Budget Buyers
12795.0,19,1,430.48,3,1,2,312,3,Low Risk,0.0,Budget Buyers
12797.0,366,1,254.03,1,1,1,111,1,High Risk,0.0,Loyal Customers
12798.0,10,3,6977.04,4,3,4,434,3,Low Risk,13954.079999999998,Budget Buyers
12802.0,187,1,427.58,1,1,2,112,1,High Risk,0.0,Loyal Customers
12808.0,37,3,483.65000000000003,3,3,2,332,3,Low Risk,571.7433928571428,Budget Buyers
12809.0,178,1,489.31,1,1,2,112,1,High Risk,0.0,Loyal Customers
12811.0,261,3,514.85,1,3,2,132,1,High Risk,38.19854838709678,Loyal Customers
12812.0,45,1,229.64000000000001,3,1,1,311,3,Low Risk,0.0,Budget Buyers
12814.0,102,1,125.92,2,1,1,211,3,High Risk,0.0,Budget Buyers
12815.0,148,2,1063.46,1,2,3,123,1,High Risk,75.422695035461,Loyal Customers
12816.0,96,2,572.2,2,2,2,222,3,High Risk,105.23218390804598,Budget Buyers
12817.0,281,1,166.04,1,1,1,111,1,High Risk,0.0,Loyal Customers
12818.0,262,1,1542.08,1,1,3,113,1,High Risk,0.0,Loyal Customers
12820.0,3,4,942.34,4,3,3,433,3,Low Risk,687.8549604519775,Budget Buyers
12821.0,214,1,92.72,1,1,1,111,1,High Risk,0.0,Loyal Customers
12822.0,71,2,948.88,2,2,3,223,3,Low Risk,22.00301449275362,Budget Buyers
12823.0,75,5,1759.5,2,3,4,234,3,Low Risk,12961.65,Budget Buyers
12824.0,60,1,397.12,2,1,2,212,3,Low Risk,0.0,Budget Buyers
12826.0,3,7,1474.72,4,4,3,443,3,Low Risk,1368.8426666666667,Budget Buyers
12827.0,6,3,430.15000000000003,4,3,2,432,3,Low Risk,65.3828,Budget Buyers
12828.0,3,6,1018.71,4,4,3,443,3,Low Risk,462.05775000000006,Budget Buyers
12829.0,337,2,293.0,1,2,1,121,1,High Risk,40.842424242424244,Loyal Customers
12830.0,38,6,6814.64,3,4,4,344,3,Low Risk,4806.11452631579,Budget Buyers
12831.0,262,1,215.05,1,1,1,111,1,High Risk,0.0,Loyal Customers
12832.0,32,2,383.03,3,2,2,322,3,Low Risk,61.47395061728394,Budget Buyers
12833.0,145,1,417.38,1,1,2,112,1,High Risk,0.0,Loyal Customers
12834.0,283,1,312.38,1,1,2,112,1,High Risk,0.0,Loyal Customers
12836.0,59,4,2612.86,2,3,4,234,3,Low Risk,501.6691200000001,Budget Buyers
12837.0,173,1,134.1,1,1,1,111,1,High Risk,0.0,Loyal Customers
12838.0,34,2,683.13,3,2,3,323,3,Low Risk,125.88845528455285,Budget Buyers
12839.0,3,14,5591.42,4,4,4,444,0,Low Risk,3024.827634819533,VIP Customers
12840.0,144,4,2726.77,1,3,4,134,3,High Risk,263.8290737463127,Budget Buyers
12841.0,5,25,4022.35,4,4,4,444,0,Low Risk,2928.9731150793646,VIP Customers
12842.0,70,2,1118.99,2,2,3,223,3,Low Risk,522.1953333333333,Budget Buyers
12843.0,66,8,1702.26,2,4,4,244,3,Low Risk,872.6148349514563,Budget Buyers
12844.0,29,2,325.96000000000004,3,2,2,322,3,Low Risk,42.20764102564103,Budget Buyers
12845.0,267,4,354.09,1,3,2,132,1,High Risk,38.469037037037026,Loyal Customers
12847.0,22,1,871.54,3,1,3,313,3,Low Risk,0.0,Budget Buyers
12849.0,31,2,1050.8899999999999,3,2,3,323,3,Low Risk,325.56984313725485,Budget Buyers
12851.0,97,1,135.18,2,1,1,211,3,High Risk,0.0,Budget Buyers
12852.0,295,1,311.55,1,1,2,112,1,High Risk,0.0,Loyal Customers
12853.0,135,6,1957.1000000000001,2,4,4,244,3,High Risk,908.2951282051282,Budget Buyers
12854.0,79,3,1324.5,2,3,3,233,3,Low Risk,287.7777272727273,Budget Buyers
12855.0,373,1,38.1,1,1,1,111,1,High Risk,0.0,Loyal Customers
12856.0,8,6,2179.93,4,4,4,444,3,Low Risk,76.36697452229299,Budget Buyers
12857.0,211,2,1106.4,1,2,3,123,1,High Risk,145.91652173913045,Loyal Customers
12863.0,52,1,521.2,2,1,2,212,3,Low Risk,0.0,Budget Buyers
12864.0,138,1,147.12,2,1,1,211,3,High Risk,0.0,Budget Buyers
12865.0,26,2,1568.23,3,2,3,323,3,Low Risk,106.74969122807019,Budget Buyers
12866.0,283,1,559.12,1,1,2,112,1,High Risk,0.0,Loyal Customers
12867.0,26,7,4036.82,3,4,4,344,3,Low Risk,583.0128513011152,Budget Buyers
12868.0,186,6,1607.0600000000002,1,4,3,143,1,High Risk,561.7200373831777,Loyal Customers
12871.0,84,2,380.64,2,2,2,222,3,Low Risk,283.7498181818181,Budget Buyers
12872.0,327,2,599.97,1,2,2,122,1,High Risk,23.02915151515152,Loyal Customers
12873.0,282,1,374.0,1,1,2,112,1,High Risk,0.0,Loyal Customers
12875.0,143,2,343.2300000000001,1,2,2,122,3,High Risk,2505.5790000000006,Budget Buyers
12876.0,58,2,2218.02,2,2,4,224,3,Low Risk,240.0680470588235,Budget Buyers
12877.0,4,12,1535.77,4,4,3,443,3,Low Risk,1412.1105974025975,Budget Buyers
12878.0,236,2,854.99,1,2,3,123,1,High Risk,35.16980141843972,Loyal Customers
12879.0,45,3,573.22,3,3,2,332,3,Low Risk,269.4134,Budget Buyers
12881.0,276,1,298.0,1,1,1,111,1,High Risk,0.0,Loyal Customers
12882.0,9,2,1463.04,4,2,3,423,3,Low Risk,180.06646153846157,Budget Buyers
12883.0,25,4,703.47,3,3,3,333,3,Low Risk,142.9272380952381,Budget Buyers
12884.0,88,1,309.05,2,1,2,212,3,Low Risk,0.0,Budget Buyers
12885.0,63,3,1175.22,2,3,3,233,3,Low Risk,99.3143661971831,Budget Buyers
12886.0,68,2,1378.4,2,2,3,223,3,Low Risk,169.21821138211385,Budget Buyers
12888.0,214,2,354.12,1,2,2,122,1,High Risk,193.5856,Loyal Customers
12890.0,24,1,380.46999999999997,3,1,2,312,3,Low Risk,0.0,Budget Buyers
12891.0,186,3,331.0,1,3,2,132,1,High Risk,1180.5666666666668,Loyal Customers
12893.0,31,1,188.14,3,1,1,311,3,Low Risk,0.0,Budget Buyers
12895.0,42,2,372.8,3,2,2,322,3,Low Risk,49.70666666666666,Budget Buyers
12897.0,205,2,216.5,1,2,1,121,1,High Risk,350.0083333333333,Loyal Customers
12901.0,9,28,17654.54,4,4,4,444,0,Low Risk,37074.534,VIP Customers
12902.0,265,1,138.68,1,1,1,111,1,High Risk,0.0,Loyal Customers
12904.0,18,2,509.58,4,2,2,422,3,Low Risk,72.66233333333334,Budget Buyers
12906.0,12,5,2919.81,4,3,4,434,3,Low Risk,509.8080952380953,Budget Buyers
12908.0,176,2,750.0,1,2,3,123,1,High Risk,3400.0,Loyal Customers
12909.0,40,5,2178.67,3,3,4,334,3,Low Risk,849.9207142857143,Budget Buyers
12910.0,23,8,3075.04,3,4,4,344,3,Low Risk,2383.497671111111,Budget Buyers
12912.0,3,5,1662.3,4,3,4,434,3,Low Risk,427.11875000000003,Budget Buyers
12913.0,5,5,2483.63,4,3,4,434,3,Low Risk,3005.1922999999997,Budget Buyers
12915.0,149,2,363.65,1,2,2,122,1,High Risk,245.7392424242424,Loyal Customers
12916.0,139,4,3006.15,2,3,4,234,3,High Risk,678.0226168224299,Budget Buyers
12917.0,128,1,594.0,2,1,2,212,3,High Risk,0.0,Budget Buyers
12919.0,8,6,1335.19,4,4,3,443,3,Low Risk,859.86236,Budget Buyers
12920.0,17,1,164.23,4,1,1,411,3,Low Risk,0.0,Budget Buyers
12921.0,9,37,16587.09,4,4,4,444,0,Low Risk,10342.357783333333,VIP Customers
12922.0,161,1,405.38,1,1,2,112,1,High Risk,0.0,Loyal Customers
12923.0,64,1,176.97,2,1,1,211,3,Low Risk,0.0,Budget Buyers
12924.0,88,4,933.7,2,3,3,233,3,Low Risk,991.7968888888889,Budget Buyers
12925.0,5,2,694.05,4,2,3,423,3,Low Risk,71.97555555555556,Budget Buyers
12928.0,35,5,2062.7000000000003,3,4,4,344,3,Low Risk,1321.9287698412702,Budget Buyers
12929.0,312,1,117.85,1,1,1,111,1,High Risk,0.0,Loyal Customers
12930.0,78,2,415.8,2,2,2,222,3,Low Risk,103.11840000000001,Budget Buyers
12931.0,22,15,42055.96,3,4,4,344,0,Low Risk,86163.43024390243,VIP Customers
12933.0,24,3,607.53,3,3,2,332,3,Low Risk,148.4436509433962,Budget Buyers
12935.0,2,7,2160.7,4,4,4,444,3,Low Risk,1238.9129974160205,Budget Buyers
12936.0,17,4,1063.9,4,3,3,433,3,Low Risk,139.56537634408602,Budget Buyers
12937.0,15,4,1504.27,4,3,3,433,3,Low Risk,421.1956,Budget Buyers
12938.0,26,1,114.14,3,1,1,311,3,Low Risk,0.0,Budget Buyers
12939.0,64,8,11581.8,2,4,4,244,3,Low Risk,17742.331914893617,Budget Buyers
12940.0,55,2,913.54,2,2,3,223,3,Low Risk,20.30088888888889,Budget Buyers
12942.0,131,3,683.9,2,3,3,233,3,High Risk,213.37679999999997,Budget Buyers
12944.0,36,2,604.51,3,2,2,322,3,Low Risk,428.53042222222217,Budget Buyers
12945.0,288,1,462.95,1,1,2,112,1,High Risk,0.0,Loyal Customers
12947.0,144,6,1603.99,1,4,3,143,3,High Risk,757.3478556701031,Budget Buyers
12948.0,16,7,2064.95,4,4,4,444,3,Low Risk,1030.1014942528734,Budget Buyers
12949.0,31,8,4167.22,3,4,4,344,3,Low Risk,1142.2705364341086,Budget Buyers
12950.0,2,3,1843.0,4,3,4,434,3,Low Risk,168.27391304347827,Budget Buyers
12951.0,9,6,1064.07,4,4,3,443,3,Low Risk,1087.716,Budget Buyers
12952.0,6,4,1387.79,4,3,3,433,3,Low Risk,168.64283544303797,Budget Buyers
12953.0,10,1,329.85,4,1,2,412,3,Low Risk,0.0,Budget Buyers
12955.0,1,11,4757.16,4,4,4,444,3,Low Risk,2577.6759555555554,Budget Buyers
12956.0,306,1,108.07,1,1,1,111,1,High Risk,0.0,Loyal Customers
12957.0,10,8,4017.54,4,4,4,444,3,Low Risk,1480.9755294117645,Budget Buyers
12962.0,7,2,266.39,4,2,1,421,3,Low Risk,117.65558333333333,Budget Buyers
12963.0,8,8,1856.63,4,4,4,444,3,Low Risk,1860.5386947368424,Budget Buyers
12965.0,89,1,771.91,2,1,3,213,3,Low Risk,0.0,Budget Buyers
12966.0,10,1,160.18,4,1,1,411,3,Low Risk,0.0,Budget Buyers
12967.0,358,2,1660.9,1,2,3,123,1,High Risk,75.76035087719299,Loyal Customers
12968.0,112,1,135.95,2,1,1,211,3,High Risk,0.0,Budget Buyers
12970.0,7,4,452.24,4,3,2,432,3,Low Risk,125.78860927152319,Budget Buyers
12971.0,4,86,11189.91,4,4,4,444,0,Low Risk,38703.63624918032,VIP Customers
12974.0,198,1,144.8,1,1,1,111,1,High Risk,0.0,Loyal Customers
12976.0,212,1,738.6,1,1,3,113,1,High Risk,0.0,Loyal Customers
12977.0,156,1,39.239999999999995,1,1,1,111,1,High Risk,0.0,Loyal Customers
12980.0,158,9,7374.900000000001,1,4,4,144,3,High Risk,22124.7,Budget Buyers
12981.0,30,2,372.21999999999997,3,2,2,322,3,Low Risk,127.79553333333331,Budget Buyers
12982.0,243,1,390.54,1,1,2,112,1,High Risk,0.0,Loyal Customers
12984.0,19,1,97.5,3,1,1,311,3,Low Risk,0.0,Budget Buyers
12985.0,1,2,1239.38,4,2,3,423,3,Low Risk,29.353736842105263,Budget Buyers
12987.0,74,2,558.7,2,2,2,222,3,Low Risk,164.94952380952384,Budget Buyers
12988.0,292,1,535.32,1,1,2,112,1,High Risk,0.0,Loyal Customers
12989.0,3,15,6924.110000000001,4,4,4,444,0,Low Risk,19528.153984375,VIP Customers
12990.0,31,3,409.5,3,3,2,332,3,Low Risk,875.7,Budget Buyers
12991.0,23,2,503.76,3,2,2,322,3,Low Risk,96.4185806451613,Budget Buyers
12993.0,23,4,414.76,3,3,2,332,3,Low Risk,563.2543209876543,Budget Buyers
12994.0,4,3,974.4200000000001,4,3,3,433,3,Low Risk,421.7161967213116,Budget Buyers
12995.0,85,1,211.32,2,1,1,211,3,Low Risk,0.0,Budget Buyers
12997.0,22,4,1226.89,3,3,3,333,3,Low Risk,815.1540338983052,Budget Buyers
12999.0,196,3,455.88,1,3,2,132,1,High Risk,79.779,Loyal Customers
13000.0,107,3,534.85,2,3,2,232,3,High Risk,445.13322580645166,Budget Buyers
13001.0,4,13,9818.82,4,4,4,444,0,Low Risk,4041.4533451327434,VIP Customers
13002.0,318,1,120.94999999999999,1,1,1,111,1,High Risk,0.0,Loyal Customers
13003.0,106,3,149.05,2,3,1,231,3,High Risk,270.7741666666667,Budget Buyers
13004.0,12,18,5655.91,4,4,4,444,0,Low Risk,2906.3537524752473,VIP Customers
13005.0,174,2,513.7,1,2,2,122,1,High Risk,94.83692307692309,Loyal Customers
13006.0,56,1,81.57,2,1,1,211,3,Low Risk,0.0,Budget Buyers
13008.0,323,1,229.46999999999997,1,1,1,111,1,High Risk,0.0,Loyal Customers
13011.0,372,1,50.550000000000004,1,1,1,111,1,High Risk,0.0,Loyal Customers
13012.0,9,8,1661.8400000000001,4,4,4,444,3,Low Risk,1419.0993258426968,Budget Buyers
13013.0,1,13,4810.9400000000005,4,4,4,444,3,Low Risk,3522.1645966514466,Budget Buyers
13014.0,11,10,3466.2799999999997,4,4,4,444,3,Low Risk,2836.0472727272727,Budget Buyers
13015.0,53,5,3346.28,2,4,4,244,3,Low Risk,617.9210227272728,Budget Buyers
13016.0,73,3,789.89,2,3,3,233,3,Low Risk,82.35023404255318,Budget Buyers
13017.0,7,1,204.0,4,1,1,411,3,Low Risk,0.0,Budget Buyers
13018.0,16,28,7277.7,4,4,4,444,0,Low Risk,4137.801484716158,VIP Customers
13021.0,4,9,2616.38,4,4,4,444,3,Low Risk,2121.0653129770994,Budget Buyers
13023.0,64,2,689.9,2,2,3,223,3,Low Risk,74.73916666666666,Budget Buyers
13026.0,1,5,975.36,4,4,3,443,3,Low Risk,1113.536,Budget Buyers
13027.0,114,6,6912.0,2,4,4,244,3,High Risk,12760.615384615387,Budget Buyers
13028.0,23,2,661.3199999999999,3,2,2,322,3,Low Risk,21.55413333333333,Budget Buyers
13029.0,31,3,1247.5,3,3,3,333,3,Low Risk,4016.95,Budget Buyers
13030.0,11,2,799.48,4,2,3,423,3,Low Risk,191.65985185185184,Budget Buyers
13032.0,52,2,1010.18,2,2,3,223,3,Low Risk,32.2498779342723,Budget Buyers
13033.0,357,1,190.55,1,1,1,111,1,High Risk,0.0,Loyal Customers
13034.0,55,2,642.77,2,2,2,222,3,Low Risk,363.6572612612613,Budget Buyers
13035.0,74,2,921.88,2,2,3,223,3,Low Risk,423.3819259259259,Budget Buyers
13037.0,138,3,881.07,2,3,3,233,3,High Risk,216.59637499999997,Budget Buyers
13038.0,80,3,908.46,2,3,3,233,3,Low Risk,681.345,Budget Buyers
13040.0,9,2,676.99,4,2,3,423,3,Low Risk,25.19032558139535,Budget Buyers
13043.0,273,1,516.42,1,1,2,112,1,High Risk,0.0,Loyal Customers
13044.0,291,1,560.47,1,1,2,112,1,High Risk,0.0,Loyal Customers
13045.0,99,1,305.28000000000003,2,1,1,211,3,High Risk,0.0,Budget Buyers
13046.0,31,2,629.31,3,2,2,322,3,Low Risk,281.69114285714284,Budget Buyers
13047.0,32,10,3237.54,3,4,4,344,3,Low Risk,2145.811395348837,Budget Buyers
13048.0,14,4,1835.91,4,3,4,434,3,Low Risk,561.5724705882353,Budget Buyers
13049.0,64,2,656.6800000000001,2,2,2,222,3,Low Risk,791.1430476190477,Budget Buyers
13050.0,15,17,5836.86,4,4,4,444,0,Low Risk,2880.772838709677,VIP Customers
13052.0,212,1,348.15000000000003,1,1,2,112,1,High Risk,0.0,Loyal Customers
13055.0,78,3,1214.41,2,3,3,233,3,Low Risk,215.7175657894737,Budget Buyers
13058.0,25,3,271.40000000000003,3,3,1,331,3,Low Risk,430.8475,Budget Buyers
13059.0,250,1,183.4,1,1,1,111,1,High Risk,0.0,Loyal Customers
13060.0,254,1,307.53,1,1,2,112,1,High Risk,0.0,Loyal Customers
13061.0,72,1,248.61,2,1,1,211,3,Low Risk,0.0,Budget Buyers
13062.0,191,1,346.98,1,1,2,112,1,High Risk,0.0,Loyal Customers
13064.0,13,4,1119.49,4,3,3,433,3,Low Risk,679.2654299516909,Budget Buyers
13065.0,373,1,205.86,1,1,1,111,1,High Risk,0.0,Loyal Customers
13066.0,24,2,470.8,3,2,2,322,3,Low Risk,4.577222222222223,Budget Buyers
13067.0,82,1,115.46000000000001,2,1,1,211,3,Low Risk,0.0,Budget Buyers
13068.0,10,2,344.0,4,2,2,422,3,Low Risk,3543.2000000000003,Budget Buyers
13069.0,1,24,4436.12,4,4,4,444,0,Low Risk,3072.9264188235297,VIP Customers
13070.0,192,1,228.8,1,1,1,111,1,High Risk,0.0,Loyal Customers
13072.0,267,1,177.15,1,1,1,111,1,High Risk,0.0,Loyal Customers
13075.0,130,1,919.61,2,1,3,213,3,High Risk,0.0,Budget Buyers
13077.0,1,4,729.27,4,3,3,433,3,Low Risk,316.8851785714285,Budget Buyers
13078.0,3,26,12627.94,4,4,4,444,0,Low Risk,11097.066826815642,VIP Customers
13079.0,4,5,220.10000000000002,4,4,1,441,3,Low Risk,831.4888888888889,Budget Buyers
13080.0,179,1,58.08,1,1,1,111,1,High Risk,0.0,Loyal Customers
13081.0,12,11,28337.38,4,4,4,444,0,Low Risk,3628.5445402075234,VIP Customers
13082.0,126,9,3613.63,2,4,4,244,3,High Risk,3148.313260273973,Budget Buyers
13083.0,4,2,303.75,4,2,1,421,3,Low Risk,79.875,Budget Buyers
13085.0,158,2,416.08000000000004,1,2,2,122,1,High Risk,172.73624242424242,Loyal Customers
13089.0,3,97,58825.83,4,4,4,444,2,Low Risk,38291.79715181518,At Risk Customers
13090.0,9,14,8910.82,4,4,4,444,0,Low Risk,9765.492197849462,VIP Customers
13091.0,28,1,345.82,3,1,2,312,3,Low Risk,0.0,Budget Buyers
13092.0,71,5,477.83,2,4,2,242,3,Low Risk,917.4336,Budget Buyers
13093.0,276,8,7832.47,1,4,4,144,1,High Risk,1274.2131488469602,Loyal Customers
13094.0,21,12,1927.3200000000002,3,4,4,344,3,Low Risk,11146.334,Budget Buyers
13095.0,71,1,74.39999999999999,2,1,1,211,3,Low Risk,0.0,Budget Buyers
13097.0,33,10,6010.42,3,4,4,344,3,Low Risk,1548.7843498817967,Budget Buyers
13098.0,1,28,28882.44,4,4,4,444,0,Low Risk,14892.297734265736,VIP Customers
13099.0,99,1,207.35999999999999,2,1,1,211,3,High Risk,0.0,Budget Buyers
13101.0,234,1,101.19,1,1,1,111,1,High Risk,0.0,Loyal Customers
13102.0,1,24,6424.09,4,4,4,444,0,Low Risk,6136.6965,VIP Customers
13103.0,40,1,243.94,3,1,1,311,3,Low Risk,0.0,Budget Buyers
13104.0,3,6,1098.48,4,4,3,443,3,Low Risk,3855.6647999999996,Budget Buyers
13106.0,133,1,76.5,2,1,1,211,3,High Risk,0.0,Budget Buyers
13107.0,44,4,1531.6200000000001,3,3,3,333,3,Low Risk,1017.5590344827586,Budget Buyers
13108.0,373,1,350.06,1,1,2,112,1,High Risk,0.0,Loyal Customers
13109.0,60,2,786.54,2,2,3,223,3,Low Risk,108.21897872340425,Budget Buyers
13110.0,31,7,1488.67,3,4,3,343,3,Low Risk,668.3614965517241,Budget Buyers
13113.0,1,24,12245.960000000001,4,4,4,444,0,Low Risk,17790.150845771142,VIP Customers
13115.0,12,4,2294.78,4,3,4,434,3,Low Risk,438.5579555555556,Budget Buyers
13116.0,138,1,501.14,2,1,2,212,3,High Risk,0.0,Budget Buyers
13117.0,22,8,984.91,3,4,3,343,3,Low Risk,1209.538596491228,Budget Buyers
13118.0,20,5,1197.81,3,4,3,343,3,Low Risk,679.7698101265823,Budget Buyers
13120.0,239,1,30.599999999999998,1,1,1,111,1,High Risk,0.0,Loyal Customers
13121.0,269,1,283.73,1,1,1,111,1,High Risk,0.0,Loyal Customers
13122.0,94,2,922.39,2,2,3,223,3,High Risk,163.23507878787876,Budget Buyers
13124.0,90,3,3866.33,2,3,4,234,3,Low Risk,442.5713914893617,Budget Buyers
13126.0,5,8,2099.64,4,4,4,444,3,Low Risk,1443.752457142857,Budget Buyers
13127.0,78,1,259.17,2,1,1,211,3,Low Risk,0.0,Budget Buyers
13130.0,94,1,64.0,2,1,1,211,3,High Risk,0.0,Budget Buyers
13131.0,23,3,1073.3,3,3,3,333,3,Low Risk,400.0481818181818,Budget Buyers
13132.0,262,1,77.3,1,1,1,111,1,High Risk,0.0,Loyal Customers
13133.0,274,2,109.8,1,2,1,121,1,High Risk,31.37142857142857,Loyal Customers
13134.0,86,4,1793.58,2,3,4,234,3,Low Risk,375.7977142857143,Budget Buyers
13135.0,197,1,3096.0,1,1,4,114,1,High Risk,0.0,Loyal Customers
13136.0,56,5,2607.61,2,4,4,244,3,Low Risk,533.8414173228347,Budget Buyers
13137.0,11,8,3650.41,4,4,4,444,3,Low Risk,412.053856060606,Budget Buyers
13138.0,22,6,962.39,3,4,3,343,3,Low Risk,1069.322222222222,Budget Buyers
13139.0,16,7,5064.94,4,4,4,444,3,Low Risk,1689.306458823529,Budget Buyers
13140.0,108,3,423.72,2,3,2,232,3,High Risk,237.65165217391308,Budget Buyers
13141.0,85,5,2388.75,2,4,4,244,3,Low Risk,678.287037037037,Budget Buyers
13142.0,19,1,307.09,3,1,1,311,3,Low Risk,0.0,Budget Buyers
13144.0,333,1,110.95,1,1,1,111,1,High Risk,0.0,Loyal Customers
13145.0,40,4,618.52,3,3,2,332,3,Low Risk,4563.30311111111,Budget Buyers
13146.0,26,1,228.91,3,1,1,311,3,Low Risk,0.0,Budget Buyers
13147.0,10,4,712.8000000000001,4,3,3,433,3,Low Risk,2114.6400000000003,Budget Buyers
13148.0,29,12,3707.12,3,4,4,344,3,Low Risk,1557.2228213166143,Budget Buyers
13149.0,14,4,1676.06,4,3,4,434,3,Low Risk,712.0006821705425,Budget Buyers
13151.0,296,1,1257.8700000000001,1,1,3,113,1,High Risk,0.0,Loyal Customers
13153.0,6,1,486.22,4,1,2,412,3,Low Risk,0.0,Budget Buyers
13155.0,33,4,971.76,3,3,3,333,3,Low Risk,510.65035294117644,Budget Buyers
13157.0,49,4,1741.22,3,3,4,334,3,Low Risk,661.7970268199234,Budget Buyers
13158.0,95,4,1201.06,2,3,3,233,3,High Risk,454.0716286919831,Budget Buyers
13159.0,9,4,1437.85,4,3,3,433,3,Low Risk,167.94721763085397,Budget Buyers
13160.0,22,1,91.8,3,1,1,311,3,Low Risk,0.0,Budget Buyers
13161.0,313,1,112.75,1,1,1,111,1,High Risk,0.0,Loyal Customers
13162.0,122,4,1688.29,2,3,4,234,3,High Risk,604.080135021097,Budget Buyers
13165.0,46,2,1021.48,3,2,3,323,3,Low Risk,494.5260317460317,Budget Buyers
13166.0,283,1,417.2,1,1,2,112,1,High Risk,0.0,Loyal Customers
13167.0,19,4,791.33,3,3,3,333,3,Low Risk,202.90512820512822,Budget Buyers
13168.0,36,4,1319.19,3,3,3,333,3,Low Risk,377.29505343511454,Budget Buyers
13169.0,64,2,712.88,2,2,3,223,3,Low Risk,687.2894358974359,Budget Buyers
13170.0,27,1,116.00999999999999,3,1,1,311,3,Low Risk,0.0,Budget Buyers
13171.0,22,3,468.41,3,3,2,332,3,Low Risk,282.06428260869563,Budget Buyers
13173.0,4,2,353.65,4,2,2,422,3,Low Risk,199.03093023255815,Budget Buyers
13174.0,16,3,2817.03,4,3,4,434,3,Low Risk,315.7944458598726,Budget Buyers
13176.0,46,1,492.84,3,1,2,312,3,Low Risk,0.0,Budget Buyers
13177.0,65,1,282.45,2,1,1,211,3,Low Risk,0.0,Budget Buyers
13178.0,26,11,5725.47,3,4,4,344,3,Low Risk,2645.9593433962264,Budget Buyers
13182.0,45,1,121.18,3,1,1,311,3,Low Risk,0.0,Budget Buyers
13183.0,8,9,3957.78,4,4,4,444,3,Low Risk,4117.775361702128,Budget Buyers
13184.0,15,10,1701.29,4,4,4,444,3,Low Risk,861.6109576427256,Budget Buyers
13185.0,268,1,71.4,1,1,1,111,1,High Risk,0.0,Loyal Customers
13186.0,40,3,1575.89,3,3,3,333,3,Low Risk,177.53697468354434,Budget Buyers
13187.0,337,1,236.02,1,1,1,111,1,High Risk,0.0,Loyal Customers
13188.0,11,1,114.60000000000001,4,1,1,411,3,Low Risk,0.0,Budget Buyers
13189.0,19,2,260.68,3,2,1,321,3,Low Risk,57.52937931034483,Budget Buyers
13192.0,95,2,911.94,2,2,3,223,3,High Risk,105.18673015873016,Budget Buyers
13193.0,61,1,117.88,2,1,1,211,3,Low Risk,0.0,Budget Buyers
13194.0,136,1,60.7,2,1,1,211,3,High Risk,0.0,Budget Buyers
13196.0,11,4,1797.78,4,3,4,434,3,Low Risk,544.7818181818182,Budget Buyers
13198.0,10,6,3401.2400000000002,4,4,4,444,3,Low Risk,1056.4913628318584,Budget Buyers
13199.0,4,38,9817.12,4,4,4,444,0,Low Risk,37932.03173109244,VIP Customers
13200.0,19,4,870.09,3,3,3,333,3,Low Risk,269.854,Budget Buyers
13203.0,10,4,869.46,4,3,3,433,3,Low Risk,471.84729824561407,Budget Buyers
13207.0,15,2,250.26000000000002,4,2,1,421,3,Low Risk,281.5425,Budget Buyers
13208.0,59,6,1223.9,2,4,3,243,3,Low Risk,410.7046979865773,Budget Buyers
13209.0,30,8,5891.61,3,4,4,344,3,Low Risk,1620.0398006230528,Budget Buyers
13210.0,94,1,353.48,2,1,2,212,3,High Risk,0.0,Budget Buyers
13211.0,10,3,1197.42,4,3,3,433,3,Low Risk,748.3875,Budget Buyers
13212.0,20,3,788.08,3,3,3,333,3,Low Risk,22.754422535211273,Budget Buyers
13213.0,57,5,1520.58,2,4,3,243,3,Low Risk,399.8562222222222,Budget Buyers
13216.0,268,1,333.74,1,1,2,112,1,High Risk,0.0,Loyal Customers
13217.0,122,3,533.98,2,3,2,232,3,High Risk,453.883,Budget Buyers
13218.0,127,1,62.63999999999999,2,1,1,211,3,High Risk,0.0,Budget Buyers
13220.0,78,4,819.2900000000001,2,3,3,233,3,Low Risk,821.8909206349207,Budget Buyers
13221.0,240,2,847.41,1,2,3,123,1,High Risk,101.86039393939394,Loyal Customers
13223.0,200,2,163.20000000000002,1,2,1,121,1,High Risk,67.456,Loyal Customers
13224.0,60,2,2155.95,2,2,4,224,3,Low Risk,121.10583333333332,Budget Buyers
13225.0,3,7,6463.84,4,4,4,444,3,Low Risk,16873.31566666667,Budget Buyers
13226.0,273,1,108.21000000000001,1,1,1,111,1,High Risk,0.0,Loyal Customers
13227.0,202,1,257.7,1,1,1,111,1,High Risk,0.0,Loyal Customers
13228.0,81,1,358.0,2,1,2,212,3,Low Risk,0.0,Budget Buyers
13229.0,226,1,160.95,1,1,1,111,1,High Risk,0.0,Loyal Customers
13230.0,4,14,2806.97,4,4,4,444,3,Low Risk,771.8018985270048,Budget Buyers
13232.0,13,7,1357.6,4,4,3,443,3,Low Risk,351.97037037037035,Budget Buyers
13233.0,74,2,605.12,2,2,2,222,3,Low Risk,244.86251162790697,Budget Buyers
13235.0,212,1,1031.07,1,1,3,113,1,High Risk,0.0,Loyal Customers
13236.0,25,2,744.85,3,2,3,323,3,Low Risk,113.10685185185187,Budget Buyers
13238.0,17,4,700.73,4,3,3,433,3,Low Risk,1033.76511827957,Budget Buyers
13239.0,262,1,329.56,1,1,2,112,1,High Risk,0.0,Loyal Customers
13240.0,96,4,663.65,2,3,2,232,3,High Risk,355.2673631840796,Budget Buyers
13242.0,112,3,270.40000000000003,2,3,1,231,3,High Risk,210.08000000000004,Budget Buyers
13243.0,203,1,600.07,1,1,2,112,1,High Risk,0.0,Loyal Customers
13244.0,93,1,121.74000000000001,2,1,1,211,3,High Risk,0.0,Budget Buyers
13245.0,51,1,430.5,3,1,2,312,3,Low Risk,0.0,Budget Buyers
13246.0,18,6,1987.3,4,4,4,444,3,Low Risk,879.4859574468086,Budget Buyers
13247.0,18,4,501.12,4,3,2,432,3,Low Risk,171.04896,Budget Buyers
13248.0,125,2,465.68,2,2,2,222,3,High Risk,76.41928205128204,Budget Buyers
13249.0,92,3,711.41,2,3,3,233,3,High Risk,519.6386086956521,Budget Buyers
13253.0,157,2,1030.4,1,2,3,123,1,High Risk,347.282962962963,Loyal Customers
13255.0,9,2,399.51,4,2,2,422,3,Low Risk,745.752,Budget Buyers
13256.0,14,1,0.0,4,1,1,411,3,Low Risk,0.0,Budget Buyers
13258.0,12,3,698.58,4,3,3,433,3,Low Risk,354.80510526315794,Budget Buyers
13259.0,62,1,292.32,2,1,1,211,3,Low Risk,0.0,Budget Buyers
13260.0,61,1,557.62,2,1,2,212,3,Low Risk,0.0,Budget Buyers
13261.0,269,2,944.1,1,2,3,123,1,High Risk,118.88666666666667,Loyal Customers
13262.0,263,1,200.29,1,1,1,111,1,High Risk,0.0,Loyal Customers
13263.0,1,35,7454.07,4,4,4,444,0,Low Risk,1674.9803488372095,VIP Customers
13265.0,53,5,2107.66,2,4,4,244,3,Low Risk,849.240293040293,Budget Buyers
13266.0,11,12,3834.2599999999998,4,4,4,444,3,Low Risk,2009.3982887700533,Budget Buyers
13267.0,3,19,4521.49,4,4,4,444,0,Low Risk,4940.067115323854,VIP Customers
13268.0,18,11,3214.69,4,4,4,444,3,Low Risk,667.048175,Budget Buyers
13269.0,1,15,5346.2300000000005,4,4,4,444,0,Low Risk,3112.9946835443043,VIP Customers
13270.0,366,1,590.0,1,1,2,112,1,High Risk,0.0,Loyal Customers
13271.0,37,1,217.38,3,1,1,311,3,Low Risk,0.0,Budget Buyers
13272.0,31,2,276.56,3,2,1,321,3,Low Risk,71.29102222222222,Budget Buyers
13273.0,113,1,138.98,2,1,1,211,3,High Risk,0.0,Budget Buyers
13276.0,64,2,590.9300000000001,2,2,2,222,3,Low Risk,47.27440000000001,Budget Buyers
13277.0,16,4,258.4,4,3,1,431,3,Low Risk,503.87999999999994,Budget Buyers
13278.0,41,1,542.73,3,1,2,312,3,Low Risk,0.0,Budget Buyers
13279.0,78,1,137.75,2,1,1,211,3,Low Risk,0.0,Budget Buyers
13280.0,122,3,814.86,2,3,3,233,3,High Risk,205.15298823529415,Budget Buyers
13282.0,18,3,1132.14,4,3,3,433,3,Low Risk,618.0872432432433,Budget Buyers
13283.0,60,2,93.66,2,2,1,221,3,Low Risk,111.5,Budget Buyers
13284.0,331,1,201.19,1,1,1,111,1,High Risk,0.0,Loyal Customers
13285.0,23,4,2709.12,3,3,4,334,3,Low Risk,513.8152727272727,Budget Buyers
13291.0,156,1,361.11,1,1,2,112,1,High Risk,0.0,Loyal Customers
13292.0,39,2,578.9399999999999,3,2,2,322,3,Low Risk,305.03290322580636,Budget Buyers
13294.0,190,2,873.74,1,2,3,123,1,High Risk,63.642790123456784,Loyal Customers
13295.0,360,1,201.20000000000002,1,1,1,111,1,High Risk,0.0,Loyal Customers
13296.0,137,1,87.4,2,1,1,211,3,High Risk,0.0,Budget Buyers
13297.0,8,4,2089.85,4,3,4,434,3,Low Risk,278.64666666666665,Budget Buyers
13298.0,1,1,360.0,4,1,2,412,3,Low Risk,0.0,Budget Buyers
13299.0,268,1,142.5,1,1,1,111,1,High Risk,0.0,Loyal Customers
13300.0,169,1,371.89,1,1,2,112,1,High Risk,0.0,Loyal Customers
13301.0,104,4,618.09,2,3,2,232,3,High Risk,191.27723456790125,Budget Buyers
13302.0,155,1,63.75,1,1,1,111,1,High Risk,0.0,Loyal Customers
13304.0,351,1,300.42,1,1,1,111,1,High Risk,0.0,Loyal Customers
13305.0,4,10,2000.86,4,4,4,444,3,Low Risk,3030.1089711934155,Budget Buyers
13307.0,120,1,15.0,2,1,1,211,3,High Risk,0.0,Budget Buyers
13308.0,23,3,1385.51,3,3,3,333,3,Low Risk,461.8366666666667,Budget Buyers
13309.0,7,5,1456.79,4,4,3,443,3,Low Risk,683.0121339563863,Budget Buyers
13310.0,28,3,1132.03,3,3,3,333,3,Low Risk,465.3901111111111,Budget Buyers
13311.0,4,2,598.57,4,2,2,422,3,Low Risk,222.54525641025643,Budget Buyers
13313.0,22,5,1555.32,3,4,3,343,3,Low Risk,1053.4966666666664,Budget Buyers
13314.0,2,3,775.94,4,3,3,433,3,Low Risk,90.10916129032258,Budget Buyers
13316.0,37,4,5977.7300000000005,3,3,4,334,3,Low Risk,1987.9960306513412,Budget Buyers
13317.0,66,6,2273.68,2,4,4,244,3,Low Risk,1070.829935483871,Budget Buyers
13318.0,1,3,640.76,4,3,2,432,3,Low Risk,115.33679999999998,Budget Buyers
13319.0,5,26,10845.550000000001,4,4,4,444,0,Low Risk,7108.847899159664,VIP Customers
13320.0,78,4,1548.7,2,3,3,233,3,Low Risk,262.9867924528302,Budget Buyers
13321.0,72,2,567.36,2,2,2,222,3,Low Risk,48.13963636363636,Budget Buyers
13322.0,17,1,199.48000000000002,4,1,1,411,3,Low Risk,0.0,Budget Buyers
13323.0,3,5,787.85,4,4,3,443,3,Low Risk,506.47499999999997,Budget Buyers
13324.0,36,10,7121.95,3,4,4,344,3,Low Risk,10255.608,Budget Buyers
13325.0,82,1,675.3,2,1,3,213,3,Low Risk,0.0,Budget Buyers
13327.0,39,8,3627.77,3,4,4,344,3,Low Risk,2920.1309135802467,Budget Buyers
13328.0,316,1,1308.48,1,1,3,113,1,High Risk,0.0,Loyal Customers
13329.0,32,2,789.0,3,2,3,323,3,Low Risk,1036.5294117647059,Budget Buyers
13330.0,93,3,1140.93,2,3,3,233,3,High Risk,480.051679245283,Budget Buyers
13332.0,14,1,350.9,4,1,2,412,3,Low Risk,0.0,Budget Buyers
13334.0,82,3,3536.82,2,3,4,234,3,Low Risk,294.2950970149254,Budget Buyers
13336.0,77,1,795.12,2,1,3,213,3,Low Risk,0.0,Budget Buyers
13338.0,158,1,487.02,1,1,2,112,1,High Risk,0.0,Loyal Customers
13339.0,201,1,860.12,1,1,3,113,1,High Risk,0.0,Loyal Customers
13340.0,45,7,10736.48,3,4,4,344,3,Low Risk,4318.628895522388,Budget Buyers
13341.0,261,1,775.85,1,1,3,113,1,High Risk,0.0,Loyal Customers
13343.0,178,1,353.43,1,1,2,112,1,High Risk,0.0,Loyal Customers
13344.0,68,3,2543.72,2,3,4,234,3,Low Risk,446.75418487394955,Budget Buyers
13345.0,288,1,389.5,1,1,2,112,1,High Risk,0.0,Loyal Customers
13347.0,70,1,341.36,2,1,2,212,3,Low Risk,0.0,Budget Buyers
13348.0,64,1,233.76,2,1,1,211,3,Low Risk,0.0,Budget Buyers
13349.0,11,1,247.32,4,1,1,411,3,Low Risk,0.0,Budget Buyers
13350.0,16,2,979.12,4,2,3,423,3,Low Risk,102.80760000000001,Budget Buyers
13351.0,66,1,373.94,2,1,2,212,3,Low Risk,0.0,Budget Buyers
13352.0,60,1,397.97999999999996,2,1,2,212,3,Low Risk,0.0,Budget Buyers
13354.0,71,1,743.53,2,1,3,213,3,Low Risk,0.0,Budget Buyers
13355.0,122,1,674.7,2,1,3,213,3,High Risk,0.0,Budget Buyers
13356.0,80,1,768.24,2,1,3,213,3,Low Risk,0.0,Budget Buyers
13357.0,257,1,609.95,1,1,2,112,1,High Risk,0.0,Loyal Customers
13358.0,269,1,439.03,1,1,2,112,1,High Risk,0.0,Loyal Customers
13359.0,64,1,439.56,2,1,2,212,3,Low Risk,0.0,Budget Buyers
13362.0,9,4,3090.7400000000002,4,3,4,434,3,Low Risk,690.1411405622491,Budget Buyers
13363.0,18,2,992.5,4,2,3,423,3,Low Risk,28.672222222222224,Budget Buyers
13364.0,71,1,134.95999999999998,2,1,1,211,3,Low Risk,0.0,Budget Buyers
13365.0,34,2,2225.37,3,2,4,324,3,Low Risk,213.264625,Budget Buyers
13366.0,50,1,56.160000000000004,3,1,1,311,3,Low Risk,0.0,Budget Buyers
13368.0,257,2,623.4,1,2,2,122,1,High Risk,114.64827586206896,Loyal Customers
13369.0,366,1,308.28000000000003,1,1,2,112,1,High Risk,0.0,Loyal Customers
13370.0,372,1,754.87,1,1,3,113,1,High Risk,0.0,Loyal Customers
13372.0,90,1,378.64,2,1,2,212,3,Low Risk,0.0,Budget Buyers
13373.0,61,3,3312.25,2,3,4,234,3,Low Risk,450.71756329113924,Budget Buyers
13375.0,89,1,778.65,2,1,3,213,3,Low Risk,0.0,Budget Buyers
13376.0,99,3,1019.76,2,3,3,233,3,High Risk,259.7501886792453,Budget Buyers
13379.0,26,3,572.56,3,3,2,332,3,Low Risk,64.92948453608247,Budget Buyers
13381.0,32,6,3639.31,3,4,4,344,3,Low Risk,1129.8788023255813,Budget Buyers
13382.0,281,1,222.99,1,1,1,111,1,High Risk,0.0,Loyal Customers
13384.0,31,7,4151.93,3,4,4,344,3,Low Risk,936.915782894737,Budget Buyers
13385.0,330,1,534.57,1,1,2,112,1,High Risk,0.0,Loyal Customers
13388.0,131,2,677.1,2,2,3,223,3,High Risk,0.0,Budget Buyers
13389.0,11,3,797.96,4,3,3,433,3,Low Risk,345.7826666666666,Budget Buyers
13390.0,75,1,544.08,2,1,2,212,3,Low Risk,0.0,Budget Buyers
13391.0,204,1,59.8,1,1,1,111,1,High Risk,0.0,Loyal Customers
13394.0,2,8,2520.02,4,4,4,444,3,Low Risk,1335.339630107527,Budget Buyers
13395.0,185,1,307.72,1,1,2,112,1,High Risk,0.0,Loyal Customers
13396.0,29,2,1360.99,3,2,3,323,3,Low Risk,611.917984496124,Budget Buyers
13397.0,73,5,1544.13,2,4,3,243,3,Low Risk,1801.4850000000001,Budget Buyers
13398.0,192,1,457.34,1,1,2,112,1,High Risk,0.0,Loyal Customers
13402.0,127,2,621.23,2,2,2,222,3,High Risk,259.11131623931624,Budget Buyers
13403.0,18,1,75.0,4,1,1,411,3,Low Risk,0.0,Budget Buyers
13404.0,1,2,252.49,4,2,1,421,3,Low Risk,322.8811515151515,Budget Buyers
13405.0,74,3,572.451,2,3,2,232,3,Low Risk,515.2058999999999,Budget Buyers
13408.0,2,62,28117.04,4,4,4,444,0,Low Risk,45100.98703486751,VIP Customers
13410.0,24,5,1003.06,3,4,3,343,3,Low Risk,1594.1489285714285,Budget Buyers
13411.0,107,1,213.55,2,1,1,211,3,High Risk,0.0,Budget Buyers
13414.0,134,3,1390.5,2,3,3,233,3,High Risk,938.5875000000001,Budget Buyers
13416.0,44,2,712.5,3,2,3,323,3,Low Risk,92.5,Budget Buyers
13417.0,5,2,640.83,4,2,2,422,3,Low Risk,305.1571428571429,Budget Buyers
13418.0,12,18,6127.43,4,4,4,444,0,Low Risk,4353.700263157895,VIP Customers
13419.0,64,1,221.06,2,1,1,211,3,Low Risk,0.0,Budget Buyers
13420.0,150,2,159.85,1,2,1,121,1,High Risk,26.641666666666666,Loyal Customers
13421.0,40,2,1851.08,3,2,4,324,3,Low Risk,295.46084615384615,Budget Buyers
13422.0,64,1,2626.3,2,1,4,214,3,Low Risk,0.0,Budget Buyers
13425.0,108,3,1624.21,2,3,3,233,3,High Risk,387.3116153846154,Budget Buyers
13426.0,1,10,3641.32,4,4,4,444,3,Low Risk,2767.7124416135885,Budget Buyers
13427.0,19,3,582.6,3,3,2,332,3,Low Risk,391.74827586206897,Budget Buyers
13428.0,10,1,218.47,4,1,1,411,3,Low Risk,0.0,Budget Buyers
13429.0,11,4,1006.8,4,3,3,433,3,Low Risk,128.22925373134328,Budget Buyers
13430.0,19,2,679.45,3,2,3,323,3,Low Risk,61.93625850340137,Budget Buyers
13431.0,67,2,1269.1,2,2,3,223,3,Low Risk,38.62478260869565,Budget Buyers
13434.0,74,2,534.24,2,2,2,222,3,Low Risk,78.3552,Budget Buyers
13435.0,5,7,3809.8900000000003,4,4,4,444,3,Low Risk,1610.715871287129,Budget Buyers
13436.0,2,1,196.89,4,1,1,411,3,Low Risk,0.0,Budget Buyers
13437.0,14,7,3408.06,4,4,4,444,3,Low Risk,833.3080838323353,Budget Buyers
13439.0,255,1,283.71,1,1,1,111,1,High Risk,0.0,Loyal Customers
13441.0,92,1,296.64,2,1,1,211,3,High Risk,0.0,Budget Buyers
13447.0,23,3,1129.14,3,3,3,333,3,Low Risk,22.965559322033904,Budget Buyers
13448.0,17,6,3539.37,4,4,4,444,3,Low Risk,1295.9539384615384,Budget Buyers
13449.0,24,1,291.88,3,1,1,311,3,Low Risk,0.0,Budget Buyers
13450.0,27,6,2043.7199999999998,3,4,4,344,3,Low Risk,1099.5789295774648,Budget Buyers
13451.0,26,5,2976.15,3,4,4,344,3,Low Risk,344.86613995485334,Budget Buyers
13452.0,259,2,590.0,1,2,2,122,1,High Risk,216.33333333333331,Loyal Customers
13453.0,166,2,356.97999999999996,1,2,2,122,1,High Risk,172.19035294117643,Loyal Customers
13455.0,25,2,1058.34,3,2,3,323,3,Low Risk,523.0346956521739,Budget Buyers
13456.0,18,6,1766.72,4,4,4,444,3,Low Risk,1060.032,Budget Buyers
13458.0,7,14,9646.57,4,4,4,444,0,Low Risk,4148.193452006981,VIP Customers
13460.0,29,2,183.44,3,2,1,321,3,Low Risk,14.387450980392156,Budget Buyers
13461.0,39,3,1445.0,3,3,3,333,3,Low Risk,663.6296296296297,Budget Buyers
13462.0,253,1,151.5,1,1,1,111,1,High Risk,0.0,Loyal Customers
13464.0,58,1,674.68,2,1,3,213,3,Low Risk,0.0,Budget Buyers
13466.0,184,1,307.9,1,1,2,112,1,High Risk,0.0,Loyal Customers
13467.0,11,2,1083.71,4,2,3,423,3,Low Risk,18.244276094276096,Budget Buyers
13468.0,2,37,5704.97,4,4,4,444,0,Low Risk,8643.722206401768,VIP Customers
13470.0,99,2,165.0,2,2,1,221,3,High Risk,16.5,Budget Buyers
13471.0,1,4,2531.58,4,3,4,434,3,Low Risk,59.71932307692308,Budget Buyers
13473.0,61,2,422.64,2,2,2,222,3,Low Risk,364.9462857142857,Budget Buyers
13474.0,236,1,229.59,1,1,1,111,1,High Risk,0.0,Loyal Customers
13475.0,191,4,1431.78,1,3,3,133,1,High Risk,237.52009302325584,Loyal Customers
13476.0,179,2,1238.47,1,2,3,123,1,High Risk,145.19993103448274,Loyal Customers
13477.0,38,6,1454.58,3,4,3,343,3,Low Risk,931.6676962025317,Budget Buyers
13479.0,201,2,300.95,1,2,1,121,1,High Risk,44.13933333333333,Loyal Customers
13481.0,46,5,1804.56,3,4,4,344,3,Low Risk,582.2051376146788,Budget Buyers
13482.0,232,1,184.64,1,1,1,111,1,High Risk,0.0,Loyal Customers
13483.0,66,1,140.34,2,1,1,211,3,Low Risk,0.0,Budget Buyers
13484.0,241,1,313.8,1,1,2,112,1,High Risk,0.0,Loyal Customers
13485.0,233,1,454.24,1,1,2,112,1,High Risk,0.0,Loyal Customers
13486.0,78,3,1122.41,2,3,3,233,3,Low Risk,123.62776811594203,Budget Buyers
13487.0,58,3,575.4,2,3,2,232,3,Low Risk,499.24411764705883,Budget Buyers
13488.0,17,13,8968.31,4,4,4,444,0,Low Risk,3223.207780410742,VIP Customers
13489.0,105,4,449.52,2,3,2,232,3,High Risk,809.136,Budget Buyers
13491.0,52,10,1215.82,2,4,3,243,3,Low Risk,1507.993798449612,Budget Buyers
13492.0,136,3,1269.84,2,3,3,233,3,High Risk,198.09504,Budget Buyers
13493.0,275,2,618.63,1,2,2,122,1,High Risk,56.70775,Loyal Customers
13494.0,312,1,316.26000000000005,1,1,2,112,1,High Risk,0.0,Loyal Customers
13495.0,8,5,2044.8700000000001,4,4,4,444,3,Low Risk,2556.0875,Budget Buyers
13496.0,11,2,653.33,4,2,2,422,3,Low Risk,434.30889523809526,Budget Buyers
13497.0,283,2,348.05,1,2,2,122,1,High Risk,103.80438596491229,Loyal Customers
13499.0,18,5,1159.11,4,4,3,443,3,Low Risk,1159.11,Budget Buyers
13500.0,23,3,1166.77,3,3,3,333,3,Low Risk,177.70804615384617,Budget Buyers
13501.0,288,1,1340.32,1,1,3,113,1,High Risk,0.0,Loyal Customers
13502.0,17,3,292.0,4,3,1,431,3,Low Risk,498.0222222222222,Budget Buyers
13503.0,71,1,216.85,2,1,1,211,3,Low Risk,0.0,Budget Buyers
13504.0,64,1,295.93,2,1,1,211,3,Low Risk,0.0,Budget Buyers
13505.0,73,4,4393.63,2,3,4,234,3,Low Risk,433.23235348837204,Budget Buyers
13506.0,316,2,458.52,1,2,2,122,1,High Risk,62.31169230769231,Loyal Customers
13507.0,3,4,2479.16,4,3,4,434,3,Low Risk,289.74544855967076,Budget Buyers
13508.0,244,1,110.97,1,1,1,111,1,High Risk,0.0,Loyal Customers
13509.0,9,7,979.72,4,4,3,443,3,Low Risk,1428.7583333333334,Budget Buyers
13510.0,1,4,1791.56,4,3,4,434,3,Low Risk,378.04512463768117,Budget Buyers
13512.0,261,1,251.21,1,1,1,111,1,High Risk,0.0,Loyal Customers
13513.0,127,1,205.1,2,1,1,211,3,High Risk,0.0,Budget Buyers
13514.0,74,1,152.20000000000002,2,1,1,211,3,Low Risk,0.0,Budget Buyers
13515.0,73,4,891.12,2,3,3,233,3,Low Risk,352.42033898305084,Budget Buyers
13516.0,21,3,1389.41,3,3,3,333,3,Low Risk,685.23175,Budget Buyers
13517.0,60,3,2128.42,2,3,4,234,3,Low Risk,181.1421276595745,Budget Buyers
13518.0,86,1,659.4399999999999,2,1,2,212,3,Low Risk,0.0,Budget Buyers
13519.0,78,1,122.75,2,1,1,211,3,Low Risk,0.0,Budget Buyers
13520.0,59,6,3624.35,2,4,4,244,3,Low Risk,2431.8219354838707,Budget Buyers
13521.0,1,3,1093.65,4,3,3,433,3,Low Risk,2.006697247706422,Budget Buyers
13522.0,30,1,125.80000000000001,3,1,1,311,3,Low Risk,0.0,Budget Buyers
13523.0,33,5,3964.88,3,4,4,344,3,Low Risk,1279.3653488372092,Budget Buyers
13524.0,41,5,680.1800000000001,3,4,3,343,3,Low Risk,751.5569135802469,Budget Buyers
13525.0,15,2,628.78,4,2,2,422,3,Low Risk,1627.8415555555555,Budget Buyers
13527.0,34,7,2287.51,3,4,4,344,3,Low Risk,701.2979088191332,Budget Buyers
13529.0,79,2,307.76,2,2,2,222,3,Low Risk,170.9777777777778,Budget Buyers
13531.0,205,2,483.8,1,2,2,122,1,High Risk,236.03575757575757,Loyal Customers
13532.0,34,1,210.31,3,1,1,311,3,Low Risk,0.0,Budget Buyers
13533.0,183,3,270.79,1,3,1,131,1,High Risk,29.92942105263158,Loyal Customers
13534.0,2,25,5870.08,4,4,4,444,0,Low Risk,5866.774774774775,VIP Customers
13536.0,1,7,3448.29,4,4,4,444,3,Low Risk,332.6283463687151,Budget Buyers
13538.0,43,7,1280.85,3,4,3,343,3,Low Risk,3251.6512,Budget Buyers
13539.0,86,3,631.34,2,3,2,232,3,Low Risk,380.5103243243243,Budget Buyers
13544.0,40,2,291.41,3,2,1,321,3,Low Risk,44.66053639846744,Budget Buyers
13546.0,12,3,626.99,4,3,2,432,3,Low Risk,120.2797142857143,Budget Buyers
13548.0,96,2,682.41,2,2,3,223,3,High Risk,53.93240322580645,Budget Buyers
13549.0,26,7,918.2,3,4,3,343,3,Low Risk,907.3976470588236,Budget Buyers
13551.0,319,1,91.80000000000001,1,1,1,111,1,High Risk,0.0,Loyal Customers
13552.0,66,12,3740.07,2,4,4,244,3,Low Risk,3417.5318532110095,Budget Buyers
13555.0,74,4,4149.28,2,3,4,234,3,Low Risk,520.6939607843137,Budget Buyers
13557.0,28,2,584.06,3,2,2,322,3,Low Risk,288.59435294117645,Budget Buyers
13558.0,6,4,605.06,4,3,2,432,3,Low Risk,28.581881904761904,Budget Buyers
13560.0,7,1,174.37,4,1,1,411,3,Low Risk,0.0,Budget Buyers
13561.0,216,1,141.85999999999999,1,1,1,111,1,High Risk,0.0,Loyal Customers
13562.0,82,3,1799.33,2,3,4,234,3,Low Risk,357.67169512195125,Budget Buyers
13563.0,84,2,777.53,2,2,3,223,3,Low Risk,58.18251700680271,Budget Buyers
13564.0,144,3,1749.02,1,3,4,134,3,High Risk,469.91742168674705,Budget Buyers
13565.0,19,2,240.22,3,2,1,321,3,Low Risk,132.75315789473683,Budget Buyers
13566.0,41,2,874.71,3,2,3,323,3,Low Risk,13.584511363636363,Budget Buyers
13568.0,173,1,192.85,1,1,1,111,1,High Risk,0.0,Loyal Customers
13569.0,17,2,373.75,4,2,2,422,3,Low Risk,102.59803921568628,Budget Buyers
13570.0,243,1,239.49,1,1,1,111,1,High Risk,0.0,Loyal Customers
13571.0,13,12,2092.32,4,4,4,444,3,Low Risk,589.0402346041056,Budget Buyers
13572.0,206,1,1384.25,1,1,3,113,1,High Risk,0.0,Loyal Customers
13573.0,50,2,294.4,3,2,1,321,3,Low Risk,152.48410256410256,Budget Buyers
13575.0,23,5,732.0699999999999,3,4,3,343,3,Low Risk,403.1689855072463,Budget Buyers
13576.0,10,18,6717.34,4,4,4,444,0,Low Risk,11579.414666666666,VIP Customers
13577.0,25,4,1687.6000000000001,3,3,4,334,3,Low Risk,585.5768674698796,Budget Buyers
13579.0,15,2,467.04,4,2,2,422,3,Low Risk,479.2236521739131,Budget Buyers
13581.0,309,1,118.0,1,1,1,111,1,High Risk,0.0,Loyal Customers
13583.0,156,1,781.03,1,1,3,113,1,High Risk,0.0,Loyal Customers
13584.0,307,1,142.4,1,1,1,111,1,High Risk,0.0,Loyal Customers
13587.0,64,1,712.4,2,1,3,213,3,Low Risk,0.0,Budget Buyers
13588.0,16,9,2478.95,4,4,4,444,3,Low Risk,1021.4983620689654,Budget Buyers
13589.0,15,2,379.65,4,2,2,422,3,Low Risk,197.65904761904764,Budget Buyers
13590.0,11,6,1981.92,4,4,4,444,3,Low Risk,1325.8361379310345,Budget Buyers
13591.0,65,3,1117.13,2,3,3,233,3,Low Risk,389.0694137931035,Budget Buyers
13592.0,36,4,247.95999999999998,3,3,1,331,3,Low Risk,471.12399999999997,Budget Buyers
13593.0,108,5,2037.0800000000002,2,4,4,244,3,High Risk,602.1056770833334,Budget Buyers
13594.0,53,1,396.97,2,1,2,212,3,Low Risk,0.0,Budget Buyers
13596.0,6,2,697.04,4,2,3,423,3,Low Risk,1.9595502008032128,Budget Buyers
13598.0,47,1,180.17000000000002,3,1,1,311,3,Low Risk,0.0,Budget Buyers
13599.0,1,21,5153.67,4,4,4,444,0,Low Risk,5331.023016194332,VIP Customers
13600.0,312,1,219.52,1,1,1,111,1,High Risk,0.0,Loyal Customers
13601.0,45,2,693.32,3,2,3,323,3,Low Risk,77.50243771043772,Budget Buyers
13602.0,65,1,428.89,2,1,2,212,3,Low Risk,0.0,Budget Buyers
13603.0,26,1,164.34,3,1,1,311,3,Low Risk,0.0,Budget Buyers
13606.0,29,3,280.53999999999996,3,3,1,331,3,Low Risk,183.98204651162789,Budget Buyers
13607.0,40,1,678.01,3,1,3,313,3,Low Risk,0.0,Budget Buyers
13610.0,12,7,1131.88,4,4,3,443,3,Low Risk,319.0298938053097,Budget Buyers
13611.0,89,3,1171.8,2,3,3,233,3,Low Risk,427.5486486486486,Budget Buyers
13614.0,24,4,1610.46,3,3,3,333,3,Low Risk,326.8993432835821,Budget Buyers
13615.0,319,1,417.69,1,1,2,112,1,High Risk,0.0,Loyal Customers
13617.0,40,3,544.18,3,3,2,332,3,Low Risk,173.14818181818183,Budget Buyers
13618.0,174,1,177.34,1,1,1,111,1,High Risk,0.0,Loyal Customers
13621.0,117,1,213.85,2,1,1,211,3,High Risk,0.0,Budget Buyers
13623.0,31,5,747.78,3,4,3,343,3,Low Risk,409.2787654320988,Budget Buyers
13626.0,253,1,257.23,1,1,1,111,1,High Risk,0.0,Loyal Customers
13627.0,59,5,1638.47,2,4,3,243,3,Low Risk,884.53634057971,Budget Buyers
13629.0,23,11,7792.36,3,4,4,344,3,Low Risk,15254.53525423729,Budget Buyers
13630.0,5,7,2031.78,4,4,4,444,3,Low Risk,1869.6191549295777,Budget Buyers
13631.0,100,11,3070.42,2,4,4,244,3,High Risk,17092.004666666668,Budget Buyers
13632.0,25,5,2121.27,3,4,4,344,3,Low Risk,527.8959589041096,Budget Buyers
13634.0,33,5,1575.16,3,4,3,343,3,Low Risk,409.15060283687956,Budget Buyers
13635.0,68,1,1071.03,2,1,3,213,3,Low Risk,0.0,Budget Buyers
13636.0,37,5,949.12,3,4,3,343,3,Low Risk,622.7030687830688,Budget Buyers
13637.0,52,3,810.5,2,3,3,233,3,Low Risk,139.63069306930691,Budget Buyers
13638.0,16,1,122.64,4,1,1,411,3,Low Risk,0.0,Budget Buyers
13639.0,74,1,1033.34,2,1,3,213,3,Low Risk,0.0,Budget Buyers
13642.0,216,1,354.8,1,1,2,112,1,High Risk,0.0,Loyal Customers
13643.0,31,3,519.44,3,3,2,332,3,Low Risk,285.69200000000006,Budget Buyers
13644.0,16,4,2624.26,4,3,4,434,3,Low Risk,213.2960182648402,Budget Buyers
13645.0,120,1,252.1,2,1,1,211,3,High Risk,0.0,Budget Buyers
13647.0,10,4,1678.1200000000001,4,3,4,434,3,Low Risk,637.260759493671,Budget Buyers
13649.0,257,2,346.6,1,2,2,122,1,High Risk,109.50550724637682,Loyal Customers
13650.0,17,6,1836.34,4,4,4,444,3,Low Risk,956.4270833333335,Budget Buyers
13651.0,35,2,94.2,3,2,1,321,3,Low Risk,4.1866666666666665,Budget Buyers
13652.0,46,3,1095.08,3,3,3,333,3,Low Risk,559.7075555555555,Budget Buyers
13654.0,43,6,2707.33,3,4,4,344,3,Low Risk,750.2239759036145,Budget Buyers
13655.0,114,2,932.97,2,2,3,223,3,High Risk,141.05617857142857,Budget Buyers
13656.0,165,2,379.65,1,2,2,122,1,High Risk,88.84326530612245,Loyal Customers
13657.0,11,2,382.14,4,2,2,422,3,Low Risk,302.5275,Budget Buyers
13658.0,10,5,2639.17,4,4,4,444,3,Low Risk,790.1218827160495,Budget Buyers
13659.0,206,2,1573.2,1,2,3,123,1,High Risk,115.97307692307693,Loyal Customers
13662.0,86,3,897.76,2,3,3,233,3,Low Risk,293.0424150943396,Budget Buyers
13663.0,179,1,189.47,1,1,1,111,1,High Risk,0.0,Loyal Customers
13666.0,60,3,84.65,2,3,1,231,3,Low Risk,160.12958333333333,Budget Buyers
13667.0,149,1,305.02,1,1,1,111,1,High Risk,0.0,Loyal Customers
13668.0,3,21,6363.59,4,4,4,444,0,Low Risk,3402.489717021277,VIP Customers
13669.0,51,2,218.55,3,2,1,321,3,Low Risk,158.6511111111111,Budget Buyers
13670.0,75,1,349.7,2,1,2,212,3,Low Risk,0.0,Budget Buyers
13672.0,301,2,186.39000000000001,1,2,1,121,1,High Risk,62.13,Loyal Customers
13673.0,19,2,396.92,3,2,2,322,3,Low Risk,5.292266666666667,Budget Buyers
13675.0,151,2,486.82000000000005,1,2,2,122,1,High Risk,172.6588266666667,Loyal Customers
13678.0,152,1,232.6,1,1,1,111,1,High Risk,0.0,Loyal Customers
13680.0,1,4,3722.42,4,3,4,434,3,Low Risk,857.7473777777776,Budget Buyers
13681.0,18,4,827.83,4,3,3,433,3,Low Risk,265.29288888888885,Budget Buyers
13682.0,187,1,59.5,1,1,1,111,1,High Risk,0.0,Loyal Customers
13684.0,286,1,67.23,1,1,1,111,1,High Risk,0.0,Loyal Customers
13685.0,3,7,3119.44,4,4,4,444,3,Low Risk,1063.8090256410258,Budget Buyers
13686.0,183,1,72.0,1,1,1,111,1,High Risk,0.0,Loyal Customers
13689.0,63,1,910.0,2,1,3,213,3,Low Risk,0.0,Budget Buyers
13690.0,59,1,172.25,2,1,1,211,3,Low Risk,0.0,Budget Buyers
13692.0,25,3,1488.32,3,3,3,333,3,Low Risk,592.5198490566038,Budget Buyers
13694.0,4,50,65039.62,4,4,4,444,0,Low Risk,70421.41954225354,VIP Customers
13695.0,31,15,2504.13,3,4,4,344,0,Low Risk,3171.898,VIP Customers
13697.0,39,1,151.29999999999998,3,1,1,311,3,Low Risk,0.0,Budget Buyers
13699.0,155,1,308.58000000000004,1,1,2,112,1,High Risk,0.0,Loyal Customers
13700.0,26,10,2265.12,3,4,4,344,3,Low Risk,1149.8071065989848,Budget Buyers
13703.0,318,1,99.5,1,1,1,111,1,High Risk,0.0,Loyal Customers
13704.0,5,9,2308.06,4,4,4,444,3,Low Risk,428.885776119403,Budget Buyers
13705.0,8,3,711.86,4,3,3,433,3,Low Risk,930.5027142857143,Budget Buyers
13706.0,303,1,330.79,1,1,2,112,1,High Risk,0.0,Loyal Customers
13707.0,267,2,806.41,1,2,3,123,1,High Risk,53.76066666666667,Loyal Customers
13708.0,271,1,296.88,1,1,1,111,1,High Risk,0.0,Loyal Customers
13709.0,4,13,6328.05,4,4,4,444,0,Low Risk,2538.125610119048,VIP Customers
13710.0,32,1,180.48,3,1,1,311,3,Low Risk,0.0,Budget Buyers
13711.0,219,2,252.06,1,2,1,121,1,High Risk,0.0,Loyal Customers
13712.0,247,1,228.84,1,1,1,111,1,High Risk,0.0,Loyal Customers
13715.0,281,5,1079.34,1,4,3,143,1,High Risk,155.90466666666666,Loyal Customers
13716.0,269,1,138.28,1,1,1,111,1,High Risk,0.0,Loyal Customers
13717.0,32,6,1445.01,3,4,3,343,3,Low Risk,753.6718823529412,Budget Buyers
13718.0,246,2,306.55,1,2,1,121,1,High Risk,83.44972222222222,Loyal Customers
13719.0,15,5,1041.68,4,4,3,443,3,Low Risk,633.6886666666667,Budget Buyers
13720.0,117,4,799.9,2,3,3,233,3,High Risk,342.2827906976744,Budget Buyers
13721.0,36,1,524.14,3,1,2,312,3,Low Risk,0.0,Budget Buyers
13722.0,132,3,2375.41,2,3,4,234,3,High Risk,421.98459999999994,Budget Buyers
13723.0,217,1,199.85000000000002,1,1,1,111,1,High Risk,0.0,Loyal Customers
13725.0,50,8,1980.56,3,4,4,344,3,Low Risk,1310.2166153846154,Budget Buyers
13726.0,39,2,1079.6599999999999,3,2,3,323,3,Low Risk,104.53850793650791,Budget Buyers
13727.0,29,2,333.48,3,2,2,322,3,Low Risk,4.4464,Budget Buyers
13728.0,37,6,1016.14,3,4,3,343,3,Low Risk,880.6546666666666,Budget Buyers
13730.0,136,2,752.6,2,2,3,223,3,High Risk,29.17054263565892,Budget Buyers
13731.0,219,2,610.59,1,2,2,122,1,High Risk,28.922684210526317,Loyal Customers
13732.0,28,1,491.86,3,1,2,312,3,Low Risk,0.0,Budget Buyers
13735.0,25,4,2885.2400000000002,3,3,4,334,3,Low Risk,410.2143945578232,Budget Buyers
13736.0,5,2,731.9,4,2,3,423,3,Low Risk,65.14293193717278,Budget Buyers
13737.0,200,1,339.59999999999997,1,1,2,112,1,High Risk,0.0,Loyal Customers
13739.0,18,1,216.9,4,1,1,411,3,Low Risk,0.0,Budget Buyers
13740.0,241,1,350.75,1,1,2,112,1,High Risk,0.0,Loyal Customers
13741.0,72,3,668.4300000000001,2,3,2,232,3,Low Risk,285.06573529411764,Budget Buyers
13742.0,17,12,3131.02,4,4,4,444,3,Low Risk,1182.1795140186916,Budget Buyers
13743.0,3,7,1341.6,4,4,3,443,3,Low Risk,1954.5912195121948,Budget Buyers
13744.0,95,2,1156.36,2,2,3,223,3,High Risk,210.92862962962957,Budget Buyers
13745.0,162,1,300.04,1,1,1,111,1,High Risk,0.0,Loyal Customers
13747.0,374,1,79.6,1,1,1,111,1,High Risk,0.0,Loyal Customers
13748.0,96,5,948.25,2,4,3,243,3,High Risk,1569.1279761904766,Budget Buyers
13750.0,54,5,1647.26,2,4,3,243,3,Low Risk,3237.3234722222223,Budget Buyers
13751.0,288,1,296.25,1,1,1,111,1,High Risk,0.0,Loyal Customers
13752.0,124,6,1186.28,2,4,3,243,3,High Risk,380.85831578947364,Budget Buyers
13753.0,288,1,741.26,1,1,3,113,1,High Risk,0.0,Loyal Customers
13754.0,152,2,282.59999999999997,1,2,1,121,1,High Risk,259.04999999999995,Loyal Customers
13755.0,4,9,2161.35,4,4,4,444,3,Low Risk,111.85934210526315,Budget Buyers
13756.0,2,14,5189.52,4,4,4,444,0,Low Risk,6224.987605633803,VIP Customers
13758.0,12,7,3190.55,4,4,4,444,3,Low Risk,2297.0142022792024,Budget Buyers
13759.0,33,2,659.4100000000001,3,2,2,322,3,Low Risk,65.06178666666668,Budget Buyers
13760.0,54,2,286.79,2,2,1,221,3,Low Risk,67.75623391812866,Budget Buyers
13761.0,50,2,1070.65,3,2,3,323,3,Low Risk,131.537,Budget Buyers
13762.0,219,1,306.72,1,1,1,111,1,High Risk,0.0,Loyal Customers
13763.0,63,1,1714.96,2,1,4,214,3,Low Risk,0.0,Budget Buyers
13764.0,71,3,1521.76,2,3,3,233,3,Low Risk,194.60969230769234,Budget Buyers
13767.0,2,37,17220.36,4,4,4,444,0,Low Risk,21411.583489130437,VIP Customers
13769.0,2,10,2796.51,4,4,4,444,3,Low Risk,2520.3114814814817,Budget Buyers
13771.0,64,4,2634.45,2,3,4,234,3,Low Risk,537.2211764705881,Budget Buyers
13772.0,34,3,1132.13,3,3,3,333,3,Low Risk,131.1224011299435,Budget Buyers
13774.0,82,1,345.0,2,1,2,212,3,Low Risk,0.0,Budget Buyers
13777.0,1,33,25977.16,4,4,4,444,0,Low Risk,53958.64909644671,VIP Customers
13778.0,103,1,178.7,2,1,1,211,3,High Risk,0.0,Budget Buyers
13780.0,7,2,360.01,4,2,2,422,3,Low Risk,68.63348538011697,Budget Buyers
13781.0,251,1,127.84,1,1,1,111,1,High Risk,0.0,Loyal Customers
13782.0,13,6,912.0,4,4,3,443,3,Low Risk,499.61739130434785,Budget Buyers
13784.0,10,11,2462.79,4,4,4,444,3,Low Risk,9379.787290322578,Budget Buyers
13786.0,367,1,230.39999999999998,1,1,1,111,1,High Risk,0.0,Loyal Customers
13787.0,76,2,309.04,2,2,2,222,3,Low Risk,191.40541935483873,Budget Buyers
13790.0,4,1,348.8,4,1,2,412,3,Low Risk,0.0,Budget Buyers
13791.0,128,2,1516.0,2,2,3,223,3,High Risk,367.5151515151515,Budget Buyers
13792.0,66,2,195.55,2,2,1,221,3,Low Risk,221.62333333333333,Budget Buyers
13798.0,1,57,37153.85,4,4,4,444,0,Low Risk,74839.99011461319,VIP Customers
13799.0,117,2,688.86,2,2,3,223,3,High Risk,208.42430769230768,Budget Buyers
13800.0,310,1,558.32,1,1,2,112,1,High Risk,0.0,Loyal Customers
13801.0,67,1,324.8,2,1,2,212,3,Low Risk,0.0,Budget Buyers
13802.0,139,3,4599.42,2,3,4,234,3,High Risk,1318.5004000000001,Budget Buyers
13803.0,255,1,277.07,1,1,1,111,1,High Risk,0.0,Loyal Customers
13804.0,31,7,2635.79,3,4,4,344,3,Low Risk,1162.6976326034062,Budget Buyers
13805.0,52,2,924.6,2,2,3,223,3,Low Risk,360.35692307692307,Budget Buyers
13806.0,64,1,256.38,2,1,1,211,3,Low Risk,0.0,Budget Buyers
13807.0,367,1,112.6,1,1,1,111,1,High Risk,0.0,Loyal Customers
13808.0,6,5,1747.66,4,4,4,444,3,Low Risk,348.7654824561404,Budget Buyers
13809.0,305,1,155.05,1,1,1,111,1,High Risk,0.0,Loyal Customers
13810.0,29,3,1499.01,3,3,3,333,3,Low Risk,115.6379142857143,Budget Buyers
13811.0,184,3,814.5,1,3,3,133,1,High Risk,344.5961538461538,Loyal Customers
13812.0,42,3,539.0,3,3,2,332,3,Low Risk,94.325,Budget Buyers
13813.0,40,4,1366.8600000000001,3,3,3,333,3,Low Risk,250.92115942028985,Budget Buyers
13814.0,92,2,1579.12,2,2,3,223,3,High Risk,81.26465497076022,Budget Buyers
13815.0,22,4,4027.36,3,3,4,334,3,Low Risk,903.1049696969698,Budget Buyers
13816.0,24,2,571.6700000000001,3,2,2,322,3,Low Risk,54.444761904761904,Budget Buyers
13817.0,29,2,382.98,3,2,2,322,3,Low Risk,342.5543333333333,Budget Buyers
13819.0,302,3,1140.35,1,3,3,133,1,High Risk,57.0175,Loyal Customers
13821.0,145,2,385.64,1,2,2,122,1,High Risk,50.54716384180791,Loyal Customers
13822.0,6,2,632.0,4,2,2,422,3,Low Risk,14.92222222222222,Budget Buyers
13823.0,19,2,957.66,3,2,3,323,3,Low Risk,114.91919999999999,Budget Buyers
13824.0,33,5,1698.94,3,4,4,344,3,Low Risk,1705.0955797101446,Budget Buyers
13826.0,176,1,189.5,1,1,1,111,1,High Risk,0.0,Loyal Customers
13827.0,58,3,412.05,2,3,2,232,3,Low Risk,37.660483870967745,Budget Buyers
13828.0,22,1,209.49,3,1,1,311,3,Low Risk,0.0,Budget Buyers
13831.0,16,6,2202.99,4,4,4,444,3,Low Risk,2101.77154054054,Budget Buyers
13832.0,19,1,52.199999999999996,3,1,1,311,3,Low Risk,0.0,Budget Buyers
13833.0,159,1,384.8,1,1,2,112,1,High Risk,0.0,Loyal Customers
13835.0,25,4,834.57,3,3,3,333,3,Low Risk,384.408,Budget Buyers
13837.0,212,2,271.24,1,2,1,121,1,High Risk,99.93052631578948,Loyal Customers
13838.0,6,4,691.73,4,3,3,433,3,Low Risk,192.94231417624522,Budget Buyers
13841.0,253,1,85.0,1,1,1,111,1,High Risk,0.0,Loyal Customers
13842.0,59,9,3385.62,2,4,4,244,3,Low Risk,1518.5984854368935,Budget Buyers
13844.0,11,1,361.62,4,1,2,412,3,Low Risk,0.0,Budget Buyers
13845.0,65,1,312.98,2,1,2,212,3,Low Risk,0.0,Budget Buyers
13846.0,25,3,865.0600000000001,3,3,3,333,3,Low Risk,526.9001818181817,Budget Buyers
13848.0,92,3,1255.0,2,3,3,233,3,High Risk,6852.3,Budget Buyers
13849.0,52,2,1537.95,2,2,3,223,3,Low Risk,120.80267326732675,Budget Buyers
13850.0,129,1,1595.48,2,1,3,213,3,High Risk,0.0,Budget Buyers
13851.0,96,3,2651.46,2,3,4,234,3,High Risk,628.4942222222222,Budget Buyers
13853.0,57,1,1090.14,2,1,3,213,3,Low Risk,0.0,Budget Buyers
13854.0,9,25,8109.5199999999995,4,4,4,444,0,Low Risk,21871.129696969696,VIP Customers
13856.0,169,3,388.5,1,3,2,132,1,High Risk,94.35,Loyal Customers
13858.0,57,1,216.17,2,1,1,211,3,Low Risk,0.0,Budget Buyers
13859.0,326,1,201.16,1,1,1,111,1,High Risk,0.0,Loyal Customers
13860.0,1,5,1245.9,4,4,3,443,3,Low Risk,232.2401315789474,Budget Buyers
13862.0,18,8,2209.36,4,4,4,444,3,Low Risk,1330.9142254196643,Budget Buyers
13863.0,248,1,305.78,1,1,1,111,1,High Risk,0.0,Loyal Customers
13865.0,58,4,501.56,2,3,2,232,3,Low Risk,514.9349333333333,Budget Buyers
13866.0,74,1,145.67000000000002,2,1,1,211,3,Low Risk,0.0,Budget Buyers
13867.0,31,3,1015.29,3,3,3,333,3,Low Risk,309.58022950819674,Budget Buyers
13868.0,7,2,3192.54,4,2,4,424,3,Low Risk,199.93684848484853,Budget Buyers
13869.0,123,4,3104.95,2,3,4,234,3,High Risk,314.2034093376764,Budget Buyers
13870.0,2,8,2770.94,4,4,4,444,3,Low Risk,1831.229913043478,Budget Buyers
13871.0,23,13,6403.25,3,4,4,344,0,Low Risk,2361.833680555556,VIP Customers
13873.0,120,3,389.6,2,3,2,232,3,High Risk,321.8434782608695,Budget Buyers
13874.0,358,1,540.45,1,1,2,112,1,High Risk,0.0,Loyal Customers
13875.0,54,5,1786.79,2,4,4,244,3,Low Risk,707.2710416666667,Budget Buyers
13876.0,64,1,122.7,2,1,1,211,3,Low Risk,0.0,Budget Buyers
13877.0,86,1,117.24,2,1,1,211,3,Low Risk,0.0,Budget Buyers
13878.0,55,1,1281.53,2,1,3,213,3,Low Risk,0.0,Budget Buyers
13880.0,21,13,3219.77,3,4,4,344,3,Low Risk,2917.3067575757577,Budget Buyers
13881.0,4,20,17159.52,4,4,4,444,0,Low Risk,19794.502471910113,VIP Customers
13882.0,3,5,1191.13,4,4,3,443,3,Low Risk,186.30494871794872,Budget Buyers
13883.0,11,5,2674.48,4,4,4,444,3,Low Risk,759.6527699530516,Budget Buyers
13884.0,7,5,787.6,4,4,3,443,3,Low Risk,614.0610169491524,Budget Buyers
13885.0,189,2,506.8,1,2,2,122,1,High Risk,13.273333333333333,Loyal Customers
13886.0,71,1,243.56,2,1,1,211,3,Low Risk,0.0,Budget Buyers
13887.0,204,1,349.55,1,1,2,112,1,High Risk,0.0,Loyal Customers
13888.0,120,2,605.63,2,2,2,222,3,High Risk,98.91956666666667,Budget Buyers
13889.0,93,1,416.90000000000003,2,1,2,212,3,High Risk,0.0,Budget Buyers
13890.0,1,10,1883.8100000000002,4,4,4,444,3,Low Risk,2037.9399090909094,Budget Buyers
13892.0,27,4,632.97,3,3,2,332,3,Low Risk,684.5453333333334,Budget Buyers
13893.0,298,1,821.1,1,1,3,113,1,High Risk,0.0,Loyal Customers
13894.0,24,3,564.62,3,3,2,332,3,Low Risk,598.078962962963,Budget Buyers
13895.0,28,4,2593.07,3,3,4,334,3,Low Risk,398.4830734463277,Budget Buyers
13897.0,50,1,311.16,3,1,2,312,3,Low Risk,0.0,Budget Buyers
13898.0,326,1,155.93,1,1,1,111,1,High Risk,0.0,Loyal Customers
13899.0,16,2,388.52,4,2,2,422,3,Low Risk,351.7128421052631,Budget Buyers
13900.0,183,3,740.95,1,3,3,133,1,High Risk,136.12802325581396,Loyal Customers
13901.0,72,5,2867.2,2,4,4,244,3,Low Risk,788.9610738255031,Budget Buyers
13904.0,37,2,332.64,3,2,2,322,3,Low Risk,219.20123076923076,Budget Buyers
13908.0,80,4,2369.55,2,3,4,234,3,Low Risk,507.5757377049181,Budget Buyers
13911.0,57,9,2580.91,2,4,4,244,3,Low Risk,1313.1251554054054,Budget Buyers
13914.0,12,2,626.45,4,2,2,422,3,Low Risk,30.373333333333335,Budget Buyers
13917.0,50,2,272.04,3,2,1,321,3,Low Risk,142.06533333333334,Budget Buyers
13918.0,50,2,1212.8400000000001,3,2,3,323,3,Low Risk,547.1256000000001,Budget Buyers
13919.0,59,2,384.81,2,2,2,222,3,Low Risk,56.80528571428572,Budget Buyers
13922.0,352,1,172.25,1,1,1,111,1,High Risk,0.0,Loyal Customers
13923.0,54,1,351.13,2,1,2,212,3,Low Risk,0.0,Budget Buyers
13924.0,2,6,1838.8500000000001,4,4,4,444,3,Low Risk,220.03333333333336,Budget Buyers
13925.0,93,4,678.25,2,3,3,233,3,High Risk,92.6390243902439,Budget Buyers
13926.0,23,1,223.85000000000002,3,1,1,311,3,Low Risk,0.0,Budget Buyers
13927.0,75,1,348.99,2,1,2,212,3,Low Risk,0.0,Budget Buyers
13928.0,11,4,464.57,4,3,2,432,3,Low Risk,279.8890864197531,Budget Buyers
13929.0,169,2,842.65,1,2,3,123,1,High Risk,979.9707407407408,Loyal Customers
13930.0,58,2,337.34,2,2,2,222,3,Low Risk,103.18635294117648,Budget Buyers
13931.0,96,2,1237.53,2,2,3,223,3,High Risk,263.1529310344828,Budget Buyers
13932.0,295,1,307.4,1,1,2,112,1,High Risk,0.0,Loyal Customers
13933.0,109,2,608.7900000000001,2,2,2,222,3,High Risk,68.8197391304348,Budget Buyers
13934.0,264,1,922.1,1,1,3,113,1,High Risk,0.0,Loyal Customers
13936.0,180,1,376.58,1,1,2,112,1,High Risk,0.0,Loyal Customers
13937.0,169,1,158.85,1,1,1,111,1,High Risk,0.0,Loyal Customers
13938.0,35,1,71.66,3,1,1,311,3,Low Risk,0.0,Budget Buyers
13939.0,23,3,568.55,3,3,2,332,3,Low Risk,363.872,Budget Buyers
13940.0,17,4,839.14,4,3,3,433,3,Low Risk,287.70514285714285,Budget Buyers
13941.0,22,5,5112.96,3,4,4,344,3,Low Risk,6627.911111111111,Budget Buyers
13946.0,79,3,561.5699999999999,2,3,2,232,3,Low Risk,959.7741818181817,Budget Buyers
13947.0,65,1,90.6,2,1,1,211,3,Low Risk,0.0,Budget Buyers
13948.0,361,1,102.0,1,1,1,111,1,High Risk,0.0,Loyal Customers
13949.0,3,6,2427.32,4,4,4,444,3,Low Risk,276.10765000000004,Budget Buyers
13950.0,11,4,745.06,4,3,3,433,3,Low Risk,667.0060952380952,Budget Buyers
13951.0,176,3,674.45,1,3,2,132,1,High Risk,204.06435897435898,Loyal Customers
13952.0,218,2,3251.071,1,2,4,124,1,High Risk,31.640593673965938,Loyal Customers
13953.0,7,7,3515.68,4,4,4,444,3,Low Risk,14150.611999999997,Budget Buyers
13954.0,2,2,439.92,4,2,2,422,3,Low Risk,80.94528,Budget Buyers
13955.0,154,2,322.96,1,2,2,122,1,High Risk,98.5191111111111,Loyal Customers
13956.0,5,5,1026.42,4,4,3,443,3,Low Risk,299.3725,Budget Buyers
13959.0,79,3,598.2,2,3,2,232,3,Low Risk,184.01152173913047,Budget Buyers
13960.0,21,2,230.22,3,2,1,321,3,Low Risk,63.949999999999996,Budget Buyers
13962.0,22,2,169.55,3,2,1,321,3,Low Risk,229.14939393939395,Budget Buyers
13963.0,308,4,664.54,1,3,2,132,1,High Risk,149.3632761904762,Loyal Customers
13967.0,146,1,80.7,1,1,1,111,1,High Risk,0.0,Loyal Customers
13969.0,7,18,9053.94,4,4,4,444,0,Low Risk,3098.009501597445,VIP Customers
13971.0,19,8,2758.26,3,4,4,344,3,Low Risk,1313.1045369127519,Budget Buyers
13972.0,71,2,190.25,2,2,1,221,3,Low Risk,110.76777777777777,Budget Buyers
13973.0,287,1,264.7,1,1,1,111,1,High Risk,0.0,Loyal Customers
13974.0,49,1,413.59000000000003,3,1,2,312,3,Low Risk,0.0,Budget Buyers
13975.0,31,6,2526.28,3,4,4,344,3,Low Risk,366.2358579881657,Budget Buyers
13976.0,207,1,357.98,1,1,2,112,1,High Risk,0.0,Loyal Customers
13978.0,15,2,196.79000000000002,4,2,1,421,3,Low Risk,26.23866666666667,Budget Buyers
13979.0,73,1,869.87,2,1,3,213,3,Low Risk,0.0,Budget Buyers
13980.0,60,1,200.14,2,1,1,211,3,Low Risk,0.0,Budget Buyers
13982.0,39,4,1871.81,3,3,4,334,3,Low Risk,732.9850570570571,Budget Buyers
13983.0,30,12,2603.43,3,4,4,344,3,Low Risk,3279.835177570093,Budget Buyers
13984.0,27,5,920.51,3,4,3,343,3,Low Risk,3250.5509375,Budget Buyers
13985.0,4,15,7060.13,4,4,4,444,0,Low Risk,2614.8629629629627,VIP Customers
13986.0,17,1,320.46,4,1,2,412,3,Low Risk,0.0,Budget Buyers
13988.0,20,6,4147.96,3,4,4,344,3,Low Risk,829.592,Budget Buyers
13989.0,66,2,1266.08,2,2,3,223,3,Low Risk,356.14933333333335,Budget Buyers
13990.0,213,1,311.3,1,1,2,112,1,High Risk,0.0,Loyal Customers
13991.0,12,6,855.97,4,4,3,443,3,Low Risk,266.981119047619,Budget Buyers
13992.0,30,1,76.8,3,1,1,311,3,Low Risk,0.0,Budget Buyers
13993.0,43,9,3466.36,3,4,4,344,3,Low Risk,2466.5586446280995,Budget Buyers
13994.0,4,6,2313.14,4,4,4,444,3,Low Risk,429.7963354838709,Budget Buyers
13995.0,15,5,1393.69,4,4,3,443,3,Low Risk,621.2184108527132,Budget Buyers
13999.0,10,12,3901.81,4,4,4,444,3,Low Risk,2633.7217499999997,Budget Buyers
14000.0,211,1,635.66,1,1,2,112,1,High Risk,0.0,Loyal Customers
14001.0,46,3,2043.0800000000002,3,3,4,334,3,Low Risk,1713.0440000000003,Budget Buyers
14002.0,134,2,529.73,2,2,2,222,3,High Risk,16.53058156028369,Budget Buyers
14004.0,43,7,4582.64,3,4,4,344,3,Low Risk,1532.0131773879143,Budget Buyers
14005.0,10,5,2874.72,4,4,4,444,3,Low Risk,1174.9847619047616,Budget Buyers
14006.0,116,3,962.19,2,3,3,233,3,High Risk,628.6307999999999,Budget Buyers
14009.0,198,2,695.61,1,2,3,123,1,High Risk,7.728999999999999,Loyal Customers
14012.0,278,1,328.8,1,1,2,112,1,High Risk,0.0,Loyal Customers
14013.0,110,3,473.02,2,3,2,232,3,High Risk,229.55382352941174,Budget Buyers
14014.0,77,1,505.18,2,1,2,212,3,Low Risk,0.0,Budget Buyers
14015.0,53,1,917.34,2,1,3,213,3,Low Risk,0.0,Budget Buyers
14016.0,162,4,4341.21,1,3,4,134,1,High Risk,701.0649689440994,Loyal Customers
14019.0,47,3,1421.61,3,3,3,333,3,Low Risk,196.00986363636363,Budget Buyers
14020.0,17,2,642.8,4,2,2,422,3,Low Risk,78.01504273504273,Budget Buyers
14021.0,155,3,631.9,1,3,2,132,1,High Risk,290.0995454545455,Loyal Customers
14022.0,225,1,440.0,1,1,2,112,1,High Risk,0.0,Loyal Customers
14023.0,7,2,584.07,4,2,2,422,3,Low Risk,303.9676129032258,Budget Buyers
14024.0,122,2,327.7,2,2,2,222,3,High Risk,2.730833333333333,Budget Buyers
14027.0,61,1,104.82,2,1,1,211,3,Low Risk,0.0,Budget Buyers
14029.0,63,2,467.66,2,2,2,222,3,Low Risk,166.2791111111111,Budget Buyers
14030.0,18,8,2360.09,4,4,4,444,3,Low Risk,901.3018600823045,Budget Buyers
14031.0,7,19,17286.86,4,4,4,444,0,Low Risk,15984.583213333335,VIP Customers
14032.0,2,11,2975.59,4,4,4,444,3,Low Risk,2777.217333333333,Budget Buyers
14034.0,22,3,651.8199999999999,3,3,2,332,3,Low Risk,98.87157303370786,Budget Buyers
14035.0,29,5,1428.02,3,4,3,343,3,Low Risk,966.4377777777778,Budget Buyers
14036.0,285,1,626.65,1,1,2,112,1,High Risk,0.0,Loyal Customers
14037.0,176,2,147.20000000000002,1,2,1,121,1,High Risk,65.88952380952382,Loyal Customers
14038.0,78,3,1560.38,2,3,3,233,3,Low Risk,217.09634782608694,Budget Buyers
14039.0,33,1,152.2,3,1,1,311,3,Low Risk,0.0,Budget Buyers
14040.0,41,12,3614.92,3,4,4,344,3,Low Risk,1784.3860425531914,Budget Buyers
14041.0,266,1,141.41,1,1,1,111,1,High Risk,0.0,Loyal Customers
14044.0,27,4,652.82,3,3,2,332,3,Low Risk,117.86160127591707,Budget Buyers
14045.0,109,4,1659.75,2,3,3,233,3,High Risk,9737.2,Budget Buyers
14046.0,284,1,154.99,1,1,1,111,1,High Risk,0.0,Loyal Customers
14047.0,9,5,1308.6100000000001,4,4,3,443,3,Low Risk,2480.906458333334,Budget Buyers
14048.0,305,1,409.93,1,1,2,112,1,High Risk,0.0,Loyal Customers
14049.0,17,4,5681.72,4,3,4,434,3,Low Risk,467.2671366120219,Budget Buyers
14050.0,32,2,746.36,3,2,3,323,3,Low Risk,68.18597530864199,Budget Buyers
14051.0,1,23,15610.390000000001,4,4,4,444,0,Low Risk,20801.464134920636,VIP Customers
14052.0,20,1,225.36,3,1,1,311,3,Low Risk,0.0,Budget Buyers
14053.0,124,2,260.25,2,2,1,221,3,High Risk,151.8125,Budget Buyers
14054.0,65,1,92.46,2,1,1,211,3,Low Risk,0.0,Budget Buyers
14055.0,106,1,725.6400000000001,2,1,3,213,3,High Risk,0.0,Budget Buyers
14056.0,1,23,8214.65,4,4,4,444,0,Low Risk,1605.7932459312838,VIP Customers
14057.0,24,17,6217.96,3,4,4,344,0,Low Risk,4168.660507042254,VIP Customers
14059.0,267,1,183.6,1,1,1,111,1,High Risk,0.0,Loyal Customers
14060.0,5,19,6140.42,4,4,4,444,0,Low Risk,7084.788224422444,VIP Customers
14062.0,10,12,10464.85,4,4,4,444,0,Low Risk,13349.754594594597,VIP Customers
14064.0,29,5,1353.74,3,4,3,343,3,Low Risk,690.9714583333333,Budget Buyers
14066.0,267,1,152.55,1,1,1,111,1,High Risk,0.0,Loyal Customers
14067.0,64,2,374.7,2,2,2,222,3,Low Risk,15.372307692307691,Budget Buyers
14068.0,320,1,265.85,1,1,1,111,1,High Risk,0.0,Loyal Customers
14071.0,4,8,1438.82,4,4,3,443,3,Low Risk,309.0798518518518,Budget Buyers
14073.0,32,1,151.04,3,1,1,311,3,Low Risk,0.0,Budget Buyers
14075.0,5,3,942.26,4,3,3,433,3,Low Risk,560.9733953488372,Budget Buyers
14076.0,129,1,122.47,2,1,1,211,3,High Risk,0.0,Budget Buyers
14077.0,41,5,499.41999999999996,3,4,2,342,3,Low Risk,461.76531746031736,Budget Buyers
14078.0,102,6,1049.37,2,4,3,243,3,High Risk,875.0131384615385,Budget Buyers
14079.0,125,1,375.1,2,1,2,212,3,High Risk,0.0,Budget Buyers
14080.0,33,1,45.599999999999994,3,1,1,311,3,Low Risk,0.0,Budget Buyers
14081.0,302,2,934.52,1,2,3,123,1,High Risk,27.28228322440087,Loyal Customers
14082.0,365,1,182.25,1,1,1,111,1,High Risk,0.0,Loyal Customers
14083.0,4,9,1018.43,4,4,3,443,3,Low Risk,619.4980276243093,Budget Buyers
14085.0,2,18,4448.54,4,4,4,444,0,Low Risk,2170.8875199999998,VIP Customers
14087.0,3,1,194.42,4,1,1,411,3,Low Risk,0.0,Budget Buyers
14088.0,10,13,50491.81,4,4,4,444,0,Low Risk,11589.970648556875,VIP Customers
14089.0,57,1,161.0,2,1,1,211,3,Low Risk,0.0,Budget Buyers
14090.0,325,1,76.32000000000001,1,1,1,111,1,High Risk,0.0,Loyal Customers
14092.0,8,14,4076.91,4,4,4,444,0,Low Risk,3111.660280373831,VIP Customers
14093.0,12,1,442.85,4,1,2,412,3,Low Risk,0.0,Budget Buyers
14096.0,4,17,65164.79,4,4,4,444,0,Low Risk,700.8200528924542,VIP Customers
14098.0,37,1,147.35,3,1,1,311,3,Low Risk,0.0,Budget Buyers
14099.0,16,11,3104.17,4,4,4,444,3,Low Risk,1538.8405413333335,Budget Buyers
14100.0,138,1,194.9,2,1,1,211,3,High Risk,0.0,Budget Buyers
14101.0,74,6,5976.79,2,4,4,244,3,Low Risk,8606.577599999999,Budget Buyers
14102.0,5,5,1360.28,4,4,3,443,3,Low Risk,111.92177215189875,Budget Buyers
14104.0,155,2,216.20999999999998,1,2,1,121,1,High Risk,7.550190476190474,Loyal Customers
14105.0,239,1,1266.23,1,1,3,113,1,High Risk,0.0,Loyal Customers
14107.0,52,7,2703.23,2,4,4,244,3,Low Risk,1599.9605203252033,Budget Buyers
14108.0,31,2,597.91,3,2,2,322,3,Low Risk,82.06607843137256,Budget Buyers
14109.0,73,1,144.2,2,1,1,211,3,Low Risk,0.0,Budget Buyers
14110.0,4,12,5683.15,4,4,4,444,3,Low Risk,3832.483205128205,Budget Buyers
14111.0,14,4,692.85,4,3,3,433,3,Low Risk,2097.026,Budget Buyers
14112.0,23,7,2915.15,3,4,4,344,3,Low Risk,1075.5688854166667,Budget Buyers
14113.0,4,4,1840.42,4,3,4,434,3,Low Risk,2533.284,Budget Buyers
14114.0,274,2,386.53,1,2,2,122,1,High Risk,96.20302222222222,Loyal Customers
14116.0,20,5,1382.74,3,4,3,343,3,Low Risk,323.27949074074075,Budget Buyers
14117.0,144,1,90.0,1,1,1,111,1,High Risk,0.0,Loyal Customers
14121.0,4,4,2780.15,4,3,4,434,3,Low Risk,130.55631027253668,Budget Buyers
14124.0,84,1,419.58000000000004,2,1,2,212,3,Low Risk,0.0,Budget Buyers
14125.0,11,3,2740.43,4,3,4,434,3,Low Risk,109.94539520958082,Budget Buyers
14126.0,8,3,706.1300000000001,4,3,3,433,3,Low Risk,9.415066666666668,Budget Buyers
14127.0,123,3,709.71,2,3,3,233,3,High Risk,301.62675,Budget Buyers
14128.0,61,2,637.5,2,2,2,222,3,Low Risk,180.16304347826085,Budget Buyers
14129.0,2,5,1123.8600000000001,4,4,3,443,3,Low Risk,932.9478846153847,Budget Buyers
14130.0,319,1,483.86,1,1,2,112,1,High Risk,0.0,Loyal Customers
14132.0,2,11,3586.0299999999997,4,4,4,444,3,Low Risk,1189.9642883333331,Budget Buyers
14133.0,130,3,605.64,2,3,2,232,3,High Risk,402.31800000000004,Budget Buyers
14135.0,2,15,4690.31,4,4,4,444,0,Low Risk,6492.929141791045,VIP Customers
14138.0,2,2,982.3800000000001,4,2,3,423,3,Low Risk,86.3937021276596,Budget Buyers
14139.0,46,1,415.82,3,1,2,312,3,Low Risk,0.0,Budget Buyers
14140.0,4,2,935.05,4,2,3,423,3,Low Risk,25.501363636363635,Budget Buyers
14141.0,3,4,915.13,4,3,3,433,3,Low Risk,311.1442,Budget Buyers
14142.0,373,1,311.81,1,1,2,112,1,High Risk,0.0,Loyal Customers
14143.0,134,1,115.8,2,1,1,211,3,High Risk,0.0,Budget Buyers
14145.0,47,4,3742.2,3,3,4,334,3,Low Risk,7711.2,Budget Buyers
14146.0,9,5,4191.0,4,4,4,444,3,Low Risk,1157.5142857142855,Budget Buyers
14147.0,78,2,483.4,2,2,2,222,3,Low Risk,1334.184,Budget Buyers
14148.0,234,1,157.2,1,1,1,111,1,High Risk,0.0,Loyal Customers
14149.0,221,1,446.62,1,1,2,112,1,High Risk,0.0,Loyal Customers
14150.0,36,2,658.64,3,2,2,322,3,Low Risk,547.1778461538462,Budget Buyers
14152.0,75,2,621.29,2,2,2,222,3,Low Risk,133.55621768707482,Budget Buyers
14154.0,239,2,1345.62,1,2,3,123,1,High Risk,0.0,Loyal Customers
14155.0,266,1,118.75,1,1,1,111,1,High Risk,0.0,Loyal Customers
14156.0,10,55,117379.63,4,4,4,444,2,Low Risk,55489.822705952385,At Risk Customers
14157.0,20,2,432.88,3,2,2,322,3,Low Risk,159.3238888888889,Budget Buyers
14158.0,40,1,507.66,3,1,2,312,3,Low Risk,0.0,Budget Buyers
14159.0,20,11,4693.01,3,4,4,344,3,Low Risk,490.2194554263566,Budget Buyers
14161.0,216,3,1110.52,1,3,3,133,1,High Risk,157.32366666666667,Loyal Customers
14162.0,174,2,289.36,1,2,1,121,1,High Risk,91.05194666666667,Loyal Customers
14163.0,87,4,2445.91,2,3,4,234,3,Low Risk,947.0061794871793,Budget Buyers
14164.0,71,2,1631.77,2,2,3,223,3,Low Risk,37.511954022988505,Budget Buyers
14165.0,276,1,122.53999999999999,1,1,1,111,1,High Risk,0.0,Loyal Customers
14167.0,39,4,574.84,3,3,2,332,3,Low Risk,428.9190769230769,Budget Buyers
14171.0,98,1,363.79,2,1,2,212,3,High Risk,0.0,Budget Buyers
14173.0,11,4,450.84,4,3,2,432,3,Low Risk,431.14813793103446,Budget Buyers
14174.0,33,1,134.46,3,1,1,311,3,Low Risk,0.0,Budget Buyers
14175.0,60,3,3222.3,2,3,4,234,3,Low Risk,581.7440939597316,Budget Buyers
14176.0,297,4,576.9000000000001,1,3,2,132,1,High Risk,173.69032258064522,Loyal Customers
14177.0,86,4,559.41,2,3,2,232,3,Low Risk,165.15914285714285,Budget Buyers
14178.0,9,7,1620.93,4,4,3,443,3,Low Risk,200.09645565749238,Budget Buyers
14179.0,41,2,719.78,3,2,3,323,3,Low Risk,3.1990222222222218,Budget Buyers
14180.0,11,25,4748.52,4,4,4,444,0,Low Risk,5952.1379166666675,VIP Customers
14184.0,67,1,452.89,2,1,2,212,3,Low Risk,0.0,Budget Buyers
14185.0,331,1,197.65,1,1,1,111,1,High Risk,0.0,Loyal Customers
14188.0,31,6,2054.36,3,4,4,344,3,Low Risk,1763.5890461538463,Budget Buyers
14189.0,2,15,4654.08,4,4,4,444,0,Low Risk,3213.9495849056602,VIP Customers
14191.0,2,13,4684.76,4,4,4,444,3,Low Risk,1708.7013951093952,Budget Buyers
14193.0,68,2,853.39,2,2,3,223,3,Low Risk,272.2720476190476,Budget Buyers
14194.0,5,21,11349.52,4,4,4,444,0,Low Risk,4157.570279792745,VIP Customers
14195.0,202,2,1012.0,1,2,3,123,1,High Risk,481.904761904762,Loyal Customers
14196.0,107,1,335.52,2,1,2,212,3,High Risk,0.0,Budget Buyers
14198.0,18,4,701.4,4,3,3,433,3,Low Risk,529.9466666666666,Budget Buyers
14199.0,218,1,185.39999999999998,1,1,1,111,1,High Risk,0.0,Loyal Customers
14201.0,60,7,747.44,2,4,3,243,3,Low Risk,1409.3620900900903,Budget Buyers
14204.0,2,1,161.03,4,1,1,411,3,Low Risk,0.0,Budget Buyers
14205.0,17,2,466.7,4,2,2,422,3,Low Risk,320.2080555555555,Budget Buyers
14206.0,239,1,328.15999999999997,1,1,2,112,1,High Risk,0.0,Loyal Customers
14208.0,95,1,151.74,2,1,1,211,3,High Risk,0.0,Budget Buyers
14209.0,11,6,2073.43,4,4,4,444,3,Low Risk,1530.0483448275859,Budget Buyers
14210.0,106,6,1905.8400000000001,2,4,4,244,3,High Risk,990.2894117647061,Budget Buyers
14211.0,53,9,2241.1,2,4,4,244,3,Low Risk,1446.7100892857143,Budget Buyers
14212.0,90,1,1070.48,2,1,3,213,3,Low Risk,0.0,Budget Buyers
14214.0,31,5,1004.38,3,4,3,343,3,Low Risk,614.6205970149252,Budget Buyers
14215.0,12,6,1789.72,4,4,4,444,3,Low Risk,1179.8894814814814,Budget Buyers
14216.0,3,4,1839.3,4,3,4,434,3,Low Risk,141.32474576271184,Budget Buyers
14217.0,2,17,2004.98,4,4,4,444,0,Low Risk,4135.605413333334,VIP Customers
14218.0,43,1,169.48000000000002,3,1,1,311,3,Low Risk,0.0,Budget Buyers
14219.0,4,1,89.94,4,1,1,411,3,Low Risk,0.0,Budget Buyers
14220.0,247,2,632.4,1,2,2,122,1,High Risk,220.83809523809524,Loyal Customers
14221.0,42,9,3432.8,3,4,4,344,3,Low Risk,1579.4437305699485,Budget Buyers
14222.0,177,1,683.17,1,1,3,113,1,High Risk,0.0,Loyal Customers
14223.0,92,3,991.13,2,3,3,233,3,High Risk,282.47205,Budget Buyers
14224.0,110,4,1050.12,2,3,3,233,3,High Risk,247.99444067796608,Budget Buyers
14226.0,29,5,2232.19,3,4,4,344,3,Low Risk,1332.6507462686568,Budget Buyers
14227.0,26,10,3350.96,3,4,4,344,3,Low Risk,1646.7574857142858,Budget Buyers
14229.0,52,3,1547.2,2,3,3,233,3,Low Risk,1086.908,Budget Buyers
14231.0,184,3,925.71,1,3,3,133,1,High Risk,192.54768000000004,Loyal Customers
14232.0,43,5,2048.07,3,4,4,344,3,Low Risk,655.9760434782609,Budget Buyers
14233.0,49,4,1462.72,3,3,3,333,3,Low Risk,1493.3674666666668,Budget Buyers
14234.0,22,4,775.46,3,3,3,333,3,Low Risk,22.759832285115305,Budget Buyers
14235.0,75,5,3144.86,2,4,4,244,3,Low Risk,1227.4242616033757,Budget Buyers
14236.0,81,2,490.86,2,2,2,222,3,Low Risk,634.8456,Budget Buyers
14237.0,373,1,161.0,1,1,1,111,1,High Risk,0.0,Loyal Customers
14238.0,326,1,146.85,1,1,1,111,1,High Risk,0.0,Loyal Customers
14239.0,43,11,2380.85,3,4,4,344,3,Low Risk,2120.090238095238,Budget Buyers
14240.0,30,2,890.34,3,2,3,323,3,Low Risk,275.5814285714286,Budget Buyers
14241.0,184,1,213.70000000000002,1,1,1,111,1,High Risk,0.0,Loyal Customers
14242.0,235,2,280.55,1,2,1,121,1,High Risk,106.37520833333333,Loyal Customers
14243.0,9,10,2588.77,4,4,4,444,3,Low Risk,2184.8484397163124,Budget Buyers
14245.0,220,2,1693.45,1,2,4,124,1,High Risk,44.9495987654321,Loyal Customers
14246.0,111,3,1474.06,2,3,3,233,3,High Risk,265.3308,Budget Buyers
14247.0,278,1,136.76999999999998,1,1,1,111,1,High Risk,0.0,Loyal Customers
14248.0,318,1,302.58,1,1,1,111,1,High Risk,0.0,Loyal Customers
14250.0,7,3,1904.05,4,3,4,434,3,Low Risk,140.65954954954955,Budget Buyers
14251.0,2,5,2879.7000000000003,4,4,4,444,3,Low Risk,338.4262820512821,Budget Buyers
14256.0,260,2,969.0600000000001,1,2,3,123,1,High Risk,126.77011320754718,Loyal Customers
14257.0,64,5,3099.7200000000003,2,4,4,244,3,Low Risk,1237.938490566038,Budget Buyers
14258.0,9,9,12669.98,4,4,4,444,3,Low Risk,11231.766054054053,Budget Buyers
14259.0,142,1,120.0,2,1,1,211,3,High Risk,0.0,Budget Buyers
14261.0,51,2,1163.45,3,2,3,323,3,Low Risk,40.27326923076923,Budget Buyers
14262.0,8,8,2618.23,4,4,4,444,3,Low Risk,1132.7354032634032,Budget Buyers
14264.0,155,2,333.97,1,2,2,122,1,High Risk,117.87176470588237,Loyal Customers
14265.0,109,2,530.18,2,2,2,222,3,High Risk,44.46670967741935,Budget Buyers
14267.0,163,3,1516.24,1,3,3,133,1,High Risk,267.4096,Loyal Customers
14270.0,332,1,492.65000000000003,1,1,2,112,1,High Risk,0.0,Loyal Customers
14271.0,226,1,112.32,1,1,1,111,1,High Risk,0.0,Loyal Customers
14272.0,74,2,437.96,2,2,2,222,3,Low Risk,159.2581818181818,Budget Buyers
14273.0,51,4,559.97,3,3,2,332,3,Low Risk,489.16919540229884,Budget Buyers
14276.0,99,3,1119.74,2,3,3,233,3,High Risk,334.17240625,Budget Buyers
14277.0,15,3,4216.2,4,3,4,434,3,Low Risk,369.1517333333333,Budget Buyers
14280.0,197,1,134.04,1,1,1,111,1,High Risk,0.0,Loyal Customers
14282.0,3,15,3729.34,4,4,4,444,0,Low Risk,4350.896666666667,VIP Customers
14284.0,31,2,595.25,3,2,2,322,3,Low Risk,68.20572916666666,Budget Buyers
14285.0,21,4,1910.01,3,3,4,334,3,Low Risk,1461.982962962963,Budget Buyers
14286.0,24,3,4628.75,3,3,4,334,3,Low Risk,362.034375,Budget Buyers
14287.0,8,3,176.63,4,3,1,431,3,Low Risk,372.8855555555555,Budget Buyers
14288.0,213,1,426.6,1,1,2,112,1,High Risk,0.0,Loyal Customers
14289.0,9,6,911.26,4,4,3,443,3,Low Risk,1085.756595744681,Budget Buyers
14290.0,11,5,2314.65,4,4,4,444,3,Low Risk,1336.8440594059407,Budget Buyers
14291.0,2,11,3883.25,4,4,4,444,3,Low Risk,1640.140611814346,Budget Buyers
14292.0,8,9,4871.93,4,4,4,444,3,Low Risk,4019.3422499999997,Budget Buyers
14293.0,3,4,1046.56,4,3,3,433,3,Low Risk,834.9604371584699,Budget Buyers
14295.0,40,1,166.20000000000002,3,1,1,311,3,Low Risk,0.0,Budget Buyers
14297.0,18,4,1305.33,4,3,3,433,3,Low Risk,721.4404516129031,Budget Buyers
14298.0,8,44,51527.3,4,4,4,444,0,Low Risk,16250.352726532274,VIP Customers
14299.0,8,9,3965.62,4,4,4,444,3,Low Risk,2970.055258741259,Budget Buyers
14300.0,19,1,43.2,3,1,1,311,3,Low Risk,0.0,Budget Buyers
14301.0,117,1,640.14,2,1,2,212,3,High Risk,0.0,Budget Buyers
14304.0,223,1,383.45,1,1,2,112,1,High Risk,0.0,Loyal Customers
14305.0,71,3,1858.96,2,3,4,234,3,Low Risk,113.30803809523809,Budget Buyers
14306.0,51,2,2093.32,3,2,4,324,3,Low Risk,143.78359595959597,Budget Buyers
14307.0,89,6,2995.72,2,4,4,244,3,Low Risk,945.3160888888888,Budget Buyers
14309.0,8,9,2352.53,4,4,4,444,3,Low Risk,2111.2448717948723,Budget Buyers
14311.0,243,1,310.26,1,1,2,112,1,High Risk,0.0,Loyal Customers
14312.0,47,6,1611.59,3,4,3,343,3,Low Risk,1074.3933333333332,Budget Buyers
14314.0,107,1,120.0,2,1,1,211,3,High Risk,0.0,Budget Buyers
14315.0,45,6,2481.13,3,4,4,344,3,Low Risk,1085.8014455445543,Budget Buyers
14317.0,65,1,508.58000000000004,2,1,2,212,3,Low Risk,0.0,Budget Buyers
14320.0,207,2,477.79,1,2,2,122,1,High Risk,129.46567741935485,Loyal Customers
14321.0,11,5,1530.75,4,4,3,443,3,Low Risk,667.8882113821138,Budget Buyers
14323.0,115,2,605.0600000000001,2,2,2,222,3,High Risk,137.8192222222222,Budget Buyers
14326.0,242,1,183.85,1,1,1,111,1,High Risk,0.0,Loyal Customers
14327.0,163,1,311.65,1,1,2,112,1,High Risk,0.0,Loyal Customers
14329.0,17,7,5014.84,4,4,4,444,3,Low Risk,1409.5766486486486,Budget Buyers
14331.0,124,2,462.65999999999997,2,2,2,222,3,High Risk,11.015714285714283,Budget Buyers
14332.0,23,3,866.31,3,3,3,333,3,Low Risk,416.49519230769226,Budget Buyers
14333.0,68,1,415.2,2,1,2,212,3,Low Risk,0.0,Budget Buyers
14334.0,17,8,2552.21,4,4,4,444,3,Low Risk,1432.598534979424,Budget Buyers
14335.0,16,2,468.26,4,2,2,422,3,Low Risk,39.6410582010582,Budget Buyers
14336.0,17,4,1614.91,4,3,3,433,3,Low Risk,619.6469481481481,Budget Buyers
14338.0,161,2,588.22,1,2,2,122,1,High Risk,44.274623655913985,Loyal Customers
14339.0,243,1,309.52,1,1,2,112,1,High Risk,0.0,Loyal Customers
14340.0,219,1,134.7,1,1,1,111,1,High Risk,0.0,Loyal Customers
14341.0,45,8,2182.28,3,4,4,344,3,Low Risk,1231.5502635658916,Budget Buyers
14342.0,21,4,668.5600000000001,3,3,2,332,3,Low Risk,798.0271746031747,Budget Buyers
14344.0,127,8,889.9300000000001,2,4,3,243,3,High Risk,805.5328826291079,Budget Buyers
14345.0,39,1,108.97999999999999,3,1,1,311,3,Low Risk,0.0,Budget Buyers
14346.0,121,2,1021.58,2,2,3,223,3,High Risk,199.77564444444442,Budget Buyers
14348.0,260,1,409.57,1,1,2,112,1,High Risk,0.0,Loyal Customers
14349.0,10,1,133.5,4,1,1,411,3,Low Risk,0.0,Budget Buyers
14350.0,274,1,282.93,1,1,1,111,1,High Risk,0.0,Loyal Customers
14351.0,165,1,51.0,1,1,1,111,1,High Risk,0.0,Loyal Customers
14352.0,157,4,1078.96,1,3,3,133,1,High Risk,355.0620141843971,Loyal Customers
14353.0,215,1,90.6,1,1,1,111,1,High Risk,0.0,Loyal Customers
14354.0,6,2,163.62,4,2,1,421,3,Low Risk,29.088,Budget Buyers
14355.0,366,1,174.4,1,1,1,111,1,High Risk,0.0,Loyal Customers
14356.0,80,2,701.23,2,2,3,223,3,Low Risk,1.4166262626262627,Budget Buyers
14357.0,43,1,225.77,3,1,1,311,3,Low Risk,0.0,Budget Buyers
14359.0,19,3,912.18,3,3,3,333,3,Low Risk,112.77861818181817,Budget Buyers
14360.0,32,4,2128.23,3,3,4,334,3,Low Risk,149.09633898305086,Budget Buyers
14362.0,22,1,161.2,3,1,1,311,3,Low Risk,0.0,Budget Buyers
14364.0,109,8,3717.35,2,4,4,244,3,High Risk,1465.390144927536,Budget Buyers
14367.0,8,16,9261.52,4,4,4,444,0,Low Risk,2516.871083969466,VIP Customers
14368.0,320,1,155.0,1,1,1,111,1,High Risk,0.0,Loyal Customers
14371.0,295,1,100.5,1,1,1,111,1,High Risk,0.0,Loyal Customers
14373.0,358,1,76.55,1,1,1,111,1,High Risk,0.0,Loyal Customers
14375.0,185,1,257.68,1,1,1,111,1,High Risk,0.0,Loyal Customers
14377.0,191,2,617.05,1,2,2,122,1,High Risk,261.7787878787879,Loyal Customers
14379.0,44,2,348.1,3,2,2,322,3,Low Risk,126.6276811594203,Budget Buyers
14381.0,52,1,202.68,2,1,1,211,3,Low Risk,0.0,Budget Buyers
14382.0,26,1,626.0699999999999,3,1,2,312,3,Low Risk,0.0,Budget Buyers
14383.0,38,3,1247.69,3,3,3,333,3,Low Risk,264.34110169491527,Budget Buyers
14385.0,9,3,202.11,4,3,1,431,3,Low Risk,20.211000000000002,Budget Buyers
14386.0,297,1,142.4,1,1,1,111,1,High Risk,0.0,Loyal Customers
14387.0,33,3,1770.56,3,3,4,334,3,Low Risk,96.11611428571427,Budget Buyers
14388.0,10,8,3212.84,4,4,4,444,3,Low Risk,1667.4524444444444,Budget Buyers
14389.0,65,2,1043.46,2,2,3,223,3,Low Risk,193.23333333333338,Budget Buyers
14390.0,10,9,4652.82,4,4,4,444,3,Low Risk,1766.7701118881116,Budget Buyers
14393.0,218,1,67.95,1,1,1,111,1,High Risk,0.0,Loyal Customers
14395.0,2,9,3507.71,4,4,4,444,3,Low Risk,1109.4385628571429,Budget Buyers
14396.0,65,2,487.99,2,2,2,222,3,Low Risk,136.36980821917808,Budget Buyers
14397.0,3,19,2612.96,4,4,4,444,0,Low Risk,3994.525057471264,VIP Customers
14400.0,149,1,574.7,1,1,2,112,1,High Risk,0.0,Loyal Customers
14401.0,4,13,4051.48,4,4,4,444,3,Low Risk,3424.465238095238,Budget Buyers
14403.0,130,4,1475.81,2,3,3,233,3,High Risk,1141.2930666666666,Budget Buyers
14404.0,34,6,1474.32,3,4,3,343,3,Low Risk,959.0236893203883,Budget Buyers
14406.0,119,1,156.75,2,1,1,211,3,High Risk,0.0,Budget Buyers
14407.0,107,6,2157.73,2,4,4,244,3,High Risk,999.0585479452055,Budget Buyers
14408.0,11,7,2606.53,4,4,4,444,3,Low Risk,1438.0575171339565,Budget Buyers
14409.0,71,6,2059.4500000000003,2,4,4,244,3,Low Risk,2265.395,Budget Buyers
14410.0,92,9,1105.07,2,4,3,243,3,High Risk,363.98955154639174,Budget Buyers
14411.0,311,1,1063.0,1,1,3,113,1,High Risk,0.0,Loyal Customers
14412.0,43,2,770.03,3,2,3,323,3,Low Risk,35.8153488372093,Budget Buyers
14413.0,362,1,122.7,1,1,1,111,1,High Risk,0.0,Loyal Customers
14414.0,92,7,1496.98,2,4,3,243,3,High Risk,961.462412371134,Budget Buyers
14415.0,1,13,5900.28,4,4,4,444,3,Low Risk,1555.7404949152542,Budget Buyers
14416.0,22,2,490.22,3,2,2,322,3,Low Risk,46.68761904761905,Budget Buyers
14418.0,4,3,1937.25,4,3,4,434,3,Low Risk,162.4790322580645,Budget Buyers
14419.0,11,6,1058.06,4,4,3,443,3,Low Risk,363.64392233009715,Budget Buyers
14420.0,99,1,387.52,2,1,2,212,3,High Risk,0.0,Budget Buyers
14421.0,57,2,813.11,2,2,3,223,3,Low Risk,309.1825679012346,Budget Buyers
14422.0,1,6,4263.64,4,4,4,444,3,Low Risk,1021.7371531531534,Budget Buyers
14423.0,218,1,265.2,1,1,1,111,1,High Risk,0.0,Loyal Customers
14424.0,18,1,322.08,4,1,2,412,3,Low Risk,0.0,Budget Buyers
14426.0,24,10,4481.67,3,4,4,344,3,Low Risk,1927.3848660714284,Budget Buyers
14427.0,50,2,363.34000000000003,3,2,2,322,3,Low Risk,18.52321568627451,Budget Buyers
14428.0,7,5,1244.83,4,4,3,443,3,Low Risk,456.72582175925925,Budget Buyers
14431.0,303,1,470.36,1,1,2,112,1,High Risk,0.0,Loyal Customers
14432.0,10,6,2255.51,4,4,4,444,3,Low Risk,93.2907277486911,Budget Buyers
14434.0,22,6,1372.8,3,4,3,343,3,Low Risk,1144.0,Budget Buyers
14436.0,99,1,89.06,2,1,1,211,3,High Risk,0.0,Budget Buyers
14437.0,366,1,63.0,1,1,1,111,1,High Risk,0.0,Loyal Customers
14438.0,306,1,131.9,1,1,1,111,1,High Risk,0.0,Loyal Customers
14439.0,320,1,2661.24,1,1,4,114,1,High Risk,0.0,Loyal Customers
14440.0,8,5,2357.6800000000003,4,4,4,444,3,Low Risk,2550.5810909090915,Budget Buyers
14441.0,1,4,1712.89,4,3,4,434,3,Low Risk,1137.448522875817,Budget Buyers
14442.0,205,2,1589.82,1,2,3,123,1,High Risk,188.42311111111113,Loyal Customers
14443.0,54,4,1420.2,2,3,3,233,3,Low Risk,639.3445161290323,Budget Buyers
14446.0,1,4,1039.58,4,3,3,433,3,Low Risk,115.90311717861204,Budget Buyers
14447.0,19,5,1163.23,3,4,3,343,3,Low Risk,722.864357142857,Budget Buyers
14448.0,9,2,375.35,4,2,2,422,3,Low Risk,442.91300000000007,Budget Buyers
14449.0,19,4,907.1,3,3,3,333,3,Low Risk,165.4812919896641,Budget Buyers
14450.0,181,3,483.25,1,3,2,132,1,High Risk,167.92937500000005,Loyal Customers
14451.0,60,2,662.59,2,2,2,222,3,Low Risk,54.30401223241591,Budget Buyers
14452.0,11,2,264.44,4,2,1,421,3,Low Risk,23.60055913978494,Budget Buyers
14453.0,190,1,119.93,1,1,1,111,1,High Risk,0.0,Loyal Customers
14456.0,5,9,3062.4,4,4,4,444,3,Low Risk,129.75736082474228,Budget Buyers
14457.0,311,1,113.64,1,1,1,111,1,High Risk,0.0,Loyal Customers
14459.0,155,1,1837.92,1,1,4,114,1,High Risk,0.0,Loyal Customers
14460.0,110,3,434.34,2,3,2,232,3,High Risk,542.9250000000001,Budget Buyers
14461.0,148,3,2103.06,1,3,4,134,1,High Risk,132.02543333333332,Loyal Customers
14462.0,66,11,2004.02,2,4,4,244,3,Low Risk,835.8433416666667,Budget Buyers
14463.0,98,3,529.62,2,3,2,232,3,High Risk,944.489,Budget Buyers
14465.0,247,3,1058.6200000000001,1,3,3,133,1,High Risk,45.60209230769232,Loyal Customers
14466.0,29,7,2272.4,3,4,4,344,3,Low Risk,2525.9409259259264,Budget Buyers
14467.0,18,4,598.76,4,3,2,432,3,Low Risk,261.6802962962963,Budget Buyers
14470.0,12,2,461.19,4,2,2,422,3,Low Risk,196.6313953488372,Budget Buyers
14472.0,104,8,1936.84,2,4,4,244,3,High Risk,461.34931435349944,Budget Buyers
14473.0,74,2,234.34000000000003,2,2,1,221,3,Low Risk,464.216380952381,Budget Buyers
14474.0,46,1,547.66,3,1,2,312,3,Low Risk,0.0,Budget Buyers
14475.0,72,3,925.85,2,3,3,233,3,Low Risk,513.6263095238096,Budget Buyers
14476.0,257,1,215.7,1,1,1,111,1,High Risk,0.0,Loyal Customers
14477.0,20,4,1309.6,3,3,3,333,3,Low Risk,4836.789333333332,Budget Buyers
14479.0,254,2,316.25,1,2,2,122,1,High Risk,130.01388888888889,Loyal Customers
14480.0,11,1,279.05,4,1,1,411,3,Low Risk,0.0,Budget Buyers
14481.0,165,2,636.51,1,2,2,122,1,High Risk,172.5649333333333,Loyal Customers
14482.0,18,6,2068.15,4,4,4,444,3,Low Risk,631.9347222222221,Budget Buyers
14483.0,282,1,137.1,1,1,1,111,1,High Risk,0.0,Loyal Customers
14484.0,50,1,321.92,3,1,2,312,3,Low Risk,0.0,Budget Buyers
14485.0,39,1,165.75,3,1,1,311,3,Low Risk,0.0,Budget Buyers
14487.0,27,6,1196.33,3,4,3,343,3,Low Risk,566.5951805555555,Budget Buyers
14488.0,68,1,1064.28,2,1,3,213,3,Low Risk,0.0,Budget Buyers
14489.0,207,1,463.38,1,1,2,112,1,High Risk,0.0,Loyal Customers
14491.0,175,2,340.93,1,2,2,122,1,High Risk,263.38513725490196,Loyal Customers
14493.0,7,5,2383.2400000000002,4,4,4,444,3,Low Risk,486.57816666666673,Budget Buyers
14494.0,26,1,139.56,3,1,1,311,3,Low Risk,0.0,Budget Buyers
14495.0,51,2,123.8,3,2,1,321,3,Low Risk,96.28888888888889,Budget Buyers
14496.0,312,2,538.8100000000001,1,2,2,122,1,High Risk,115.32424561403509,Loyal Customers
14497.0,309,1,475.37,1,1,2,112,1,High Risk,0.0,Loyal Customers
14498.0,43,5,1957.32,3,4,4,344,3,Low Risk,539.1926424870466,Budget Buyers
14499.0,26,3,815.32,3,3,3,333,3,Low Risk,105.9075463917526,Budget Buyers
14500.0,88,3,356.85,2,3,2,232,3,Low Risk,514.8835714285715,Budget Buyers
14501.0,184,2,251.21,1,2,1,121,1,High Risk,227.76373333333333,Loyal Customers
14502.0,20,11,2470.67,3,4,4,344,3,Low Risk,425.3722975427351,Budget Buyers
14503.0,3,6,3543.26,4,4,4,444,3,Low Risk,756.1835365853658,Budget Buyers
14504.0,47,4,673.26,3,3,2,332,3,Low Risk,193.79820560747663,Budget Buyers
14505.0,17,8,5905.64,4,4,4,444,3,Low Risk,678.027587818106,Budget Buyers
14506.0,17,5,2012.17,4,4,4,444,3,Low Risk,372.50615506329115,Budget Buyers
14507.0,24,6,1383.18,3,4,3,343,3,Low Risk,726.1695000000001,Budget Buyers
14508.0,22,2,276.42,3,2,1,321,3,Low Risk,21.66098245614035,Budget Buyers
14511.0,11,5,1314.81,4,4,3,443,3,Low Risk,393.1539705882353,Budget Buyers
14512.0,188,2,275.28,1,2,1,121,1,High Risk,35.10817391304347,Loyal Customers
14513.0,101,3,455.59000000000003,2,3,2,232,3,High Risk,713.7576666666668,Budget Buyers
14514.0,61,3,1055.35,2,3,3,233,3,Low Risk,390.3349315068493,Budget Buyers
14515.0,18,6,2102.09,4,4,4,444,3,Low Risk,832.5108910891091,Budget Buyers
14517.0,33,2,330.45,3,2,2,322,3,Low Risk,132.18,Budget Buyers
14518.0,64,1,174.37,2,1,1,211,3,Low Risk,0.0,Budget Buyers
14520.0,2,2,270.6,4,2,1,421,3,Low Risk,1303.39,Budget Buyers
14522.0,24,4,974.54,3,3,3,333,3,Low Risk,1322.317019607843,Budget Buyers
14523.0,108,1,241.09,2,1,1,211,3,High Risk,0.0,Budget Buyers
14524.0,32,9,1867.68,3,4,4,344,3,Low Risk,908.0788965517241,Budget Buyers
14525.0,20,9,4332.2,3,4,4,344,3,Low Risk,1522.9692783505154,Budget Buyers
14527.0,3,55,8508.82,4,4,4,444,0,Low Risk,5873.887057613168,VIP Customers
14528.0,37,1,364.21999999999997,3,1,2,312,3,Low Risk,0.0,Budget Buyers
14529.0,60,3,620.04,2,3,2,232,3,Low Risk,13.537991266375546,Budget Buyers
14530.0,26,6,2925.91,3,4,4,344,3,Low Risk,731.4775,Budget Buyers
14532.0,236,4,932.85,1,3,3,133,1,High Risk,223.4953125,Loyal Customers
14533.0,25,7,1949.72,3,4,4,344,3,Low Risk,2406.7511397849466,Budget Buyers
14534.0,3,18,4447.05,4,4,4,444,0,Low Risk,1619.4459537572254,VIP Customers
14535.0,60,3,2864.19,2,3,4,234,3,Low Risk,163.17203636363635,Budget Buyers
14536.0,260,1,171.8,1,1,1,111,1,High Risk,0.0,Loyal Customers
14537.0,58,1,355.56,2,1,2,212,3,Low Risk,0.0,Budget Buyers
14538.0,65,2,388.25,2,2,2,222,3,Low Risk,260.1956140350877,Budget Buyers
14539.0,16,2,537.48,4,2,2,422,3,Low Risk,31.353,Budget Buyers
14540.0,10,3,996.26,4,3,3,433,3,Low Risk,391.94965789473684,Budget Buyers
14541.0,59,8,1461.65,2,4,3,243,3,Low Risk,912.9825825825826,Budget Buyers
14542.0,186,1,103.25,1,1,1,111,1,High Risk,0.0,Loyal Customers
14543.0,29,16,3630.33,3,4,4,344,0,Low Risk,9035.488,VIP Customers
14544.0,24,2,2024.45,3,2,4,324,3,Low Risk,398.9705555555555,Budget Buyers
14546.0,5,5,2578.09,4,4,4,444,3,Low Risk,261.6858270676692,Budget Buyers
14547.0,4,8,4007.54,4,4,4,444,3,Low Risk,145.99417122040074,Budget Buyers
14548.0,151,2,652.8,1,2,2,122,1,High Risk,1816.9599999999998,Loyal Customers
14549.0,311,1,289.24,1,1,1,111,1,High Risk,0.0,Loyal Customers
14550.0,11,2,765.62,4,2,3,423,3,Low Risk,35.09091666666667,Budget Buyers
14551.0,18,2,186.23,4,2,1,421,3,Low Risk,229.68366666666665,Budget Buyers
14552.0,152,1,165.07,1,1,1,111,1,High Risk,0.0,Loyal Customers
14553.0,19,5,859.27,3,4,3,343,3,Low Risk,404.28780235988194,Budget Buyers
14554.0,10,4,2381.04,4,3,4,434,3,Low Risk,61.730666666666664,Budget Buyers
14555.0,57,2,324.14,2,2,2,222,3,Low Risk,251.079873015873,Budget Buyers
14557.0,85,1,788.38,2,1,3,213,3,Low Risk,0.0,Budget Buyers
14560.0,7,22,2237.77,4,4,4,444,0,Low Risk,7761.6346846846845,VIP Customers
14561.0,76,3,1080.76,2,3,3,233,3,Low Risk,169.1624347826087,Budget Buyers
14562.0,4,18,5074.77,4,4,4,444,0,Low Risk,2159.476595744681,VIP Customers
14565.0,96,4,3099.12,2,3,4,234,3,High Risk,862.2223622047244,Budget Buyers
14566.0,111,1,1432.0,2,1,3,213,3,High Risk,0.0,Budget Buyers
14567.0,57,2,1530.3600000000001,2,2,3,223,3,Low Risk,225.68945454545454,Budget Buyers
14569.0,1,1,227.39,4,1,1,411,3,Low Risk,0.0,Budget Buyers
14570.0,281,2,218.06,1,2,1,121,1,High Risk,0.0,Loyal Customers
14572.0,3,7,2832.84,4,4,4,444,3,Low Risk,783.4026666666666,Budget Buyers
14573.0,180,9,1653.42,1,4,3,143,1,High Risk,405.2637957446809,Loyal Customers
14576.0,372,1,35.400000000000006,1,1,1,111,1,High Risk,0.0,Loyal Customers
14577.0,13,4,859.71,4,3,3,433,3,Low Risk,326.17723577235773,Budget Buyers
14578.0,3,1,168.63,4,1,1,411,3,Low Risk,0.0,Budget Buyers
14581.0,17,1,138.6,4,1,1,411,3,Low Risk,0.0,Budget Buyers
14582.0,41,1,114.11,3,1,1,311,3,Low Risk,0.0,Budget Buyers
14583.0,6,5,1052.55,4,4,3,443,3,Low Risk,106.31818181818181,Budget Buyers
14584.0,169,4,1042.26,1,3,3,133,1,High Risk,40.30072,Loyal Customers
14585.0,50,1,157.05,3,1,1,311,3,Low Risk,0.0,Budget Buyers
14586.0,277,1,237.36,1,1,1,111,1,High Risk,0.0,Loyal Customers
14587.0,19,9,1601.14,3,4,3,343,3,Low Risk,391.2968772845953,Budget Buyers
14589.0,372,1,39.75,1,1,1,111,1,High Risk,0.0,Loyal Customers
14591.0,15,4,1447.14,4,3,3,433,3,Low Risk,192.952,Budget Buyers
14592.0,35,3,570.46,3,3,2,332,3,Low Risk,9.739560975609756,Budget Buyers
14593.0,22,3,617.99,3,3,2,332,3,Low Risk,71.96330921052633,Budget Buyers
14594.0,7,2,379.83,4,2,2,422,3,Low Risk,174.38735849056604,Budget Buyers
14595.0,20,6,1740.6,3,4,4,344,3,Low Risk,999.9917647058824,Budget Buyers
14597.0,11,2,883.15,4,2,3,423,3,Low Risk,192.68727272727273,Budget Buyers
14598.0,44,1,221.97,3,1,1,311,3,Low Risk,0.0,Budget Buyers
14600.0,306,1,393.33000000000004,1,1,2,112,1,High Risk,0.0,Loyal Customers
14601.0,11,1,213.96,4,1,1,411,3,Low Risk,0.0,Budget Buyers
14603.0,275,1,660.0,1,1,2,112,1,High Risk,0.0,Loyal Customers
14606.0,1,93,12156.65,4,4,4,444,0,Low Risk,5192.240288888889,VIP Customers
14607.0,16,14,16569.5,4,4,4,444,0,Low Risk,22028.44379844961,VIP Customers
14608.0,4,4,1785.15,4,3,4,434,3,Low Risk,4260.558,Budget Buyers
14609.0,72,4,601.56,2,3,2,232,3,Low Risk,4491.647999999999,Budget Buyers
14616.0,243,3,406.08000000000004,1,3,2,132,1,High Risk,1001.6640000000001,Loyal Customers
14618.0,9,3,553.44,4,3,2,432,3,Low Risk,1134.5520000000001,Budget Buyers
14619.0,246,1,394.44,1,1,2,112,1,High Risk,0.0,Loyal Customers
14620.0,206,2,412.78000000000003,1,2,2,122,1,High Risk,82.55600000000001,Loyal Customers
14621.0,1,5,1788.3600000000001,4,4,4,444,3,Low Risk,1156.602391304348,Budget Buyers
14622.0,185,1,320.58000000000004,1,1,2,112,1,High Risk,0.0,Loyal Customers
14623.0,32,5,889.25,3,4,3,343,3,Low Risk,224.5245646766169,Budget Buyers
14624.0,57,2,225.85,2,2,1,221,3,Low Risk,1.1582051282051282,Budget Buyers
14625.0,196,2,899.63,1,2,3,123,1,High Risk,185.5840503144654,Loyal Customers
14626.0,24,4,2791.27,3,3,4,334,3,Low Risk,637.5687759562842,Budget Buyers
14628.0,91,2,671.96,2,2,2,222,3,High Risk,281.84988888888887,Budget Buyers
14629.0,4,2,959.01,4,2,3,423,3,Low Risk,18.086592105263158,Budget Buyers
14631.0,51,3,1006.98,3,3,3,333,3,Low Risk,609.1000975609758,Budget Buyers
14632.0,263,1,114.56,1,1,1,111,1,High Risk,0.0,Loyal Customers
14633.0,266,1,344.90000000000003,1,1,2,112,1,High Risk,0.0,Loyal Customers
14636.0,36,2,609.85,3,2,2,322,3,Low Risk,336.86952380952386,Budget Buyers
14638.0,51,1,443.6,3,1,2,312,3,Low Risk,0.0,Budget Buyers
14639.0,52,6,2984.49,2,4,4,244,3,Low Risk,1072.3341976744186,Budget Buyers
14640.0,24,6,2125.08,3,4,4,344,3,Low Risk,813.9457358490566,Budget Buyers
14641.0,22,1,110.46,3,1,1,311,3,Low Risk,0.0,Budget Buyers
14642.0,59,1,96.12,2,1,1,211,3,Low Risk,0.0,Budget Buyers
14643.0,170,2,693.8100000000001,1,2,3,123,1,High Risk,279.01606451612906,Loyal Customers
14644.0,68,2,830.76,2,2,3,223,3,Low Risk,489.93538461538463,Budget Buyers
14645.0,157,2,597.09,1,2,2,122,1,High Risk,156.57026666666667,Loyal Customers
14646.0,2,74,280206.02,4,4,4,444,2,Low Risk,117300.34702628206,At Risk Customers
14647.0,201,1,243.22,1,1,1,111,1,High Risk,0.0,Loyal Customers
14649.0,5,4,1417.29,4,3,3,433,3,Low Risk,196.56886432160803,Budget Buyers
14651.0,67,2,654.6,2,2,2,222,3,Low Risk,61.181568627450986,Budget Buyers
14652.0,77,1,114.18,2,1,1,211,3,Low Risk,0.0,Budget Buyers
14653.0,1,7,1947.55,4,4,4,444,3,Low Risk,646.170246132208,Budget Buyers
14655.0,8,4,1932.23,4,3,4,434,3,Low Risk,1125.1625034013607,Budget Buyers
14656.0,169,2,291.05,1,2,1,121,1,High Risk,27.649749999999997,Loyal Customers
14657.0,18,4,848.22,4,3,3,433,3,Low Risk,276.45688888888895,Budget Buyers
14658.0,5,2,247.15,4,2,1,421,3,Low Risk,63.065862068965515,Budget Buyers
14659.0,9,9,2529.93,4,4,4,444,3,Low Risk,917.9746007905137,Budget Buyers
14660.0,87,2,285.74,2,2,1,221,3,Low Risk,8.88968888888889,Budget Buyers
14661.0,27,1,107.95,3,1,1,311,3,Low Risk,0.0,Budget Buyers
14662.0,29,4,771.17,3,3,3,333,3,Low Risk,175.6553888888889,Budget Buyers
14664.0,20,2,637.89,3,2,2,322,3,Low Risk,5.584222222222222,Budget Buyers
14665.0,61,5,1835.7,2,4,4,244,3,Low Risk,849.8611111111113,Budget Buyers
14666.0,24,1,195.25,3,1,1,311,3,Low Risk,0.0,Budget Buyers
14667.0,11,25,9241.2,4,4,4,444,0,Low Risk,4798.005235602095,VIP Customers
14669.0,242,3,1269.99,1,3,3,133,1,High Risk,67.23476470588236,Loyal Customers
14670.0,280,2,411.53,1,2,2,122,1,High Risk,0.0,Loyal Customers
14672.0,235,2,765.55,1,2,3,123,1,High Risk,84.50333333333333,Loyal Customers
14673.0,3,5,1736.4,4,4,4,444,3,Low Risk,1423.535135135135,Budget Buyers
14675.0,16,1,604.75,4,1,2,412,3,Low Risk,0.0,Budget Buyers
14676.0,31,6,2548.2400000000002,3,4,4,344,3,Low Risk,3045.753523809524,Budget Buyers
14680.0,25,16,28754.11,3,4,4,344,0,Low Risk,20566.247152454784,VIP Customers
14681.0,71,3,498.95,2,3,2,232,3,Low Risk,997.9000000000001,Budget Buyers
14682.0,188,2,52.0,1,2,1,121,1,High Risk,22.533333333333335,Loyal Customers
14684.0,26,5,1236.28,3,4,3,343,3,Low Risk,164.44579572446554,Budget Buyers
14687.0,107,1,628.38,2,1,2,212,3,High Risk,0.0,Budget Buyers
14688.0,8,21,5630.87,4,4,4,444,0,Low Risk,4411.709155963303,VIP Customers
14689.0,209,1,112.8,1,1,1,111,1,High Risk,0.0,Loyal Customers
14690.0,44,2,371.7,3,2,2,322,3,Low Risk,53.0292,Budget Buyers
14691.0,31,5,2114.33,3,4,4,344,3,Low Risk,903.3053051643192,Budget Buyers
14692.0,137,4,591.55,2,3,2,232,3,High Risk,214.58186274509805,Budget Buyers
14693.0,265,1,172.9,1,1,1,111,1,High Risk,0.0,Loyal Customers
14696.0,4,7,2078.95,4,4,4,444,3,Low Risk,1373.1731282051283,Budget Buyers
14697.0,218,2,188.60999999999999,1,2,1,121,1,High Risk,0.0,Loyal Customers
14698.0,2,5,1250.76,4,4,3,443,3,Low Risk,48.64066666666666,Budget Buyers
14699.0,214,1,109.13000000000001,1,1,1,111,1,High Risk,0.0,Loyal Customers
14700.0,32,3,2235.3,3,3,4,334,3,Low Risk,400.4102608695652,Budget Buyers
14701.0,11,9,2549.37,4,4,4,444,3,Low Risk,696.320462686567,Budget Buyers
14702.0,1,17,3292.14,4,4,4,444,0,Low Risk,1956.9416253602305,VIP Customers
14703.0,15,1,318.17,4,1,2,412,3,Low Risk,0.0,Budget Buyers
14704.0,11,9,1546.91,4,4,3,443,3,Low Risk,187.86569638554215,Budget Buyers
14705.0,199,1,179.0,1,1,1,111,1,High Risk,0.0,Loyal Customers
14708.0,3,3,1126.37,4,3,3,433,3,Low Risk,1468.30375,Budget Buyers
14709.0,15,13,4921.04,4,4,4,444,3,Low Risk,3731.788666666667,Budget Buyers
14710.0,14,4,606.13,4,3,2,432,3,Low Risk,26.16388489208633,Budget Buyers
14711.0,10,11,2868.8,4,4,4,444,3,Low Risk,742.5129411764706,Budget Buyers
14712.0,29,3,917.07,3,3,3,333,3,Low Risk,300.79896,Budget Buyers
14713.0,9,11,2666.36,4,4,4,444,3,Low Risk,1023.808829891839,Budget Buyers
14714.0,24,1,160.19,3,1,1,311,3,Low Risk,0.0,Budget Buyers
14715.0,25,4,867.38,3,3,3,333,3,Low Risk,498.4380845070422,Budget Buyers
14716.0,43,2,329.68,3,2,2,322,3,Low Risk,41.95927272727273,Budget Buyers
14719.0,2,5,1602.13,4,4,3,443,3,Low Risk,278.28840365682134,Budget Buyers
14720.0,6,3,663.81,4,3,2,432,3,Low Risk,215.28972972972971,Budget Buyers
14722.0,147,1,187.92000000000002,1,1,1,111,1,High Risk,0.0,Loyal Customers
14723.0,10,6,1158.3,4,4,3,443,3,Low Risk,300.8246762589928,Budget Buyers
14725.0,25,1,718.08,3,1,3,313,3,Low Risk,0.0,Budget Buyers
14727.0,274,1,268.58,1,1,1,111,1,High Risk,0.0,Loyal Customers
14729.0,374,1,313.49,1,1,2,112,1,High Risk,0.0,Loyal Customers
14730.0,1,8,2005.06,4,4,4,444,3,Low Risk,293.48848968729203,Budget Buyers
14731.0,47,3,380.02,3,3,2,332,3,Low Risk,139.34066666666666,Budget Buyers
14732.0,8,8,2702.4900000000002,4,4,4,444,3,Low Risk,1617.8171428571432,Budget Buyers
14733.0,16,12,9585.91,4,4,4,444,0,Low Risk,6662.682,VIP Customers
14735.0,4,32,6065.69,4,4,4,444,0,Low Risk,11806.208989690722,VIP Customers
14737.0,4,3,1164.55,4,3,3,433,3,Low Risk,2390.752647058823,Budget Buyers
14738.0,43,7,1314.45,3,4,3,343,3,Low Risk,1550.5641666666668,Budget Buyers
14739.0,4,7,3902.28,4,4,4,444,3,Low Risk,5508.718599999999,Budget Buyers
14740.0,197,3,1448.21,1,3,3,133,1,High Risk,139.93939325842697,Loyal Customers
14741.0,12,6,1400.34,4,4,3,443,3,Low Risk,1713.636406779661,Budget Buyers
14744.0,16,7,1099.98,4,4,3,443,3,Low Risk,3455.0653846153846,Budget Buyers
14745.0,113,5,1220.26,2,4,3,243,3,High Risk,506.96792270531404,Budget Buyers
14747.0,249,1,328.2,1,1,2,112,1,High Risk,0.0,Loyal Customers
14748.0,29,5,1415.75,3,4,3,343,3,Low Risk,898.7626404494382,Budget Buyers
14752.0,44,1,389.64,3,1,2,312,3,Low Risk,0.0,Budget Buyers
14753.0,87,1,563.15,2,1,2,212,3,Low Risk,0.0,Budget Buyers
14754.0,45,2,638.05,3,2,2,322,3,Low Risk,259.369918699187,Budget Buyers
14755.0,10,11,5010.28,4,4,4,444,3,Low Risk,2532.8564425531918,Budget Buyers
14756.0,15,1,738.96,4,1,3,413,3,Low Risk,0.0,Budget Buyers
14757.0,75,1,420.5,2,1,2,212,3,Low Risk,0.0,Budget Buyers
14758.0,145,4,1484.06,1,3,3,133,3,High Risk,317.71425352112675,Budget Buyers
14759.0,5,3,1625.97,4,3,3,433,3,Low Risk,363.45211764705886,Budget Buyers
14760.0,297,1,89.2,1,1,1,111,1,High Risk,0.0,Loyal Customers
14761.0,59,2,255.9,2,2,1,221,3,Low Risk,428.0509090909091,Budget Buyers
14762.0,264,1,300.52,1,1,1,111,1,High Risk,0.0,Loyal Customers
14764.0,47,1,278.3,3,1,1,311,3,Low Risk,0.0,Budget Buyers
14765.0,29,3,254.11,3,3,1,331,3,Low Risk,95.7799230769231,Budget Buyers
14766.0,8,6,2473.37,4,4,4,444,3,Low Risk,1311.802162962963,Budget Buyers
14768.0,17,2,192.60000000000002,4,2,1,421,3,Low Risk,279.91200000000003,Budget Buyers
14769.0,3,8,10674.75,4,4,4,444,3,Low Risk,924.4921100917431,Budget Buyers
14770.0,232,2,876.42,1,2,3,123,1,High Risk,101.1253846153846,Loyal Customers
14772.0,112,1,139.26,2,1,1,211,3,High Risk,0.0,Budget Buyers
14775.0,58,3,1011.9,2,3,3,233,3,Low Risk,527.8745,Budget Buyers
14776.0,51,11,2538.3,3,4,4,344,3,Low Risk,2076.199230769231,Budget Buyers
14778.0,127,2,730.86,2,2,3,223,3,High Risk,251.9726857142857,Budget Buyers
14779.0,281,3,386.15,1,3,2,132,1,High Risk,40.49865853658537,Loyal Customers
14780.0,55,2,447.68,2,2,2,222,3,Low Risk,26.529185185185185,Budget Buyers
14782.0,320,1,200.10000000000002,1,1,1,111,1,High Risk,0.0,Loyal Customers
14784.0,26,2,289.99,3,2,1,321,3,Low Risk,382.7868,Budget Buyers
14785.0,10,2,77.4,4,2,1,421,3,Low Risk,6.88,Budget Buyers
14788.0,7,2,679.4399999999999,4,2,3,423,3,Low Risk,28.687466666666666,Budget Buyers
14789.0,29,1,197.64,3,1,1,311,3,Low Risk,0.0,Budget Buyers
14790.0,17,4,745.06,4,3,3,433,3,Low Risk,509.66423188405787,Budget Buyers
14792.0,64,1,6.2,2,1,1,211,3,Low Risk,0.0,Budget Buyers
14793.0,21,1,228.99,3,1,1,311,3,Low Risk,0.0,Budget Buyers
14794.0,3,7,1319.91,4,4,3,443,3,Low Risk,1274.2631125000003,Budget Buyers
14795.0,166,1,131.45000000000002,1,1,1,111,1,High Risk,0.0,Loyal Customers
14796.0,1,17,8022.49,4,4,4,444,0,Low Risk,1454.2667382413088,VIP Customers
14798.0,53,3,173.74,2,3,1,231,3,Low Risk,372.09316666666666,Budget Buyers
14799.0,51,1,157.7,3,1,1,311,3,Low Risk,0.0,Budget Buyers
14800.0,48,12,4339.74,3,4,4,344,3,Low Risk,1451.8402909090908,Budget Buyers
14801.0,61,1,193.14,2,1,1,211,3,Low Risk,0.0,Budget Buyers
14803.0,162,3,845.55,1,3,3,133,1,High Risk,249.82159090909084,Loyal Customers
14804.0,9,1,353.27,4,1,2,412,3,Low Risk,0.0,Budget Buyers
14805.0,15,4,554.65,4,3,2,432,3,Low Risk,468.89560283687945,Budget Buyers
14806.0,75,1,193.39000000000001,2,1,1,211,3,Low Risk,0.0,Budget Buyers
14808.0,40,8,2741.17,3,4,4,344,3,Low Risk,410.5922723404256,Budget Buyers
14810.0,41,11,2087.88,3,4,4,344,3,Low Risk,984.715168627451,Budget Buyers
14813.0,370,2,155.43,1,2,1,121,1,High Risk,0.0,Loyal Customers
14815.0,37,2,778.5,3,2,3,323,3,Low Risk,30.356603773584908,Budget Buyers
14816.0,197,1,271.85,1,1,1,111,1,High Risk,0.0,Loyal Customers
14817.0,200,2,1110.34,1,2,3,123,1,High Risk,89.29718518518517,Loyal Customers
14818.0,74,3,657.8,2,3,2,232,3,Low Risk,245.3045833333333,Budget Buyers
14819.0,64,2,272.07,2,2,1,221,3,Low Risk,177.1943076923077,Budget Buyers
14820.0,21,4,507.29,3,3,2,332,3,Low Risk,354.51990804597705,Budget Buyers
14821.0,367,1,48.800000000000004,1,1,1,111,1,High Risk,0.0,Loyal Customers
14823.0,180,3,321.43,1,3,2,132,1,High Risk,6.4286,Loyal Customers
14824.0,10,4,1127.71,4,3,3,433,3,Low Risk,419.97475862068967,Budget Buyers
14825.0,4,12,2226.91,4,4,4,444,3,Low Risk,2679.653685950413,Budget Buyers
14828.0,197,3,2139.76,1,3,4,134,1,High Risk,1762.1552941176471,Loyal Customers
14829.0,29,4,697.55,3,3,3,333,3,Low Risk,759.5544444444444,Budget Buyers
14830.0,53,1,197.13,2,1,1,211,3,Low Risk,0.0,Budget Buyers
14834.0,18,6,1720.3,4,4,4,444,3,Low Risk,1140.0197014925373,Budget Buyers
14836.0,10,3,102.44999999999999,4,3,1,431,3,Low Risk,34.14999999999999,Budget Buyers
14837.0,90,4,1649.5,2,3,3,233,3,Low Risk,226.04259259259263,Budget Buyers
14840.0,268,1,62.85,1,1,1,111,1,High Risk,0.0,Loyal Customers
14841.0,53,6,3295.76,2,4,4,244,3,Low Risk,1456.8214492753623,Budget Buyers
14842.0,44,4,2824.69,3,3,4,334,3,Low Risk,685.7178482758621,Budget Buyers
14844.0,64,4,3189.81,2,3,4,234,3,Low Risk,579.0732,Budget Buyers
14847.0,149,1,309.4,1,1,2,112,1,High Risk,0.0,Loyal Customers
14849.0,22,25,7930.54,3,4,4,344,0,Low Risk,5978.564304123711,VIP Customers
14850.0,312,1,325.75,1,1,2,112,1,High Risk,0.0,Loyal Customers
14851.0,23,2,511.35,3,2,2,322,3,Low Risk,282.46,Budget Buyers
14852.0,58,6,2836.69,2,4,4,244,3,Low Risk,765.7079300699301,Budget Buyers
14853.0,24,2,475.8,3,2,2,322,3,Low Risk,659.0711111111111,Budget Buyers
14854.0,78,7,2759.83,2,4,4,244,3,Low Risk,993.8285459317584,Budget Buyers
14855.0,119,2,645.65,2,2,2,222,3,High Risk,32.2825,Budget Buyers
14856.0,36,3,1311.3799999999999,3,3,3,333,3,Low Risk,39.738787878787875,Budget Buyers
14857.0,60,2,1173.12,2,2,3,223,3,Low Risk,114.70506666666665,Budget Buyers
14859.0,13,4,1353.74,4,3,3,433,3,Low Risk,594.4007816091954,Budget Buyers
14860.0,19,1,170.32,3,1,1,311,3,Low Risk,0.0,Budget Buyers
14861.0,52,1,125.79,2,1,1,211,3,Low Risk,0.0,Budget Buyers
14862.0,26,2,841.1999999999999,3,2,3,323,3,Low Risk,142.53666666666663,Budget Buyers
14863.0,29,1,266.76,3,1,1,311,3,Low Risk,0.0,Budget Buyers
14865.0,7,2,52.2,4,2,1,421,3,Low Risk,316.68,Budget Buyers
14866.0,11,12,14389.9,4,4,4,444,0,Low Risk,20640.058585858587,VIP Customers
14867.0,186,3,710.28,1,3,3,133,1,High Risk,295.95,Loyal Customers
14868.0,3,8,2953.59,4,4,4,444,3,Low Risk,1258.0105555555556,Budget Buyers
14869.0,9,2,725.7,4,2,3,423,3,Low Risk,64.05239436619719,Budget Buyers
14870.0,262,1,327.25,1,1,2,112,1,High Risk,0.0,Loyal Customers
14871.0,3,4,522.38,4,3,2,432,3,Low Risk,253.7274285714286,Budget Buyers
14873.0,210,1,519.68,1,1,2,112,1,High Risk,0.0,Loyal Customers
14875.0,108,2,1465.3200000000002,2,2,3,223,3,High Risk,322.16255319148945,Budget Buyers
14878.0,13,9,1485.54,4,4,3,443,3,Low Risk,1239.9466935483872,Budget Buyers
14880.0,77,3,706.19,2,3,3,233,3,Low Risk,317.03423404255324,Budget Buyers
14881.0,20,1,255.4,3,1,1,311,3,Low Risk,0.0,Budget Buyers
14882.0,27,2,589.7,3,2,2,322,3,Low Risk,25.017575757575763,Budget Buyers
14883.0,19,6,761.59,3,4,3,343,3,Low Risk,554.6674339622641,Budget Buyers
14885.0,132,1,765.3199999999999,2,1,3,213,3,High Risk,0.0,Budget Buyers
14886.0,253,1,364.8,1,1,2,112,1,High Risk,0.0,Loyal Customers
14887.0,79,1,1862.0,2,1,4,214,3,Low Risk,0.0,Budget Buyers
14888.0,207,1,369.2,1,1,2,112,1,High Risk,0.0,Loyal Customers
14889.0,336,1,135.9,1,1,1,111,1,High Risk,0.0,Loyal Customers
14890.0,254,1,125.65,1,1,1,111,1,High Risk,0.0,Loyal Customers
14891.0,148,2,554.38,1,2,2,122,1,High Risk,43.67842424242425,Loyal Customers
14893.0,10,2,1237.8500000000001,4,2,3,423,3,Low Risk,2.2609132420091327,Budget Buyers
14894.0,85,1,655.75,2,1,2,212,3,Low Risk,0.0,Budget Buyers
14895.0,8,20,11138.710000000001,4,4,4,444,0,Low Risk,4204.974859437752,VIP Customers
14896.0,205,2,468.77000000000004,1,2,2,122,1,High Risk,116.28403100775195,Loyal Customers
14897.0,8,4,1366.38,4,3,3,433,3,Low Risk,957.2941090909092,Budget Buyers
14898.0,23,6,1303.52,3,4,3,343,3,Low Risk,779.8645517241378,Budget Buyers
14901.0,11,9,1421.29,4,4,3,443,3,Low Risk,1603.3927812499999,Budget Buyers
14902.0,26,1,332.66,3,1,2,312,3,Low Risk,0.0,Budget Buyers
14903.0,21,5,2810.63,3,4,4,344,3,Low Risk,339.12296244131454,Budget Buyers
14904.0,2,2,1025.44,4,2,3,423,3,Low Risk,22.78755555555556,Budget Buyers
14905.0,158,2,616.15,1,2,2,122,1,High Risk,183.63686274509803,Loyal Customers
14907.0,3,7,3501.1,4,4,4,444,3,Low Risk,1802.1823838383837,Budget Buyers
14908.0,74,1,277.8,2,1,1,211,3,Low Risk,0.0,Budget Buyers
14910.0,3,4,434.35,4,3,2,432,3,Low Risk,98.45266666666666,Budget Buyers
14911.0,1,201,143825.06,4,4,4,444,2,Low Risk,63144.19227479302,At Risk Customers
14912.0,17,2,867.85,4,2,3,423,3,Low Risk,490.71024691358025,Budget Buyers
14913.0,36,4,1227.43,3,3,3,333,3,Low Risk,607.6013639846744,Budget Buyers
14915.0,91,2,307.48,2,2,2,222,3,High Risk,317.7293333333334,Budget Buyers
14916.0,71,4,1268.98,2,3,3,233,3,Low Risk,555.9340952380952,Budget Buyers
14918.0,116,2,1610.15,2,2,3,223,3,High Risk,90.6454814814815,Budget Buyers
14920.0,213,2,977.77,1,2,3,123,1,High Risk,0.0,Loyal Customers
14921.0,30,2,1316.07,3,2,3,323,3,Low Risk,192.34869230769232,Budget Buyers
14923.0,51,1,749.1,3,1,3,313,3,Low Risk,0.0,Budget Buyers
14924.0,246,1,310.05,1,1,2,112,1,High Risk,0.0,Loyal Customers
14929.0,32,1,223.88,3,1,1,311,3,Low Risk,0.0,Budget Buyers
14930.0,109,3,2372.86,2,3,4,234,3,High Risk,305.876484375,Budget Buyers
14931.0,5,5,1257.68,4,4,3,443,3,Low Risk,1206.5547967479674,Budget Buyers
14932.0,366,1,363.53,1,1,2,112,1,High Risk,0.0,Loyal Customers
14934.0,82,2,1890.94,2,2,4,224,3,Low Risk,289.7992337164751,Budget Buyers
14935.0,297,1,1784.71,1,1,4,114,1,High Risk,0.0,Loyal Customers
14936.0,34,8,8137.02,3,4,4,344,3,Low Risk,1436.646021978022,Budget Buyers
14937.0,57,3,1621.88,2,3,3,233,3,Low Risk,348.22717647058823,Budget Buyers
14944.0,30,12,5900.25,3,4,4,344,3,Low Risk,3692.8623529411766,Budget Buyers
14946.0,14,1,100.9,4,1,1,411,3,Low Risk,0.0,Budget Buyers
14947.0,72,2,290.82,2,2,1,221,3,Low Risk,80.32171428571428,Budget Buyers
14948.0,23,6,1101.97,3,4,3,343,3,Low Risk,685.6702222222223,Budget Buyers
14950.0,19,1,371.2,3,1,2,312,3,Low Risk,0.0,Budget Buyers
14951.0,79,1,311.69,2,1,2,212,3,Low Risk,0.0,Budget Buyers
14952.0,60,11,8099.49,2,4,4,244,3,Low Risk,6542.196753623189,Budget Buyers
14953.0,25,1,289.82,3,1,1,311,3,Low Risk,0.0,Budget Buyers
14954.0,12,1,336.17,4,1,2,412,3,Low Risk,0.0,Budget Buyers
14957.0,253,1,58.49,1,1,1,111,1,High Risk,0.0,Loyal Customers
14958.0,147,3,499.68,1,3,2,132,1,High Risk,116.59200000000001,Loyal Customers
14959.0,64,4,695.42,2,3,3,233,3,Low Risk,364.60438418079093,Budget Buyers
14960.0,8,2,221.27,4,2,1,421,3,Low Risk,88.50800000000001,Budget Buyers
14961.0,11,9,7044.68,4,4,4,444,3,Low Risk,2364.0320384615384,Budget Buyers
14962.0,271,1,126.7,1,1,1,111,1,High Risk,0.0,Loyal Customers
14963.0,10,5,1487.8,4,4,3,443,3,Low Risk,216.65774410774412,Budget Buyers
14964.0,247,1,206.21,1,1,1,111,1,High Risk,0.0,Loyal Customers
14965.0,96,2,599.0,2,2,2,222,3,High Risk,0.0,Budget Buyers
14966.0,15,1,191.32,4,1,1,411,3,Low Risk,0.0,Budget Buyers
14967.0,50,1,463.8,3,1,2,312,3,Low Risk,0.0,Budget Buyers
14968.0,30,1,147.59,3,1,1,311,3,Low Risk,0.0,Budget Buyers
14970.0,68,4,1592.06,2,3,3,233,3,Low Risk,1548.3563921568627,Budget Buyers
14971.0,35,3,1116.57,3,3,3,333,3,Low Risk,5.58285,Budget Buyers
14972.0,128,1,114.77,2,1,1,211,3,High Risk,0.0,Budget Buyers
14973.0,107,3,1314.45,2,3,3,233,3,High Risk,484.7034375,Budget Buyers
14974.0,37,1,114.39,3,1,1,311,3,Low Risk,0.0,Budget Buyers
14975.0,57,1,279.94,2,1,1,211,3,Low Risk,0.0,Budget Buyers
14976.0,57,7,790.86,2,4,3,243,3,Low Risk,689.4395277777778,Budget Buyers
14978.0,72,5,1931.42,2,4,4,244,3,Low Risk,384.4956481481481,Budget Buyers
14981.0,246,1,102.12,1,1,1,111,1,High Risk,0.0,Loyal Customers
14984.0,19,2,213.27,3,2,1,321,3,Low Risk,55.831658536585365,Budget Buyers
14985.0,198,2,296.75,1,2,1,121,1,High Risk,36.15574712643678,Loyal Customers
14987.0,16,2,326.4,4,2,2,422,3,Low Risk,1898.5599999999997,Budget Buyers
14988.0,212,1,334.54,1,1,2,112,1,High Risk,0.0,Loyal Customers
14995.0,39,2,233.23000000000002,3,2,1,321,3,Low Risk,61.42997814207651,Budget Buyers
14997.0,46,3,546.1999999999999,3,3,2,332,3,Low Risk,275.20076923076914,Budget Buyers
14998.0,170,2,429.87,1,2,2,122,1,High Risk,27.129573333333333,Loyal Customers
15000.0,48,1,490.52,3,1,2,312,3,Low Risk,0.0,Budget Buyers
15002.0,116,4,1641.76,2,3,3,233,3,High Risk,477.77595362318846,Budget Buyers
15004.0,147,1,1246.32,1,1,3,113,1,High Risk,0.0,Loyal Customers
15005.0,16,28,6316.57,4,4,4,444,0,Low Risk,1843.9793267798627,VIP Customers
15006.0,51,1,502.09,3,1,2,312,3,Low Risk,0.0,Budget Buyers
15007.0,159,1,156.91,1,1,1,111,1,High Risk,0.0,Loyal Customers
15009.0,12,3,1261.78,4,3,3,433,3,Low Risk,8.319428571428572,Budget Buyers
15010.0,36,1,308.94,3,1,2,312,3,Low Risk,0.0,Budget Buyers
15012.0,54,2,423.04,2,2,2,222,3,Low Risk,70.28633333333333,Budget Buyers
15014.0,43,2,260.17,3,2,1,321,3,Low Risk,65.90973333333335,Budget Buyers
15016.0,173,1,170.04,1,1,1,111,1,High Risk,0.0,Loyal Customers
15017.0,34,1,125.58,3,1,1,311,3,Low Risk,0.0,Budget Buyers
15018.0,39,3,496.21000000000004,3,3,2,332,3,Low Risk,526.622870967742,Budget Buyers
15019.0,267,1,266.0,1,1,1,111,1,High Risk,0.0,Loyal Customers
15021.0,9,9,1914.82,4,4,4,444,3,Low Risk,434.4856398305085,Budget Buyers
15022.0,12,4,905.04,4,3,3,433,3,Low Risk,31.285333333333334,Budget Buyers
15023.0,3,11,6802.76,4,4,4,444,3,Low Risk,1624.4313024911032,Budget Buyers
15024.0,10,10,1661.33,4,4,3,443,3,Low Risk,1275.4727096774193,Budget Buyers
15025.0,33,1,377.01,3,1,2,312,3,Low Risk,0.0,Budget Buyers
15026.0,80,3,469.0,2,3,2,232,3,Low Risk,151.46393442622949,Budget Buyers
15027.0,31,4,1066.1499999999999,3,3,3,333,3,Low Risk,840.7354285714284,Budget Buyers
15028.0,8,4,627.13,4,3,2,432,3,Low Risk,627.13,Budget Buyers
15030.0,72,2,518.28,2,2,2,222,3,Low Risk,967.4559999999999,Budget Buyers
15031.0,4,4,668.14,4,3,2,432,3,Low Risk,222.312048048048,Budget Buyers
15032.0,256,3,4959.1,1,3,4,134,1,High Risk,1049.0403846153847,Loyal Customers
15033.0,5,10,2586.67,4,4,4,444,3,Low Risk,547.765411764706,Budget Buyers
15034.0,16,8,4308.61,4,4,4,444,3,Low Risk,985.6583282571912,Budget Buyers
15035.0,90,1,252.73000000000002,2,1,1,211,3,Low Risk,0.0,Budget Buyers
15036.0,72,3,465.55,2,3,2,232,3,Low Risk,39.22350393700788,Budget Buyers
15038.0,59,6,705.49,2,4,3,243,3,Low Risk,337.5498307692308,Budget Buyers
15039.0,10,47,19914.44,4,4,4,444,0,Low Risk,7457.087130936528,VIP Customers
15041.0,170,1,180.35,1,1,1,111,1,High Risk,0.0,Loyal Customers
15042.0,199,1,135.93,1,1,1,111,1,High Risk,0.0,Loyal Customers
15043.0,31,1,537.0,3,1,2,312,3,Low Risk,0.0,Budget Buyers
15044.0,19,17,7700.2300000000005,3,4,4,344,0,Low Risk,3294.2705827814575,VIP Customers
15045.0,152,2,735.66,1,2,3,123,1,High Risk,429.135,Loyal Customers
15046.0,9,15,5213.7699999999995,4,4,4,444,0,Low Risk,4163.423131067961,VIP Customers
15047.0,270,1,343.62,1,1,2,112,1,High Risk,0.0,Loyal Customers
15048.0,65,4,384.05,2,3,2,232,3,Low Risk,159.95484536082475,Budget Buyers
15049.0,274,1,121.17000000000002,1,1,1,111,1,High Risk,0.0,Loyal Customers
15050.0,25,3,1782.09,3,3,4,334,3,Low Risk,105.09761538461538,Budget Buyers
15051.0,23,3,1391.61,3,3,3,333,3,Low Risk,123.59053846153846,Budget Buyers
15052.0,319,1,215.78,1,1,1,111,1,High Risk,0.0,Loyal Customers
15053.0,5,3,697.79,4,3,3,433,3,Low Risk,272.2363802816901,Budget Buyers
15054.0,12,2,302.1,4,2,1,421,3,Low Risk,4.946666666666667,Budget Buyers
15057.0,275,2,1489.5,1,2,3,123,1,High Risk,158.88,Loyal Customers
15058.0,25,11,2124.9900000000002,3,4,4,344,3,Low Risk,807.3935434782609,Budget Buyers
15059.0,41,9,1337.72,3,4,3,343,3,Low Risk,496.1417215189874,Budget Buyers
15060.0,8,4,303.09,4,3,1,431,3,Low Risk,0.0,Budget Buyers
15061.0,4,48,54534.14,4,4,4,444,0,Low Risk,79676.67898759307,VIP Customers
15062.0,71,4,987.86,2,3,3,233,3,Low Risk,665.5056842105263,Budget Buyers
15063.0,213,1,370.79999999999995,1,1,2,112,1,High Risk,0.0,Loyal Customers
15065.0,38,4,3158.13,3,3,4,334,3,Low Risk,687.3177548387098,Budget Buyers
15066.0,53,1,893.59,2,1,3,213,3,Low Risk,0.0,Budget Buyers
15067.0,78,3,1744.76,2,3,4,234,3,Low Risk,434.062243902439,Budget Buyers
15068.0,46,2,553.36,3,2,2,322,3,Low Risk,74.49076923076923,Budget Buyers
15069.0,179,1,1109.53,1,1,3,113,1,High Risk,0.0,Loyal Customers
15070.0,373,1,106.2,1,1,1,111,1,High Risk,0.0,Loyal Customers
15071.0,94,2,982.07,2,2,3,223,3,High Risk,458.2993333333334,Budget Buyers
15073.0,10,3,1043.41,4,3,3,433,3,Low Risk,342.0066111111111,Budget Buyers
15074.0,105,1,748.87,2,1,3,213,3,High Risk,0.0,Budget Buyers
15075.0,78,1,773.03,2,1,3,213,3,Low Risk,0.0,Budget Buyers
15076.0,173,1,880.85,1,1,3,113,1,High Risk,0.0,Loyal Customers
15078.0,7,32,9743.11,4,4,4,444,0,Low Risk,8526.697478787879,VIP Customers
15079.0,213,4,895.61,1,3,3,133,1,High Risk,388.73285106382974,Loyal Customers
15081.0,22,5,504.8,3,4,2,342,3,Low Risk,879.5757575757576,Budget Buyers
15083.0,257,1,88.2,1,1,1,111,1,High Risk,0.0,Loyal Customers
15087.0,282,1,306.94,1,1,1,111,1,High Risk,0.0,Loyal Customers
15088.0,21,2,1160.07,3,2,3,323,3,Low Risk,61.056315789473686,Budget Buyers
15089.0,10,6,2420.84,4,4,4,444,3,Low Risk,394.01257931034485,Budget Buyers
15090.0,308,1,381.32,1,1,2,112,1,High Risk,0.0,Loyal Customers
15091.0,68,1,480.71,2,1,2,212,3,Low Risk,0.0,Budget Buyers
15092.0,215,2,457.81,1,2,2,122,1,High Risk,79.82328205128205,Loyal Customers
15093.0,18,6,4597.02,4,4,4,444,3,Low Risk,3005.089000000001,Budget Buyers
15095.0,104,4,1370.6,2,3,3,233,3,High Risk,384.93446808510635,Budget Buyers
15096.0,43,1,219.39000000000001,3,1,1,311,3,Low Risk,0.0,Budget Buyers
15097.0,4,1,248.08,4,1,1,411,3,Low Risk,0.0,Budget Buyers
15098.0,182,3,39916.5,1,3,4,134,0,High Risk,0.0,VIP Customers
15099.0,84,1,410.48,2,1,2,212,3,Low Risk,0.0,Budget Buyers
15100.0,334,3,876.0,1,3,3,133,1,High Risk,1168.0,Loyal Customers
15101.0,9,2,317.53,4,2,2,422,3,Low Risk,926.1291666666665,Budget Buyers
15103.0,31,2,703.36,3,2,3,323,3,Low Risk,73.68533333333333,Budget Buyers
15104.0,197,2,1027.44,1,2,3,123,1,High Risk,84.37913043478262,Loyal Customers
15105.0,18,7,2298.93,4,4,4,444,3,Low Risk,616.0828910891088,Budget Buyers
15106.0,18,5,1422.52,4,4,3,443,3,Low Risk,595.0875333333333,Budget Buyers
15107.0,311,6,319.5,1,4,2,142,1,High Risk,229.2882352941176,Loyal Customers
15108.0,142,4,1300.25,2,3,3,233,3,High Risk,245.6027777777778,Budget Buyers
15109.0,246,1,484.95,1,1,2,112,1,High Risk,0.0,Loyal Customers
15110.0,24,4,996.1,3,3,3,333,3,Low Risk,1115.632,Budget Buyers
15111.0,29,3,1567.48,3,3,3,333,3,Low Risk,640.0543333333335,Budget Buyers
15113.0,10,3,3609.33,4,3,4,434,3,Low Risk,158.81052,Budget Buyers
15114.0,30,10,2760.56,3,4,4,344,3,Low Risk,1265.8405414551605,Budget Buyers
15115.0,18,1,340.11,4,1,2,412,3,Low Risk,0.0,Budget Buyers
15116.0,18,4,1352.75,4,3,3,433,3,Low Risk,749.5237037037036,Budget Buyers
15117.0,15,5,1551.78,4,4,3,443,3,Low Risk,654.7594936708861,Budget Buyers
15118.0,134,1,244.8,2,1,1,211,3,High Risk,0.0,Budget Buyers
15119.0,246,1,266.4,1,1,1,111,1,High Risk,0.0,Loyal Customers
15120.0,134,1,358.82,2,1,2,212,3,High Risk,0.0,Budget Buyers
15121.0,50,2,457.72,3,2,2,322,3,Low Risk,259.3746666666667,Budget Buyers
15122.0,114,3,1633.78,2,3,3,233,3,High Risk,364.61187804878045,Budget Buyers
15123.0,7,2,2199.31,4,2,4,424,3,Low Risk,273.8763396226415,Budget Buyers
15124.0,23,2,184.19,3,2,1,321,3,Low Risk,138.34715555555556,Budget Buyers
15125.0,25,15,11528.48,3,4,4,344,0,Low Risk,11119.990551181101,VIP Customers
15127.0,66,1,406.53,2,1,2,212,3,Low Risk,0.0,Budget Buyers
15128.0,60,4,1471.0,2,3,3,233,3,Low Risk,305.7372549019608,Budget Buyers
15129.0,50,11,3447.4,3,4,4,344,3,Low Risk,3626.6100793650794,Budget Buyers
15130.0,170,1,330.11,1,1,2,112,1,High Risk,0.0,Loyal Customers
15132.0,18,5,977.9300000000001,4,4,3,443,3,Low Risk,764.7914102564104,Budget Buyers
15133.0,128,3,982.42,2,3,3,233,3,High Risk,589.452,Budget Buyers
15134.0,15,8,1387.99,4,4,3,443,3,Low Risk,1140.813698630137,Budget Buyers
15135.0,239,1,139.05,1,1,1,111,1,High Risk,0.0,Loyal Customers
15136.0,3,4,1286.7,4,3,3,433,3,Low Risk,234.6335294117647,Budget Buyers
15139.0,240,2,178.96,1,2,1,121,1,High Risk,88.10338461538463,Loyal Customers
15140.0,52,7,2354.25,2,4,4,244,3,Low Risk,1448.8446875000002,Budget Buyers
15142.0,46,1,498.74,3,1,2,312,3,Low Risk,0.0,Budget Buyers
15143.0,226,1,259.45,1,1,1,111,1,High Risk,0.0,Loyal Customers
15144.0,8,17,6580.44,4,4,4,444,0,Low Risk,5223.919188940092,VIP Customers
15145.0,4,4,1194.73,4,3,3,433,3,Low Risk,580.1276019900498,Budget Buyers
15146.0,165,2,1327.16,1,2,3,123,1,High Risk,122.50707692307694,Loyal Customers
15147.0,240,1,623.5,1,1,2,112,1,High Risk,0.0,Loyal Customers
15148.0,11,1,301.29,4,1,1,411,3,Low Risk,0.0,Budget Buyers
15149.0,134,1,520.8000000000001,2,1,2,212,3,High Risk,0.0,Budget Buyers
15150.0,17,10,5314.47,4,4,4,444,3,Low Risk,1296.338163265306,Budget Buyers
15152.0,10,13,4745.69,4,4,4,444,3,Low Risk,1343.152852398524,Budget Buyers
15153.0,31,1,329.25,3,1,2,312,3,Low Risk,0.0,Budget Buyers
15154.0,75,1,296.42,2,1,1,211,3,Low Risk,0.0,Budget Buyers
15156.0,1,3,961.49,4,3,3,433,3,Low Risk,55.941236363636364,Budget Buyers
15157.0,4,3,1936.07,4,3,4,434,3,Low Risk,548.295024,Budget Buyers
15158.0,45,1,401.40000000000003,3,1,2,312,3,Low Risk,0.0,Budget Buyers
15159.0,2,30,18641.010000000002,4,4,4,444,0,Low Risk,9425.524774647889,VIP Customers
15160.0,357,1,158.16,1,1,1,111,1,High Risk,0.0,Loyal Customers
15163.0,18,2,304.47,4,2,1,421,3,Low Risk,121.08806896551725,Budget Buyers
15164.0,69,3,843.05,2,3,3,233,3,Low Risk,220.99368932038837,Budget Buyers
15165.0,373,1,487.75,1,1,2,112,1,High Risk,0.0,Loyal Customers
15167.0,321,1,163.0,1,1,1,111,1,High Risk,0.0,Loyal Customers
15168.0,26,1,106.56,3,1,1,311,3,Low Risk,0.0,Budget Buyers
15171.0,331,1,1289.5,1,1,3,113,1,High Risk,0.0,Loyal Customers
15172.0,9,5,1624.05,4,4,3,443,3,Low Risk,558.5747727272726,Budget Buyers
15174.0,323,1,135.75,1,1,1,111,1,High Risk,0.0,Loyal Customers
15175.0,72,1,224.14,2,1,1,211,3,Low Risk,0.0,Budget Buyers
15178.0,260,1,40.5,1,1,1,111,1,High Risk,0.0,Loyal Customers
15179.0,18,5,2206.95,4,4,4,444,3,Low Risk,1186.5322580645159,Budget Buyers
15180.0,367,1,87.5,1,1,1,111,1,High Risk,0.0,Loyal Customers
15181.0,66,3,689.4799999999999,2,3,3,233,3,Low Risk,874.7777499999999,Budget Buyers
15182.0,154,2,622.85,1,2,2,122,1,High Risk,163.2296551724138,Loyal Customers
15184.0,29,2,406.76,3,2,2,322,3,Low Risk,69.29985185185184,Budget Buyers
15185.0,70,1,310.62,2,1,2,212,3,Low Risk,0.0,Budget Buyers
15186.0,14,2,411.41,4,2,2,422,3,Low Risk,222.30575438596495,Budget Buyers
15187.0,2,16,4777.18,4,4,4,444,0,Low Risk,5879.6061538461545,VIP Customers
15189.0,1,41,16225.39,4,4,4,444,0,Low Risk,34621.81881918239,VIP Customers
15192.0,120,3,1044.32,2,3,3,233,3,High Risk,501.6831372549019,Budget Buyers
15193.0,61,1,499.32,2,1,2,212,3,Low Risk,0.0,Budget Buyers
15194.0,3,15,7616.53,4,4,4,444,0,Low Risk,4483.9249193548385,VIP Customers
15195.0,3,1,3861.0,4,1,4,414,3,Low Risk,0.0,Budget Buyers
15197.0,11,3,1079.6100000000001,4,3,3,433,3,Low Risk,1170.7020937500001,Budget Buyers
15198.0,92,2,193.64,2,2,1,221,3,High Risk,40.01893333333333,Budget Buyers
15199.0,59,4,1268.7,2,3,3,233,3,Low Risk,3240.064615384616,Budget Buyers
15201.0,87,5,1236.54,2,4,3,243,3,Low Risk,477.8898550724637,Budget Buyers
15203.0,26,6,1827.8,3,4,4,344,3,Low Risk,733.6943661971831,Budget Buyers
15204.0,357,1,316.58,1,1,2,112,1,High Risk,0.0,Loyal Customers
15205.0,85,2,653.24,2,2,2,222,3,Low Risk,49.434378378378376,Budget Buyers
15206.0,10,4,420.29999999999995,4,3,2,432,3,Low Risk,1650.0666666666666,Budget Buyers
15208.0,1,5,870.12,4,4,3,443,3,Low Risk,1215.4057142857143,Budget Buyers
15210.0,225,1,331.18,1,1,2,112,1,High Risk,0.0,Loyal Customers
15211.0,60,2,894.4100000000001,2,2,3,223,3,Low Risk,348.5905641025641,Budget Buyers
15212.0,241,1,101.8,1,1,1,111,1,High Risk,0.0,Loyal Customers
15213.0,319,2,328.35,1,2,2,122,1,High Risk,10.032916666666667,Loyal Customers
15214.0,2,8,1661.44,4,4,3,443,3,Low Risk,970.6837333333334,Budget Buyers
15215.0,47,3,734.94,3,3,3,333,3,Low Risk,102.8916,Budget Buyers
15216.0,88,1,96.6,2,1,1,211,3,Low Risk,0.0,Budget Buyers
15218.0,11,11,5756.89,4,4,4,444,3,Low Risk,3916.534803212852,Budget Buyers
15219.0,176,1,305.75,1,1,1,111,1,High Risk,0.0,Loyal Customers
15220.0,52,6,1778.96,2,4,4,244,3,Low Risk,696.3792136752137,Budget Buyers
15221.0,366,1,403.25,1,1,2,112,1,High Risk,0.0,Loyal Customers
15222.0,319,1,585.0,1,1,2,112,1,High Risk,0.0,Loyal Customers
15223.0,226,2,755.75,1,2,3,123,1,High Risk,57.94083333333334,Loyal Customers
15224.0,358,2,322.08,1,2,2,122,1,High Risk,6.134857142857142,Loyal Customers
15225.0,234,1,409.40000000000003,1,1,2,112,1,High Risk,0.0,Loyal Customers
15226.0,311,1,154.41,1,1,1,111,1,High Risk,0.0,Loyal Customers
15227.0,37,5,1219.4,3,4,3,343,3,Low Risk,981.1264367816094,Budget Buyers
15228.0,66,4,3386.71,2,3,4,234,3,Low Risk,823.6478719999999,Budget Buyers
15230.0,239,2,429.6,1,2,2,122,1,High Risk,1.2452173913043478,Loyal Customers
15232.0,113,2,612.06,2,2,2,222,3,High Risk,35.53896774193548,Budget Buyers
15234.0,277,1,197.0,1,1,1,111,1,High Risk,0.0,Loyal Customers
15235.0,218,12,2247.51,1,4,4,144,1,High Risk,974.4448951048953,Loyal Customers
15236.0,299,1,321.05,1,1,2,112,1,High Risk,0.0,Loyal Customers
15237.0,2,4,1412.32,4,3,3,433,3,Low Risk,427.97575757575754,Budget Buyers
15238.0,29,3,1071.99,3,3,3,333,3,Low Risk,330.17292000000003,Budget Buyers
15239.0,10,2,780.59,4,2,3,423,3,Low Risk,72.21785034013605,Budget Buyers
15240.0,45,5,1706.57,3,4,4,344,3,Low Risk,973.6200641025641,Budget Buyers
15241.0,67,8,1756.44,2,4,4,244,3,Low Risk,919.7358545454546,Budget Buyers
15243.0,74,1,316.68,2,1,2,212,3,Low Risk,0.0,Budget Buyers
15244.0,65,2,631.57,2,2,2,222,3,Low Risk,225.38380392156864,Budget Buyers
15245.0,134,3,2515.84,2,3,4,234,3,High Risk,359.00188764044947,Budget Buyers
15246.0,238,2,514.15,1,2,2,122,1,High Risk,124.64242424242424,Loyal Customers
15247.0,122,1,356.0,2,1,2,212,3,High Risk,0.0,Budget Buyers
15249.0,32,13,6688.46,3,4,4,344,0,Low Risk,1854.9329066666667,VIP Customers
15251.0,9,11,10484.99,4,4,4,444,3,Low Risk,8035.343687687688,Budget Buyers
15252.0,36,2,740.78,3,2,3,323,3,Low Risk,163.86951515151515,Budget Buyers
15253.0,16,5,918.1999999999999,4,4,3,443,3,Low Risk,441.7754716981131,Budget Buyers
15254.0,127,1,300.36,2,1,1,211,3,High Risk,0.0,Budget Buyers
15255.0,67,1,890.85,2,1,3,213,3,Low Risk,0.0,Budget Buyers
15256.0,149,1,98.45,1,1,1,111,1,High Risk,0.0,Loyal Customers
15257.0,283,1,317.15,1,1,2,112,1,High Risk,0.0,Loyal Customers
15258.0,169,2,623.16,1,2,2,122,1,High Risk,58.65035294117647,Loyal Customers
15260.0,100,7,1810.77,2,4,4,244,3,High Risk,1492.5134545454546,Budget Buyers
15261.0,135,1,254.82,2,1,1,211,3,High Risk,0.0,Budget Buyers
15262.0,324,1,178.95000000000002,1,1,1,111,1,High Risk,0.0,Loyal Customers
15263.0,107,1,156.51,2,1,1,211,3,High Risk,0.0,Budget Buyers
15264.0,64,1,393.74,2,1,2,212,3,Low Risk,0.0,Budget Buyers
15265.0,151,2,1506.1200000000001,1,2,3,123,1,High Risk,102.85697560975609,Loyal Customers
15266.0,338,1,119.3,1,1,1,111,1,High Risk,0.0,Loyal Customers
15267.0,22,5,1717.36,3,4,4,344,3,Low Risk,4163.296969696969,Budget Buyers
15269.0,24,1,408.8,3,1,2,312,3,Low Risk,0.0,Budget Buyers
15270.0,16,7,2379.49,4,4,4,444,3,Low Risk,3981.293024390244,Budget Buyers
15271.0,7,15,2507.07,4,4,4,444,0,Low Risk,1637.8304014598543,VIP Customers
15272.0,57,2,721.94,2,2,3,223,3,Low Risk,21.390814814814817,Budget Buyers
15274.0,4,2,716.57,4,2,3,423,3,Low Risk,14.229758865248229,Budget Buyers
15275.0,38,1,615.14,3,1,2,312,3,Low Risk,0.0,Budget Buyers
15276.0,66,1,135.31,2,1,1,211,3,Low Risk,0.0,Budget Buyers
15277.0,47,1,255.89999999999998,3,1,1,311,3,Low Risk,0.0,Budget Buyers
15279.0,355,1,290.51,1,1,1,111,1,High Risk,0.0,Loyal Customers
15280.0,172,1,113.12,1,1,1,111,1,High Risk,0.0,Loyal Customers
15281.0,59,9,2332.15,2,4,4,244,3,Low Risk,1379.1563309352518,Budget Buyers
15286.0,50,1,240.55,3,1,1,311,3,Low Risk,0.0,Budget Buyers
15287.0,22,2,486.69,3,2,2,322,3,Low Risk,77.8704,Budget Buyers
15288.0,43,5,2306.52,3,4,4,344,3,Low Risk,1406.6277272727273,Budget Buyers
15289.0,29,3,939.78,3,3,3,333,3,Low Risk,356.46827586206894,Budget Buyers
15290.0,5,18,7943.22,4,4,4,444,0,Low Risk,8270.293764705882,VIP Customers
15291.0,26,15,4668.3,3,4,4,344,0,Low Risk,7886.254368932039,VIP Customers
15292.0,201,1,180.94,1,1,1,111,1,High Risk,0.0,Loyal Customers
15296.0,51,6,3672.86,3,4,4,344,3,Low Risk,1041.2747422680413,Budget Buyers
15297.0,10,3,641.94,4,3,2,432,3,Low Risk,87.238,Budget Buyers
15298.0,2,12,4799.9,4,4,4,444,3,Low Risk,3639.924166666666,Budget Buyers
15299.0,67,7,4507.01,2,4,4,244,3,Low Risk,45671.03466666667,Budget Buyers
15300.0,64,1,496.44,2,1,2,212,3,Low Risk,0.0,Budget Buyers
15301.0,51,12,5070.35,3,4,4,344,3,Low Risk,2645.762880658436,Budget Buyers
15303.0,290,1,574.02,1,1,2,112,1,High Risk,0.0,Loyal Customers
15304.0,61,8,694.4000000000001,2,4,3,243,3,Low Risk,2471.6614492753624,Budget Buyers
15306.0,64,3,1174.35,2,3,3,233,3,Low Risk,168.0535344827586,Budget Buyers
15307.0,96,1,205.3,2,1,1,211,3,High Risk,0.0,Budget Buyers
15308.0,274,1,310.47,1,1,2,112,1,High Risk,0.0,Loyal Customers
15311.0,1,91,60767.9,4,4,4,444,2,Low Risk,28900.726211293266,At Risk Customers
15312.0,75,4,924.85,2,3,3,233,3,Low Risk,732.0089361702128,Budget Buyers
15313.0,110,1,52.0,2,1,1,211,3,High Risk,0.0,Budget Buyers
15314.0,199,1,327.97,1,1,2,112,1,High Risk,0.0,Loyal Customers
15315.0,64,2,570.5,2,2,2,222,3,Low Risk,52.424324324324324,Budget Buyers
15316.0,327,1,165.0,1,1,1,111,1,High Risk,0.0,Loyal Customers
15318.0,4,1,312.62,4,1,2,412,3,Low Risk,0.0,Budget Buyers
15319.0,284,1,204.5,1,1,1,111,1,High Risk,0.0,Loyal Customers
15320.0,44,1,267.13,3,1,1,311,3,Low Risk,0.0,Budget Buyers
15321.0,71,3,2748.31,2,3,4,234,3,Low Risk,636.4507368421052,Budget Buyers
15322.0,86,1,679.68,2,1,3,213,3,Low Risk,0.0,Budget Buyers
15325.0,104,1,162.29,2,1,1,211,3,High Risk,0.0,Budget Buyers
15326.0,334,1,311.71,1,1,2,112,1,High Risk,0.0,Loyal Customers
15327.0,53,1,208.75,2,1,1,211,3,Low Risk,0.0,Budget Buyers
15329.0,39,3,1049.7,3,3,3,333,3,Low Risk,243.0884210526316,Budget Buyers
15330.0,32,2,714.96,3,2,3,323,3,Low Risk,102.66092307692308,Budget Buyers
15332.0,366,4,1661.06,1,3,3,133,1,High Risk,18.983542857142858,Loyal Customers
15333.0,208,1,1028.56,1,1,3,113,1,High Risk,0.0,Loyal Customers
15334.0,157,3,351.67,1,3,2,132,1,High Risk,5.6835555555555555,Loyal Customers
15335.0,54,1,173.97,2,1,1,211,3,Low Risk,0.0,Budget Buyers
15339.0,66,2,574.07,2,2,2,222,3,Low Risk,111.69889147286824,Budget Buyers
15341.0,81,1,2020.52,2,1,4,214,3,Low Risk,0.0,Budget Buyers
15342.0,130,1,406.09,2,1,2,212,3,High Risk,0.0,Budget Buyers
15343.0,87,1,364.5,2,1,2,212,3,Low Risk,0.0,Budget Buyers
15344.0,1,3,563.94,4,3,2,432,3,Low Risk,158.33700000000002,Budget Buyers
15345.0,46,1,393.54,3,1,2,312,3,Low Risk,0.0,Budget Buyers
15346.0,333,1,252.42000000000002,1,1,1,111,1,High Risk,0.0,Loyal Customers
15347.0,366,1,201.60000000000002,1,1,1,111,1,High Risk,0.0,Loyal Customers
15348.0,72,1,158.04,2,1,1,211,3,Low Risk,0.0,Budget Buyers
15349.0,158,2,473.81,1,2,2,122,1,High Risk,12.722675925925925,Loyal Customers
15350.0,373,1,115.65,1,1,1,111,1,High Risk,0.0,Loyal Customers
15351.0,12,7,1960.1100000000001,4,4,4,444,3,Low Risk,725.67628,Budget Buyers
15353.0,255,2,777.02,1,2,3,123,1,High Risk,92.91350264550265,Loyal Customers
15355.0,29,2,277.05,3,2,1,321,3,Low Risk,30.34357142857143,Budget Buyers
15356.0,31,10,2766.5,3,4,4,344,3,Low Risk,597.009633911368,Budget Buyers
15358.0,5,22,8347.2,4,4,4,444,0,Low Risk,3999.38439201452,VIP Customers
15360.0,40,1,427.93,3,1,2,312,3,Low Risk,0.0,Budget Buyers
15361.0,362,1,418.92,1,1,2,112,1,High Risk,0.0,Loyal Customers
15363.0,373,1,326.0,1,1,2,112,1,High Risk,0.0,Loyal Customers
15364.0,96,2,913.19,2,2,3,223,3,High Risk,331.6874022988506,Budget Buyers
15365.0,26,7,2314.32,3,4,4,344,3,Low Risk,1368.967649122807,Budget Buyers
15366.0,75,2,602.51,2,2,2,222,3,Low Risk,257.4360909090909,Budget Buyers
15367.0,57,4,1877.59,2,3,4,234,3,Low Risk,574.4766596491228,Budget Buyers
15368.0,21,1,446.94000000000005,3,1,2,312,3,Low Risk,0.0,Budget Buyers
15370.0,41,7,2386.05,3,4,4,344,3,Low Risk,1723.5403723404256,Budget Buyers
15372.0,137,1,2007.3999999999999,2,1,4,214,3,High Risk,0.0,Budget Buyers
15373.0,8,12,2415.91,4,4,4,444,3,Low Risk,2657.5009999999997,Budget Buyers
15374.0,129,1,168.0,2,1,1,211,3,High Risk,0.0,Budget Buyers
15376.0,40,3,1233.3600000000001,3,3,3,333,3,Low Risk,191.856,Budget Buyers
15379.0,169,7,3703.29,1,4,4,144,1,High Risk,841.830355670103,Loyal Customers
15380.0,9,5,1690.2600000000002,4,4,4,444,3,Low Risk,2785.7988888888895,Budget Buyers
15381.0,214,2,596.85,1,2,2,122,1,High Risk,268.58250000000004,Loyal Customers
15382.0,15,6,5955.71,4,4,4,444,3,Low Risk,1104.3700662251656,Budget Buyers
15384.0,170,2,642.41,1,2,2,122,1,High Risk,197.42356097560975,Loyal Customers
15385.0,40,1,316.88,3,1,2,312,3,Low Risk,0.0,Budget Buyers
15386.0,186,1,394.14,1,1,2,112,1,High Risk,0.0,Loyal Customers
15388.0,270,1,140.54,1,1,1,111,1,High Risk,0.0,Loyal Customers
15389.0,172,1,500.0,1,1,2,112,1,High Risk,0.0,Loyal Customers
15392.0,5,4,1535.53,4,3,3,433,3,Low Risk,865.2589682539682,Budget Buyers
15393.0,16,2,231.86,4,2,1,421,3,Low Risk,340.0613333333334,Budget Buyers
15394.0,10,4,2183.54,4,3,4,434,3,Low Risk,1191.9559529411765,Budget Buyers
15395.0,326,1,107.45,1,1,1,111,1,High Risk,0.0,Loyal Customers
15396.0,113,1,288.18,2,1,1,211,3,High Risk,0.0,Budget Buyers
15397.0,290,1,94.0,1,1,1,111,1,High Risk,0.0,Loyal Customers
15398.0,16,2,1345.53,4,2,3,423,3,Low Risk,76.18526027397262,Budget Buyers
15399.0,1,3,815.77,4,3,3,433,3,Low Risk,125.62858000000003,Budget Buyers
15400.0,92,5,716.2,2,4,3,243,3,High Risk,1850.1833333333334,Budget Buyers
15402.0,149,2,626.77,1,2,2,122,1,High Risk,46.759031746031745,Loyal Customers
15405.0,189,1,349.1,1,1,2,112,1,High Risk,0.0,Loyal Customers
15406.0,31,2,510.71000000000004,3,2,2,322,3,Low Risk,172.80627672955978,Budget Buyers
15407.0,34,4,1056.44,3,3,3,333,3,Low Risk,249.49476252723315,Budget Buyers
15408.0,264,1,267.18,1,1,1,111,1,High Risk,0.0,Loyal Customers
15410.0,84,8,3450.84,2,4,4,244,3,Low Risk,1335.0790819672134,Budget Buyers
15411.0,26,4,1358.88,3,3,3,333,3,Low Risk,285.50206060606064,Budget Buyers
15412.0,171,1,190.53,1,1,1,111,1,High Risk,0.0,Loyal Customers
15414.0,10,3,774.9000000000001,4,3,3,433,3,Low Risk,460.96615384615393,Budget Buyers
15415.0,313,1,572.8100000000001,1,1,2,112,1,High Risk,0.0,Loyal Customers
15416.0,65,4,3984.32,2,3,4,234,3,Low Risk,603.1817777777778,Budget Buyers
15417.0,85,1,508.8,2,1,2,212,3,Low Risk,0.0,Budget Buyers
15419.0,25,1,135.86,3,1,1,311,3,Low Risk,0.0,Budget Buyers
15421.0,59,4,950.36,2,3,3,233,3,Low Risk,600.101534591195,Budget Buyers
15422.0,323,2,97.7,1,2,1,121,1,High Risk,0.0,Loyal Customers
15423.0,38,1,43.5,3,1,1,311,3,Low Risk,0.0,Budget Buyers
15424.0,254,2,383.34,1,2,2,122,1,High Risk,0.0,Loyal Customers
15426.0,19,5,1447.39,3,4,3,343,3,Low Risk,289.14754566210047,Budget Buyers
15427.0,33,3,1483.14,3,3,3,333,3,Low Risk,6.3009215686274525,Budget Buyers
15428.0,15,1,93.78,4,1,1,411,3,Low Risk,0.0,Budget Buyers
15429.0,27,2,397.35,3,2,2,322,3,Low Risk,15.506341463414635,Budget Buyers
15432.0,23,1,171.19,3,1,1,311,3,Low Risk,0.0,Budget Buyers
15433.0,214,2,533.3,1,2,2,122,1,High Risk,45.95918699186991,Loyal Customers
15434.0,8,5,1041.48,4,4,3,443,3,Low Risk,602.796,Budget Buyers
15435.0,22,1,149.29,3,1,1,311,3,Low Risk,0.0,Budget Buyers
15436.0,12,3,1122.53,4,3,3,433,3,Low Risk,75.40399088145897,Budget Buyers
15437.0,262,1,200.16,1,1,1,111,1,High Risk,0.0,Loyal Customers
15438.0,131,1,156.57999999999998,2,1,1,211,3,High Risk,0.0,Budget Buyers
15440.0,55,3,383.68,2,3,2,232,3,Low Risk,95.3011612903226,Budget Buyers
15442.0,249,1,594.0,1,1,2,112,1,High Risk,0.0,Loyal Customers
15443.0,2,7,3236.91,4,4,4,444,3,Low Risk,628.740109947644,Budget Buyers
15444.0,9,2,1418.26,4,2,3,423,3,Low Risk,13.383884322678846,Budget Buyers
15445.0,264,1,113.5,1,1,1,111,1,High Risk,0.0,Loyal Customers
15447.0,331,1,155.17,1,1,1,111,1,High Risk,0.0,Loyal Customers
15448.0,313,1,494.64,1,1,2,112,1,High Risk,0.0,Loyal Customers
15449.0,26,3,974.52,3,3,3,333,3,Low Risk,381.68699999999995,Budget Buyers
15450.0,30,1,429.84,3,1,2,312,3,Low Risk,0.0,Budget Buyers
15452.0,30,3,538.73,3,3,2,332,3,Low Risk,217.34968965517243,Budget Buyers
15453.0,2,7,1388.37,4,4,3,443,3,Low Risk,209.55001748251746,Budget Buyers
15454.0,362,1,179.1,1,1,1,111,1,High Risk,0.0,Loyal Customers
15456.0,283,3,447.22,1,3,2,132,1,High Risk,55.9025,Loyal Customers
15457.0,262,1,237.07,1,1,1,111,1,High Risk,0.0,Loyal Customers
15458.0,25,1,161.64,3,1,1,311,3,Low Risk,0.0,Budget Buyers
15460.0,354,1,216.76,1,1,1,111,1,High Risk,0.0,Loyal Customers
15462.0,94,3,234.6,2,3,1,231,3,High Risk,196.2109090909091,Budget Buyers
15463.0,29,1,126.14,3,1,1,311,3,Low Risk,0.0,Budget Buyers
15464.0,338,1,1048.85,1,1,3,113,1,High Risk,0.0,Loyal Customers
15465.0,20,18,7354.62,3,4,4,344,0,Low Risk,15876.880701030928,VIP Customers
15466.0,85,1,334.53,2,1,2,212,3,Low Risk,0.0,Budget Buyers
15467.0,9,3,524.88,4,3,2,432,3,Low Risk,143.3326153846154,Budget Buyers
15468.0,51,2,467.51,3,2,2,322,3,Low Risk,0.0,Budget Buyers
15469.0,50,2,538.55,3,2,2,322,3,Low Risk,103.22208333333332,Budget Buyers
15471.0,2,1,469.48,4,1,2,412,3,Low Risk,0.0,Budget Buyers
15472.0,113,1,371.56,2,1,2,212,3,High Risk,0.0,Budget Buyers
15473.0,14,7,1771.2,4,4,4,444,3,Low Risk,1728.2618181818184,Budget Buyers
15475.0,77,1,454.10999999999996,2,1,2,212,3,Low Risk,0.0,Budget Buyers
15478.0,40,2,1441.42,3,2,3,323,3,Low Risk,33.424231884057974,Budget Buyers
15480.0,116,1,905.5,2,1,3,213,3,High Risk,0.0,Budget Buyers
15482.0,16,12,11054.96,4,4,4,444,0,Low Risk,15476.944,VIP Customers
15483.0,161,4,233.81,1,3,1,131,1,High Risk,37.19704545454545,Loyal Customers
15484.0,1,4,3594.31,4,3,4,434,3,Low Risk,196.28501418439717,Budget Buyers
15485.0,30,3,2575.0,3,3,4,334,3,Low Risk,1027.0058139534883,Budget Buyers
15488.0,93,1,91.32000000000001,2,1,1,211,3,High Risk,0.0,Budget Buyers
15489.0,23,3,1134.28,3,3,3,333,3,Low Risk,426.48928000000006,Budget Buyers
15491.0,95,6,3100.09,2,4,4,244,3,High Risk,563.6527272727274,Budget Buyers
15492.0,28,2,659.4599999999999,3,2,2,322,3,Low Risk,57.781257142857136,Budget Buyers
15493.0,33,5,2001.8,3,4,4,344,3,Low Risk,267.3560044893378,Budget Buyers
15494.0,21,2,1299.23,3,2,3,323,3,Low Risk,68.599344,Budget Buyers
15497.0,18,2,1262.2,4,2,3,423,3,Low Risk,1694.152888888889,Budget Buyers
15498.0,3,27,13316.4,4,4,4,444,0,Low Risk,8520.4153125,VIP Customers
15500.0,8,4,1131.56,4,3,3,433,3,Low Risk,161.96839215686273,Budget Buyers
15502.0,16,12,10384.93,4,4,4,444,0,Low Risk,6884.282234741785,VIP Customers
15503.0,363,1,147.09,1,1,1,111,1,High Risk,0.0,Loyal Customers
15504.0,81,1,52.83,2,1,1,211,3,Low Risk,0.0,Budget Buyers
15505.0,53,5,3610.96,2,4,4,244,3,Low Risk,632.8486597938144,Budget Buyers
15506.0,23,3,979.26,3,3,3,333,3,Low Risk,69.26473170731708,Budget Buyers
15507.0,172,1,492.36,1,1,2,112,1,High Risk,0.0,Loyal Customers
15508.0,189,6,1000.27,1,4,3,143,1,High Risk,100.027,Loyal Customers
15510.0,331,1,250.0,1,1,1,111,1,High Risk,0.0,Loyal Customers
15511.0,12,5,909.23,4,4,3,443,3,Low Risk,69.13936458333333,Budget Buyers
15512.0,156,2,121.0,1,2,1,121,1,High Risk,233.9333333333333,Loyal Customers
15513.0,33,19,14758.220000000001,3,4,4,344,0,Low Risk,10317.97632034632,VIP Customers
15514.0,12,11,4139.46,4,4,4,444,3,Low Risk,3001.49608988764,Budget Buyers
15516.0,45,3,62.43,3,3,1,331,3,Low Risk,0.4162,Budget Buyers
15517.0,233,1,267.03,1,1,1,111,1,High Risk,0.0,Loyal Customers
15518.0,64,8,1942.45,2,4,4,244,3,Low Risk,648.6935825545172,Budget Buyers
15520.0,2,1,343.5,4,1,2,412,3,Low Risk,0.0,Budget Buyers
15521.0,40,8,3000.2,3,4,4,344,3,Low Risk,925.4670990990991,Budget Buyers
15522.0,33,2,398.84,3,2,2,322,3,Low Risk,25.189894736842103,Budget Buyers
15523.0,84,1,412.01000000000005,2,1,2,212,3,Low Risk,0.0,Budget Buyers
15524.0,25,1,440.0,3,1,2,312,3,Low Risk,0.0,Budget Buyers
15525.0,2,3,825.92,4,3,3,433,3,Low Risk,172.14399999999998,Budget Buyers
15526.0,33,2,148.44,3,2,1,321,3,Low Risk,0.0,Budget Buyers
15527.0,19,8,2429.78,3,4,4,344,3,Low Risk,1331.6585685071575,Budget Buyers
15528.0,254,1,229.33,1,1,1,111,1,High Risk,0.0,Loyal Customers
15529.0,23,11,3995.23,3,4,4,344,3,Low Risk,747.7183923611111,Budget Buyers
15530.0,22,4,1502.35,3,3,3,333,3,Low Risk,417.31944444444446,Budget Buyers
15531.0,8,2,2007.44,4,2,4,424,3,Low Risk,12.9133567251462,Budget Buyers
15532.0,25,4,1580.93,3,3,3,333,3,Low Risk,273.36914583333333,Budget Buyers
15533.0,19,3,807.57,3,3,3,333,3,Low Risk,67.13533734939759,Budget Buyers
15535.0,173,4,536.4,1,3,2,132,1,High Risk,146.85440000000003,Loyal Customers
15537.0,163,1,110.92,1,1,1,111,1,High Risk,0.0,Loyal Customers
15539.0,7,1,538.46,4,1,2,412,3,Low Risk,0.0,Budget Buyers
15540.0,11,1,213.3,4,1,1,411,3,Low Risk,0.0,Budget Buyers
15541.0,114,1,85.13000000000001,2,1,1,211,3,High Risk,0.0,Budget Buyers
15543.0,288,1,127.86,1,1,1,111,1,High Risk,0.0,Loyal Customers
15544.0,9,9,3546.71,4,4,4,444,3,Low Risk,1491.2614633204632,Budget Buyers
15545.0,54,2,292.71999999999997,2,2,1,221,3,Low Risk,76.13129218106995,Budget Buyers
15547.0,7,14,4954.84,4,4,4,444,0,Low Risk,1166.0107806267806,VIP Customers
15549.0,77,3,1693.26,2,3,4,234,3,Low Risk,351.9036,Budget Buyers
15550.0,4,4,575.63,4,3,2,432,3,Low Risk,373.68767213114756,Budget Buyers
15551.0,37,1,436.06,3,1,2,312,3,Low Risk,0.0,Budget Buyers
15552.0,217,1,90.12,1,1,1,111,1,High Risk,0.0,Loyal Customers
15553.0,60,1,437.23,2,1,2,212,3,Low Risk,0.0,Budget Buyers
15554.0,278,1,217.2,1,1,1,111,1,High Risk,0.0,Loyal Customers
15555.0,12,16,4805.17,4,4,4,444,0,Low Risk,1017.6911768631812,VIP Customers
15556.0,24,1,279.77,3,1,1,311,3,Low Risk,0.0,Budget Buyers
15557.0,29,1,473.65000000000003,3,1,2,312,3,Low Risk,0.0,Budget Buyers
15561.0,12,4,800.59,4,3,3,433,3,Low Risk,802.5667654320988,Budget Buyers
15562.0,352,1,134.55,1,1,1,111,1,High Risk,0.0,Loyal Customers
15563.0,22,4,1400.44,3,3,3,333,3,Low Risk,555.2186902654867,Budget Buyers
15565.0,50,2,173.16,3,2,1,321,3,Low Risk,28.86,Budget Buyers
15567.0,19,1,186.01,3,1,1,311,3,Low Risk,0.0,Budget Buyers
15568.0,3,3,758.29,4,3,3,433,3,Low Risk,100.15150943396226,Budget Buyers
15569.0,104,5,1375.71,2,4,3,243,3,High Risk,1686.3541935483872,Budget Buyers
15570.0,7,12,4165.52,4,4,4,444,3,Low Risk,1867.391009287926,Budget Buyers
15571.0,12,4,650.4300000000001,4,3,2,432,3,Low Risk,100.41726315789475,Budget Buyers
15572.0,5,7,2552.86,4,4,4,444,3,Low Risk,756.3589860465116,Budget Buyers
15573.0,32,2,607.45,3,2,2,322,3,Low Risk,20.63772435897436,Budget Buyers
15574.0,178,4,702.25,1,3,3,133,1,High Risk,108.12420634920635,Loyal Customers
15576.0,38,1,940.6700000000001,3,1,3,313,3,Low Risk,0.0,Budget Buyers
15577.0,151,3,258.88,1,3,1,131,1,High Risk,102.22441025641027,Loyal Customers
15578.0,162,1,127.1,1,1,1,111,1,High Risk,0.0,Loyal Customers
15579.0,69,2,348.6,2,2,2,222,3,Low Risk,111.64313725490196,Budget Buyers
15581.0,121,13,3679.9700000000003,2,4,4,244,3,High Risk,2604.600988888889,Budget Buyers
15582.0,25,3,682.9100000000001,3,3,3,333,3,Low Risk,302.6532954545455,Budget Buyers
15584.0,24,4,725.11,3,3,3,333,3,Low Risk,108.47173983739837,Budget Buyers
15585.0,177,1,455.3,1,1,2,112,1,High Risk,0.0,Loyal Customers
15587.0,50,4,913.6800000000001,3,3,3,333,3,Low Risk,4074.3360000000002,Budget Buyers
15589.0,256,3,478.53000000000003,1,3,2,132,1,High Risk,89.10558620689656,Loyal Customers
15592.0,47,1,388.58,3,1,2,312,3,Low Risk,0.0,Budget Buyers
15593.0,71,1,199.8,2,1,1,211,3,Low Risk,0.0,Budget Buyers
15594.0,16,5,1771.78,4,4,4,444,3,Low Risk,624.9968284789644,Budget Buyers
15596.0,101,5,1406.59,2,4,3,243,3,High Risk,803.7657142857144,Budget Buyers
15597.0,35,1,324.57,3,1,2,312,3,Low Risk,0.0,Budget Buyers
15598.0,53,1,240.68,2,1,1,211,3,Low Risk,0.0,Budget Buyers
15599.0,27,2,761.74,3,2,3,323,3,Low Risk,172.85638461538463,Budget Buyers
15601.0,11,14,6776.56,4,4,4,444,0,Low Risk,2784.4499382113822,VIP Customers
15602.0,8,9,1297.8700000000001,4,4,3,443,3,Low Risk,2974.0552978723404,Budget Buyers
15603.0,79,1,48.480000000000004,2,1,1,211,3,Low Risk,0.0,Budget Buyers
15604.0,52,1,216.39,2,1,1,211,3,Low Risk,0.0,Budget Buyers
15605.0,36,5,1198.23,3,4,3,343,3,Low Risk,1004.4863432835821,Budget Buyers
15606.0,61,9,2920.16,2,4,4,244,3,Low Risk,2992.2158961038963,Budget Buyers
15607.0,337,1,104.76,1,1,1,111,1,High Risk,0.0,Loyal Customers
15608.0,28,4,1093.68,3,3,3,333,3,Low Risk,223.59680000000003,Budget Buyers
15609.0,184,1,298.48,1,1,1,111,1,High Risk,0.0,Loyal Customers
15610.0,52,1,112.46000000000001,2,1,1,211,3,Low Risk,0.0,Budget Buyers
15611.0,10,13,1591.45,4,4,3,443,3,Low Risk,5212.307170542636,Budget Buyers
15612.0,36,2,195.15,3,2,1,321,3,Low Risk,54.208333333333336,Budget Buyers
15615.0,10,23,10399.74,4,4,4,444,0,Low Risk,6559.457758865248,VIP Customers
15618.0,33,4,776.851,3,3,3,333,3,Low Risk,237.0834162962963,Budget Buyers
15619.0,11,1,336.40000000000003,4,1,2,412,3,Low Risk,0.0,Budget Buyers
15620.0,57,3,1553.18,2,3,3,233,3,Low Risk,467.50717999999995,Budget Buyers
15621.0,4,4,1293.03,4,3,3,433,3,Low Risk,183.17925,Budget Buyers
15622.0,43,9,3709.56,3,4,4,344,3,Low Risk,1437.705145945946,Budget Buyers
15623.0,141,1,301.03,2,1,1,211,3,High Risk,0.0,Budget Buyers
15624.0,117,4,588.13,2,3,2,232,3,High Risk,320.58850980392157,Budget Buyers
15625.0,104,4,1534.26,2,3,3,233,3,High Risk,418.72512499999993,Budget Buyers
15626.0,75,2,675.8,2,2,3,223,3,Low Risk,233.541768707483,Budget Buyers
15628.0,5,9,2870.2400000000002,4,4,4,444,3,Low Risk,2011.0197677419355,Budget Buyers
15630.0,45,2,1186.35,3,2,3,323,3,Low Risk,209.58849999999995,Budget Buyers
15632.0,16,8,3285.31,4,4,4,444,3,Low Risk,1358.7150339321356,Budget Buyers
15634.0,17,1,243.55,4,1,1,411,3,Low Risk,0.0,Budget Buyers
15636.0,90,2,724.76,2,2,3,223,3,Low Risk,371.07712000000004,Budget Buyers
15637.0,53,1,223.36,2,1,1,211,3,Low Risk,0.0,Budget Buyers
15639.0,134,1,425.32,2,1,2,212,3,High Risk,0.0,Budget Buyers
15640.0,4,15,12515.66,4,4,4,444,0,Low Risk,4745.090103305785,VIP Customers
15641.0,105,4,1887.2,2,3,4,234,3,High Risk,534.9709803921569,Budget Buyers
15643.0,192,3,664.0,1,3,2,132,1,High Risk,181.09090909090907,Loyal Customers
15644.0,166,4,813.0,1,3,3,133,1,High Risk,42.81344537815126,Loyal Customers
15645.0,19,1,612.01,3,1,2,312,3,Low Risk,0.0,Budget Buyers
15646.0,158,3,447.64000000000004,1,3,2,132,1,High Risk,273.69988571428576,Loyal Customers
15648.0,204,2,657.35,1,2,2,122,1,High Risk,108.68186666666668,Loyal Customers
15649.0,336,2,816.0,1,2,3,123,1,High Risk,843.2,Loyal Customers
15651.0,37,3,646.3,3,3,2,332,3,Low Risk,450.3903125,Budget Buyers
15652.0,91,1,337.74,2,1,2,212,3,High Risk,0.0,Budget Buyers
15653.0,93,2,877.4399999999999,2,2,3,223,3,High Risk,224.23466666666664,Budget Buyers
15654.0,9,2,922.53,4,2,3,423,3,Low Risk,46.858666666666664,Budget Buyers
15655.0,243,1,560.67,1,1,2,112,1,High Risk,0.0,Loyal Customers
15656.0,45,4,748.5,3,3,3,333,3,Low Risk,505.37021276595743,Budget Buyers
15657.0,23,1,30.0,3,1,1,311,3,Low Risk,0.0,Budget Buyers
15658.0,190,5,1024.1000000000001,1,4,3,143,1,High Risk,647.1743055555556,Loyal Customers
15659.0,44,1,306.45,3,1,1,311,3,Low Risk,0.0,Budget Buyers
15660.0,25,9,1600.86,3,4,3,343,3,Low Risk,1814.308,Budget Buyers
15661.0,317,2,309.8,1,2,2,122,1,High Risk,86.744,Loyal Customers
15663.0,106,1,138.14,2,1,1,211,3,High Risk,0.0,Budget Buyers
15664.0,51,1,386.43,3,1,2,312,3,Low Risk,0.0,Budget Buyers
15665.0,168,2,2242.01,1,2,4,124,1,High Risk,95.34985057471266,Loyal Customers
15667.0,40,1,301.32,3,1,1,311,3,Low Risk,0.0,Budget Buyers
15668.0,218,1,76.32000000000001,1,1,1,111,1,High Risk,0.0,Loyal Customers
15669.0,40,4,684.34,3,3,3,333,3,Low Risk,616.5972525252525,Budget Buyers
15670.0,297,1,173.05,1,1,1,111,1,High Risk,0.0,Loyal Customers
15671.0,19,7,2657.13,3,4,4,344,3,Low Risk,2003.0672307692312,Budget Buyers
15673.0,88,4,2881.02,2,3,4,234,3,Low Risk,589.8346322580645,Budget Buyers
15674.0,73,5,2446.6,2,4,4,244,3,Low Risk,647.4190058479531,Budget Buyers
15675.0,81,3,323.69,2,3,2,232,3,Low Risk,305.19342857142857,Budget Buyers
15676.0,19,3,3435.76,3,3,4,334,3,Low Risk,450.730891089109,Budget Buyers
15677.0,49,1,657.23,3,1,2,312,3,Low Risk,0.0,Budget Buyers
15678.0,53,1,352.7,2,1,2,212,3,Low Risk,0.0,Budget Buyers
15679.0,24,4,781.28,3,3,3,333,3,Low Risk,149.6269575757576,Budget Buyers
15680.0,9,3,1333.68,4,3,3,433,3,Low Risk,608.7052307692309,Budget Buyers
15681.0,25,5,1426.16,3,4,3,343,3,Low Risk,1143.6188679245283,Budget Buyers
15683.0,117,1,193.75,2,1,1,211,3,High Risk,0.0,Budget Buyers
15687.0,9,9,2993.1,4,4,4,444,3,Low Risk,1736.358614457831,Budget Buyers
15689.0,120,2,254.1,2,2,1,221,3,High Risk,453.61555555555555,Budget Buyers
15690.0,4,2,239.76,4,2,1,421,3,Low Risk,80.76126315789475,Budget Buyers
15691.0,252,1,136.8,1,1,1,111,1,High Risk,0.0,Loyal Customers
15692.0,28,1,191.04,3,1,1,311,3,Low Risk,0.0,Budget Buyers
15694.0,1,14,6479.4,4,4,4,444,0,Low Risk,14420.818461538462,VIP Customers
15695.0,267,2,409.98,1,2,2,122,1,High Risk,0.0,Loyal Customers
15696.0,33,8,2736.46,3,4,4,344,3,Low Risk,1250.343516569201,Budget Buyers
15699.0,18,1,309.65,4,1,2,412,3,Low Risk,0.0,Budget Buyers
15700.0,172,2,696.68,1,2,3,123,1,High Risk,0.540062015503876,Loyal Customers
15701.0,2,4,1542.14,4,3,3,433,3,Low Risk,93.69964556962026,Budget Buyers
15703.0,265,1,211.5,1,1,1,111,1,High Risk,0.0,Loyal Customers
15704.0,140,4,2293.62,2,3,4,234,3,High Risk,196.03589743589743,Budget Buyers
15705.0,201,1,143.1,1,1,1,111,1,High Risk,0.0,Loyal Customers
15706.0,64,4,1060.56,2,3,3,233,3,Low Risk,133.69483636363637,Budget Buyers
15707.0,35,4,945.58,3,3,3,333,3,Low Risk,30.046467289719622,Budget Buyers
15708.0,41,7,3364.2400000000002,3,4,4,344,3,Low Risk,894.0156296296298,Budget Buyers
15709.0,284,1,133.25,1,1,1,111,1,High Risk,0.0,Loyal Customers
15712.0,9,5,1072.3600000000001,4,4,3,443,3,Low Risk,937.4719496855348,Budget Buyers
15713.0,143,2,356.7,1,2,2,122,3,High Risk,277.85052631578947,Budget Buyers
15714.0,12,2,330.88,4,2,2,422,3,Low Risk,41.59634285714286,Budget Buyers
15716.0,146,4,1118.81,1,3,3,133,3,High Risk,281.9148361581921,Budget Buyers
15717.0,234,1,150.3,1,1,1,111,1,High Risk,0.0,Loyal Customers
15719.0,33,13,5045.61,3,4,4,344,3,Low Risk,709.3650202774812,Budget Buyers
15720.0,24,1,598.73,3,1,2,312,3,Low Risk,0.0,Budget Buyers
15721.0,12,1,507.08,4,1,2,412,3,Low Risk,0.0,Budget Buyers
15722.0,36,5,2222.56,3,4,4,344,3,Low Risk,1363.59961352657,Budget Buyers
15723.0,365,1,203.1,1,1,1,111,1,High Risk,0.0,Loyal Customers
15724.0,201,2,218.25,1,2,1,121,1,High Risk,109.78636363636363,Loyal Customers
15725.0,15,1,415.25,4,1,2,412,3,Low Risk,0.0,Budget Buyers
15727.0,17,7,5178.96,4,4,4,444,3,Low Risk,1368.4801589403974,Budget Buyers
15729.0,213,1,85.0,1,1,1,111,1,High Risk,0.0,Loyal Customers
15730.0,66,3,1120.88,2,3,3,233,3,Low Risk,224.17600000000002,Budget Buyers
15732.0,212,2,294.12,1,2,1,121,1,High Risk,222.69085714285714,Loyal Customers
15733.0,283,1,162.3,1,1,1,111,1,High Risk,0.0,Loyal Customers
15734.0,115,2,1339.45,2,2,3,223,3,High Risk,291.9314102564103,Budget Buyers
15737.0,15,8,1205.1200000000001,4,4,3,443,3,Low Risk,1017.656888888889,Budget Buyers
15738.0,19,16,4812.42,3,4,4,344,0,Low Risk,5237.0998381502895,VIP Customers
15739.0,66,1,449.12,2,1,2,212,3,Low Risk,0.0,Budget Buyers
15740.0,49,1,154.88,3,1,1,311,3,Low Risk,0.0,Budget Buyers
15743.0,16,4,784.46,4,3,3,433,3,Low Risk,199.68072727272727,Budget Buyers
15744.0,78,1,34.8,2,1,1,211,3,Low Risk,0.0,Budget Buyers
15745.0,19,4,1094.59,3,3,3,333,3,Low Risk,510.8086666666666,Budget Buyers
15746.0,134,1,196.88,2,1,1,211,3,High Risk,0.0,Budget Buyers
15747.0,13,3,974.04,4,3,3,433,3,Low Risk,167.57677419354837,Budget Buyers
15748.0,40,1,149.31,3,1,1,311,3,Low Risk,0.0,Budget Buyers
15749.0,235,3,44534.3,1,3,4,134,0,High Risk,43198.271,VIP Customers
15750.0,3,8,2465.48,4,4,4,444,3,Low Risk,816.7779021615472,Budget Buyers
15752.0,40,7,2637.38,3,4,4,344,3,Low Risk,498.59957664233576,Budget Buyers
15753.0,305,1,79.2,1,1,1,111,1,High Risk,0.0,Loyal Customers
15754.0,51,3,458.57,3,3,2,332,3,Low Risk,319.36125000000004,Budget Buyers
15755.0,10,6,2364.25,4,4,4,444,3,Low Risk,952.4070921985816,Budget Buyers
15756.0,61,4,532.96,2,3,2,232,3,Low Risk,69.21077777777778,Budget Buyers
15757.0,66,2,714.42,2,2,3,223,3,Low Risk,160.87679999999997,Budget Buyers
15758.0,25,1,205.25,3,1,1,311,3,Low Risk,0.0,Budget Buyers
15759.0,218,3,253.04,1,3,1,131,1,High Risk,502.4651428571429,Loyal Customers
15762.0,65,2,583.75,2,2,2,222,3,Low Risk,12.621621621621621,Budget Buyers
15763.0,32,2,1086.92,3,2,3,323,3,Low Risk,53.45508196721312,Budget Buyers
15764.0,88,6,3279.97,2,4,4,244,3,Low Risk,685.1492888888887,Budget Buyers
15766.0,64,1,315.06,2,1,2,212,3,Low Risk,0.0,Budget Buyers
15768.0,116,3,621.8299999999999,2,3,2,232,3,High Risk,253.33814814814812,Budget Buyers
15769.0,7,26,56252.72,4,4,4,444,0,Low Risk,136131.58239999998,VIP Customers
15773.0,6,1,635.6800000000001,4,1,2,412,3,Low Risk,0.0,Budget Buyers
15774.0,69,1,270.8,2,1,1,211,3,Low Risk,0.0,Budget Buyers
15775.0,245,1,104.9,1,1,1,111,1,High Risk,0.0,Loyal Customers
15776.0,133,1,241.62,2,1,1,211,3,High Risk,0.0,Budget Buyers
15777.0,241,4,1047.11,1,3,3,133,1,High Risk,797.7980952380951,Loyal Customers
15780.0,184,3,475.28000000000003,1,3,2,132,1,High Risk,285.168,Loyal Customers
15781.0,25,3,345.46,3,3,2,332,3,Low Risk,483.64400000000006,Budget Buyers
15782.0,10,3,2614.7400000000002,4,3,4,434,3,Low Risk,480.3824651162791,Budget Buyers
15783.0,11,1,246.3,4,1,1,411,3,Low Risk,0.0,Budget Buyers
15785.0,33,5,2328.9700000000003,3,4,4,344,3,Low Risk,1225.2814056224902,Budget Buyers
15786.0,46,3,4932.2,3,3,4,334,3,Low Risk,125.61408239700373,Budget Buyers
15787.0,26,3,948.05,3,3,3,333,3,Low Risk,16.10764563106796,Budget Buyers
15789.0,358,1,351.3,1,1,2,112,1,High Risk,0.0,Loyal Customers
15790.0,10,1,220.85,4,1,1,411,3,Low Risk,0.0,Budget Buyers
15791.0,44,2,1612.69,3,2,3,323,3,Low Risk,229.36035555555557,Budget Buyers
15793.0,15,3,965.61,4,3,3,433,3,Low Risk,2035.8277500000002,Budget Buyers
15795.0,150,1,610.01,1,1,2,112,1,High Risk,0.0,Loyal Customers
15796.0,1,8,2711.56,4,4,4,444,3,Low Risk,1636.450245614035,Budget Buyers
15797.0,113,4,2207.4,2,3,4,234,3,High Risk,7578.74,Budget Buyers
15799.0,76,3,884.14,2,3,3,233,3,Low Risk,232.76338775510203,Budget Buyers
15800.0,107,2,699.08,2,2,3,223,3,High Risk,54.438162464986,Budget Buyers
15801.0,46,3,1063.95,3,3,3,333,3,Low Risk,104.73257812500002,Budget Buyers
15802.0,143,1,451.42,1,1,2,112,3,High Risk,0.0,Budget Buyers
15803.0,51,1,415.82000000000005,3,1,2,312,3,Low Risk,0.0,Budget Buyers
15804.0,1,13,4206.39,4,4,4,444,3,Low Risk,1372.274760456274,Budget Buyers
15805.0,23,17,5528.4800000000005,3,4,4,344,0,Low Risk,3549.1249789590256,VIP Customers
15806.0,46,3,784.58,3,3,3,333,3,Low Risk,582.1077419354839,Budget Buyers
15807.0,50,3,903.9,3,3,3,333,3,Low Risk,48.96125000000001,Budget Buyers
15808.0,306,4,3734.9700000000003,1,3,4,134,1,High Risk,150.83532692307693,Loyal Customers
15809.0,36,5,515.77,3,4,2,342,3,Low Risk,653.3086666666667,Budget Buyers
15810.0,79,4,1391.98,2,3,3,233,3,Low Risk,454.60919850187264,Budget Buyers
15811.0,22,6,2218.62,3,4,4,344,3,Low Risk,1144.3408421052632,Budget Buyers
15812.0,107,5,1801.14,2,4,4,244,3,High Risk,1537.5585365853658,Budget Buyers
15813.0,208,2,1303.9099999999999,1,2,3,123,1,High Risk,67.36868333333334,Loyal Customers
15814.0,17,4,1945.33,4,3,4,434,3,Low Risk,118.88127777777778,Budget Buyers
15815.0,64,5,2100.6,2,4,4,244,3,Low Risk,1400.3999999999999,Budget Buyers
15819.0,49,4,1905.45,3,3,4,334,3,Low Risk,468.8749593495935,Budget Buyers
15820.0,320,1,206.98,1,1,1,111,1,High Risk,0.0,Loyal Customers
15821.0,44,2,570.96,3,2,2,322,3,Low Risk,10.436903225806452,Budget Buyers
15822.0,3,2,885.47,4,2,3,423,3,Low Risk,636.8228686868687,Budget Buyers
15823.0,372,1,15.0,1,1,1,111,1,High Risk,0.0,Loyal Customers
15825.0,172,1,532.94,1,1,2,112,1,High Risk,0.0,Loyal Customers
15826.0,56,3,1654.31,2,3,3,233,3,Low Risk,374.65255882352943,Budget Buyers
15827.0,73,14,1836.0900000000001,2,4,4,244,3,Low Risk,2227.7892,Budget Buyers
15829.0,99,2,636.14,2,2,2,222,3,High Risk,34.093777777777774,Budget Buyers
15830.0,38,1,576.0,3,1,2,312,3,Low Risk,0.0,Budget Buyers
15831.0,58,3,801.76,2,3,3,233,3,Low Risk,312.45058823529416,Budget Buyers
15832.0,254,1,836.79,1,1,3,113,1,High Risk,0.0,Loyal Customers
15834.0,70,4,2233.75,2,3,4,234,3,Low Risk,224.73870573870573,Budget Buyers
15835.0,44,4,954.09,3,3,3,333,3,Low Risk,727.65264,Budget Buyers
15836.0,50,1,137.37,3,1,1,311,3,Low Risk,0.0,Budget Buyers
15837.0,65,1,391.98,2,1,2,212,3,Low Risk,0.0,Budget Buyers
15838.0,11,19,33643.08,4,4,4,444,0,Low Risk,45421.51559281437,VIP Customers
15839.0,33,3,1048.49,3,3,3,333,3,Low Risk,192.78687096774192,Budget Buyers
15840.0,59,2,355.56,2,2,2,222,3,Low Risk,99.20562962962963,Budget Buyers
15841.0,73,4,1224.06,2,3,3,233,3,Low Risk,923.687829787234,Budget Buyers
15843.0,304,1,118.95000000000002,1,1,1,111,1,High Risk,0.0,Loyal Customers
15844.0,46,1,130.73999999999998,3,1,1,311,3,Low Risk,0.0,Budget Buyers
15845.0,18,8,3711.77,4,4,4,444,3,Low Risk,2288.0282705314007,Budget Buyers
15847.0,38,2,389.27,3,2,2,322,3,Low Risk,293.7219090909091,Budget Buyers
15850.0,19,2,238.85,3,2,1,321,3,Low Risk,24.29539518900344,Budget Buyers
15852.0,187,2,160.71,1,2,1,121,1,High Risk,4.87,Loyal Customers
15853.0,52,1,110.8,2,1,1,211,3,Low Risk,0.0,Budget Buyers
15854.0,4,12,2974.65,4,4,4,444,3,Low Risk,3034.1430000000005,Budget Buyers
15855.0,137,5,712.24,2,4,3,243,3,High Risk,186.96300000000002,Budget Buyers
15856.0,4,27,16387.57,4,4,4,444,0,Low Risk,8254.762004651162,VIP Customers
15857.0,19,1,297.0,3,1,1,311,3,Low Risk,0.0,Budget Buyers
15858.0,16,5,1438.85,4,4,3,443,3,Low Risk,440.69489528795805,Budget Buyers
15860.0,41,8,977.21,3,4,3,343,3,Low Risk,600.0895211267606,Budget Buyers
15861.0,12,8,3165.36,4,4,4,444,3,Low Risk,392.674695970696,Budget Buyers
15862.0,8,4,832.88,4,3,3,433,3,Low Risk,275.7380498866213,Budget Buyers
15863.0,26,2,68.84,3,2,1,321,3,Low Risk,42.57881481481481,Budget Buyers
15864.0,22,6,1936.3200000000002,3,4,4,344,3,Low Risk,5673.4176,Budget Buyers
15865.0,41,3,895.13,3,3,3,333,3,Low Risk,387.14372499999996,Budget Buyers
15866.0,101,1,230.53,2,1,1,211,3,High Risk,0.0,Budget Buyers
15867.0,5,15,3812.64,4,4,4,444,0,Low Risk,1501.0719305856833,VIP Customers
15869.0,277,2,149.64,1,2,1,121,1,High Risk,0.0,Loyal Customers
15870.0,33,1,354.09000000000003,3,1,2,312,3,Low Risk,0.0,Budget Buyers
15872.0,15,2,360.93,4,2,2,422,3,Low Risk,0.0,Budget Buyers
15874.0,64,7,4405.88,2,4,4,244,3,Low Risk,1884.7375555555557,Budget Buyers
15877.0,2,2,493.28,4,2,2,422,3,Low Risk,4.078801033591731,Budget Buyers
15880.0,369,1,343.28000000000003,1,1,2,112,1,High Risk,0.0,Loyal Customers
15881.0,312,5,501.39000000000004,1,4,2,142,1,High Risk,149.8406896551724,Loyal Customers
15882.0,199,4,516.36,1,3,2,132,1,High Risk,505.88313043478263,Loyal Customers
15883.0,2,2,396.48,4,2,2,422,3,Low Risk,16.722285714285718,Budget Buyers
15885.0,93,3,379.35,2,3,2,232,3,High Risk,455.2200000000001,Budget Buyers
15886.0,60,1,181.09,2,1,1,211,3,Low Risk,0.0,Budget Buyers
15888.0,81,1,168.31,2,1,1,211,3,Low Risk,0.0,Budget Buyers
15889.0,157,2,446.87,1,2,2,122,1,High Risk,67.91142652329748,Loyal Customers
15891.0,227,1,524.52,1,1,2,112,1,High Risk,0.0,Loyal Customers
15894.0,253,2,263.55,1,2,1,121,1,High Risk,49.28170731707318,Loyal Customers
15895.0,150,1,179.17,1,1,1,111,1,High Risk,0.0,Loyal Customers
15897.0,194,2,222.05,1,2,1,121,1,High Risk,0.0,Loyal Customers
15898.0,1,5,1388.88,4,4,3,443,3,Low Risk,987.827441860465,Budget Buyers
15899.0,369,1,56.25,1,1,1,111,1,High Risk,0.0,Loyal Customers
15900.0,24,1,351.11,3,1,2,312,3,Low Risk,0.0,Budget Buyers
15901.0,17,3,363.88,4,3,2,432,3,Low Risk,43.289172413793096,Budget Buyers
15903.0,10,7,5126.76,4,4,4,444,3,Low Risk,4607.155945945946,Budget Buyers
15904.0,8,1,164.68,4,1,1,411,3,Low Risk,0.0,Budget Buyers
15906.0,20,7,1567.69,3,4,3,343,3,Low Risk,573.0777888888889,Budget Buyers
15907.0,4,3,967.45,4,3,3,433,3,Low Risk,80.03803212851405,Budget Buyers
15909.0,174,1,191.94,1,1,1,111,1,High Risk,0.0,Loyal Customers
15910.0,1,8,1232.18,4,4,3,443,3,Low Risk,387.65213483146067,Budget Buyers
15912.0,178,2,264.62,1,2,1,121,1,High Risk,50.13852631578948,Loyal Customers
15916.0,16,8,1528.09,4,4,3,443,3,Low Risk,920.1402150537634,Budget Buyers
15917.0,248,1,123.1,1,1,1,111,1,High Risk,0.0,Loyal Customers
15918.0,191,2,334.23,1,2,2,122,1,High Risk,44.564,Loyal Customers
15919.0,20,2,639.89,3,2,2,322,3,Low Risk,104.11263869463869,Budget Buyers
15920.0,154,4,167.5,1,3,1,131,1,High Risk,0.0,Loyal Customers
15921.0,173,1,336.03000000000003,1,1,2,112,1,High Risk,0.0,Loyal Customers
15922.0,373,1,369.5,1,1,2,112,1,High Risk,0.0,Loyal Customers
15923.0,373,1,127.08,1,1,1,111,1,High Risk,0.0,Loyal Customers
15925.0,194,1,207.15,1,1,1,111,1,High Risk,0.0,Loyal Customers
15930.0,67,1,426.63,2,1,2,212,3,Low Risk,0.0,Budget Buyers
15932.0,4,8,2495.87,4,4,4,444,3,Low Risk,1649.4445217391303,Budget Buyers
15933.0,21,3,1107.46,3,3,3,333,3,Low Risk,97.27689189189189,Budget Buyers
15935.0,239,2,416.86,1,2,2,122,1,High Risk,4.631777777777778,Loyal Customers
15937.0,64,1,145.35,2,1,1,211,3,Low Risk,0.0,Budget Buyers
15938.0,112,5,404.58,2,4,2,242,3,High Risk,790.4294444444444,Budget Buyers
15939.0,90,15,6115.01,2,4,4,244,0,Low Risk,9695.509276315788,VIP Customers
15940.0,311,1,35.8,1,1,1,111,1,High Risk,0.0,Loyal Customers
15942.0,134,1,337.44,2,1,2,212,3,High Risk,0.0,Budget Buyers
15944.0,277,1,325.1,1,1,2,112,1,High Risk,0.0,Loyal Customers
15945.0,365,1,181.0,1,1,1,111,1,High Risk,0.0,Loyal Customers
15947.0,83,1,1708.24,2,1,4,214,3,Low Risk,0.0,Budget Buyers
15948.0,8,2,955.24,4,2,3,423,3,Low Risk,37.14822222222222,Budget Buyers
15949.0,17,2,364.72,4,2,2,422,3,Low Risk,69.10484210526316,Budget Buyers
15950.0,32,4,1765.51,3,3,4,334,3,Low Risk,785.4717959183673,Budget Buyers
15951.0,9,2,708.22,4,2,3,423,3,Low Risk,317.8353170731707,Budget Buyers
15952.0,34,4,806.57,3,3,3,333,3,Low Risk,225.72142124542125,Budget Buyers
15953.0,15,8,1659.3799999999999,4,4,3,443,3,Low Risk,1598.4231836734693,Budget Buyers
15955.0,24,14,4416.26,3,4,4,344,0,Low Risk,3919.129092896175,VIP Customers
15957.0,32,1,428.89,3,1,2,312,3,Low Risk,0.0,Budget Buyers
15958.0,74,1,104.35,2,1,1,211,3,Low Risk,0.0,Budget Buyers
15963.0,20,2,470.76,3,2,2,322,3,Low Risk,28.021428571428576,Budget Buyers
15965.0,17,4,845.64,4,3,3,433,3,Low Risk,323.4688524590164,Budget Buyers
15967.0,23,2,418.83,3,2,2,322,3,Low Risk,98.05940476190476,Budget Buyers
15969.0,3,3,666.1,4,3,2,432,3,Low Risk,606.151,Budget Buyers
15970.0,304,1,314.1,1,1,2,112,1,High Risk,0.0,Loyal Customers
15971.0,18,12,4199.85,4,4,4,444,3,Low Risk,14063.497714285717,Budget Buyers
15973.0,367,1,307.82000000000005,1,1,2,112,1,High Risk,0.0,Loyal Customers
15974.0,39,7,3442.15,3,4,4,344,3,Low Risk,1136.3006534090912,Budget Buyers
15975.0,84,1,371.01,2,1,2,212,3,Low Risk,0.0,Budget Buyers
15976.0,165,2,430.94,1,2,2,122,1,High Risk,15.830448979591837,Loyal Customers
15977.0,17,2,1054.73,4,2,3,423,3,Low Risk,22.71726153846154,Budget Buyers
15978.0,77,1,1098.78,2,1,3,213,3,Low Risk,0.0,Budget Buyers
15980.0,89,3,2398.86,2,3,4,234,3,Low Risk,920.4927906976745,Budget Buyers
15981.0,25,8,3408.48,3,4,4,344,3,Low Risk,2679.9320412371135,Budget Buyers
15983.0,22,4,1475.02,3,3,3,333,3,Low Risk,610.8932389380531,Budget Buyers
15984.0,3,10,2837.67,4,4,4,444,3,Low Risk,1278.703148148148,Budget Buyers
15985.0,123,2,1142.42,2,2,3,223,3,High Risk,232.60082882882884,Budget Buyers
15986.0,30,1,168.12,3,1,1,311,3,Low Risk,0.0,Budget Buyers
15987.0,12,7,1451.28,4,4,3,443,3,Low Risk,861.0928000000001,Budget Buyers
15988.0,19,1,158.03,3,1,1,311,3,Low Risk,0.0,Budget Buyers
15990.0,44,2,792.11,3,2,3,323,3,Low Risk,246.77273076923078,Budget Buyers
15992.0,4,1,41.989999999999995,4,1,1,411,3,Low Risk,0.0,Budget Buyers
15993.0,9,7,2797.57,4,4,4,444,3,Low Risk,41.38916968599034,Budget Buyers
15994.0,55,1,427.07,2,1,2,212,3,Low Risk,0.0,Budget Buyers
15996.0,88,6,1060.68,2,4,3,243,3,Low Risk,452.01286153846155,Budget Buyers
15998.0,37,5,3089.97,3,4,4,344,3,Low Risk,330.7774209486166,Budget Buyers
16000.0,3,3,12393.7,4,3,4,434,3,Low Risk,0.0,Budget Buyers
16003.0,30,5,2735.37,3,4,4,344,3,Low Risk,1456.2083009708736,Budget Buyers
16005.0,12,4,615.39,4,3,2,432,3,Low Risk,97.1074128440367,Budget Buyers
16006.0,211,1,101.4,1,1,1,111,1,High Risk,0.0,Loyal Customers
16007.0,48,4,1701.94,3,3,4,334,3,Low Risk,98.43254718614719,Budget Buyers
16008.0,24,3,478.78,3,3,2,332,3,Low Risk,261.15272727272725,Budget Buyers
16009.0,22,4,992.71,3,3,3,333,3,Low Risk,201.48336296296296,Budget Buyers
16010.0,246,3,407.5,1,3,2,132,1,High Risk,54.96511627906977,Loyal Customers
16011.0,8,16,3362.71,4,4,4,444,0,Low Risk,3020.0942641509437,VIP Customers
16012.0,35,3,1415.29,3,3,3,333,3,Low Risk,179.16969148936172,Budget Buyers
16013.0,4,47,37130.6,4,4,4,444,0,Low Risk,153588.9015347722,VIP Customers
16014.0,38,3,662.38,3,3,2,332,3,Low Risk,115.57388965517242,Budget Buyers
16015.0,4,3,705.39,4,3,3,433,3,Low Risk,17.440961538461536,Budget Buyers
16016.0,3,8,1508.76,4,4,3,443,3,Low Risk,621.480714893617,Budget Buyers
16017.0,47,1,211.88,3,1,1,311,3,Low Risk,0.0,Budget Buyers
16018.0,39,2,408.90000000000003,3,2,2,322,3,Low Risk,137.27357142857144,Budget Buyers
16019.0,47,9,3786.2400000000002,3,4,4,344,3,Low Risk,2250.4464,Budget Buyers
16020.0,17,3,851.01,4,3,3,433,3,Low Risk,88.80104347826087,Budget Buyers
16022.0,260,1,628.28,1,1,2,112,1,High Risk,0.0,Loyal Customers
16023.0,46,3,719.81,3,3,3,333,3,Low Risk,156.79029702970297,Budget Buyers
16024.0,12,1,251.24,4,1,1,411,3,Low Risk,0.0,Budget Buyers
16025.0,30,1,439.65999999999997,3,1,2,312,3,Low Risk,0.0,Budget Buyers
16026.0,43,1,236.09,3,1,1,311,3,Low Risk,0.0,Budget Buyers
16027.0,92,6,934.62,2,4,3,243,3,High Risk,2453.3775,Budget Buyers
16029.0,39,63,81024.84,3,4,4,344,2,Low Risk,235541.21876033052,At Risk Customers
16030.0,310,1,331.24,1,1,2,112,1,High Risk,0.0,Loyal Customers
16031.0,92,2,548.94,2,2,2,222,3,High Risk,56.35784000000001,Budget Buyers
16033.0,6,20,8816.4,4,4,4,444,0,Low Risk,1881.6591029023746,VIP Customers
16034.0,196,3,437.7,1,3,2,132,1,High Risk,270.5781818181818,Loyal Customers
16036.0,87,2,758.92,2,2,3,223,3,Low Risk,161.90293333333332,Budget Buyers
16037.0,270,3,855.02,1,3,3,133,1,High Risk,192.92758974358975,Loyal Customers
16038.0,8,3,471.78000000000003,4,3,2,432,3,Low Risk,352.02046153846163,Budget Buyers
16040.0,65,3,1313.55,2,3,3,233,3,Low Risk,410.23176923076926,Budget Buyers
16041.0,31,3,3166.4,3,3,4,334,3,Low Risk,5805.066666666667,Budget Buyers
16042.0,22,5,1197.27,3,4,3,343,3,Low Risk,871.2528169014084,Budget Buyers
16043.0,38,4,773.99,3,3,3,333,3,Low Risk,740.9135042735043,Budget Buyers
16045.0,120,4,1340.7,2,3,3,233,3,High Risk,366.1349397590362,Budget Buyers
16048.0,373,2,256.44,1,2,1,121,1,High Risk,0.0,Loyal Customers
16049.0,40,3,1111.79,3,3,3,333,3,Low Risk,12.115660256410257,Budget Buyers
16050.0,174,1,137.9,1,1,1,111,1,High Risk,0.0,Loyal Customers
16052.0,54,1,362.06,2,1,2,212,3,Low Risk,0.0,Budget Buyers
16053.0,33,2,1511.95,3,2,3,323,3,Low Risk,106.79646825396827,Budget Buyers
16054.0,145,1,783.9,1,1,3,113,1,High Risk,0.0,Loyal Customers
16055.0,221,1,134.8,1,1,1,111,1,High Risk,0.0,Loyal Customers
16056.0,45,1,664.85,3,1,2,312,3,Low Risk,0.0,Budget Buyers
16057.0,16,7,2263.12,4,4,4,444,3,Low Risk,1169.590391184573,Budget Buyers
16059.0,66,6,1459.8600000000001,2,4,3,243,3,Low Risk,488.24206666666663,Budget Buyers
16062.0,10,4,1153.62,4,3,3,433,3,Low Risk,853.198125,Budget Buyers
16063.0,260,1,335.32,1,1,2,112,1,High Risk,0.0,Loyal Customers
16065.0,365,1,372.09,1,1,2,112,1,High Risk,0.0,Loyal Customers
16066.0,17,5,1521.87,4,4,3,443,3,Low Risk,266.07857843137253,Budget Buyers
16070.0,22,2,852.15,3,2,3,323,3,Low Risk,15.493636363636362,Budget Buyers
16071.0,45,1,326.24,3,1,2,312,3,Low Risk,0.0,Budget Buyers
16072.0,288,1,584.3199999999999,1,1,2,112,1,High Risk,0.0,Loyal Customers
16073.0,297,1,122.39999999999999,1,1,1,111,1,High Risk,0.0,Loyal Customers
16076.0,3,10,2234.73,4,4,4,444,3,Low Risk,1183.7717054263567,Budget Buyers
16078.0,284,1,79.2,1,1,1,111,1,High Risk,0.0,Loyal Customers
16079.0,17,3,1352.0,4,3,3,433,3,Low Risk,148.07619047619048,Budget Buyers
16080.0,82,2,217.16,2,2,1,221,3,Low Risk,277.9648,Budget Buyers
16081.0,56,5,2806.9,2,4,4,244,3,Low Risk,638.8685756240824,Budget Buyers
16083.0,101,2,1317.62,2,2,3,223,3,High Risk,733.9001720430107,Budget Buyers
16084.0,299,1,436.18,1,1,2,112,1,High Risk,0.0,Loyal Customers
16085.0,23,5,981.51,3,4,3,343,3,Low Risk,290.9266167664671,Budget Buyers
16086.0,59,5,1121.39,2,4,3,243,3,Low Risk,1471.225341880342,Budget Buyers
16091.0,155,2,315.06,1,2,2,122,1,High Risk,50.17622222222222,Loyal Customers
16092.0,115,3,817.86,2,3,3,233,3,High Risk,222.9069411764706,Budget Buyers
16093.0,107,1,17.0,2,1,1,211,3,High Risk,0.0,Budget Buyers
16094.0,12,4,1078.23,4,3,3,433,3,Low Risk,472.3674285714286,Budget Buyers
16096.0,264,1,320.62,1,1,2,112,1,High Risk,0.0,Loyal Customers
16097.0,240,1,185.04999999999998,1,1,1,111,1,High Risk,0.0,Loyal Customers
16098.0,88,7,2005.63,2,4,4,244,3,Low Risk,1997.6473930348259,Budget Buyers
16099.0,50,3,731.9,3,3,3,333,3,Low Risk,328.41666666666663,Budget Buyers
16101.0,71,1,1290.7,2,1,3,213,3,Low Risk,0.0,Budget Buyers
16102.0,42,3,1842.14,3,3,4,334,3,Low Risk,277.9369122807018,Budget Buyers
16103.0,7,6,1429.64,4,4,3,443,3,Low Risk,1346.2443333333333,Budget Buyers
16104.0,62,1,302.36,2,1,1,211,3,Low Risk,0.0,Budget Buyers
16105.0,249,1,336.96,1,1,2,112,1,High Risk,0.0,Loyal Customers
16106.0,66,1,108.38,2,1,1,211,3,Low Risk,0.0,Budget Buyers
16107.0,18,7,3204.1600000000003,4,4,4,444,3,Low Risk,3979.3600000000006,Budget Buyers
16108.0,85,1,842.5,2,1,3,213,3,Low Risk,0.0,Budget Buyers
16109.0,219,2,611.88,1,2,2,122,1,High Risk,201.69377777777777,Loyal Customers
16110.0,45,3,1337.48,3,3,3,333,3,Low Risk,100.49990960451979,Budget Buyers
16112.0,143,4,195.73999999999998,1,3,1,131,3,High Risk,318.0775,Budget Buyers
16113.0,183,1,161.38,1,1,1,111,1,High Risk,0.0,Loyal Customers
16114.0,171,1,135.75000000000003,1,1,1,111,1,High Risk,0.0,Loyal Customers
16115.0,10,8,1667.97,4,4,4,444,3,Low Risk,441.659661971831,Budget Buyers
16116.0,212,1,612.78,1,1,2,112,1,High Risk,0.0,Loyal Customers
16117.0,190,1,232.21,1,1,1,111,1,High Risk,0.0,Loyal Customers
16119.0,8,2,423.36,4,2,2,422,3,Low Risk,112.896,Budget Buyers
16120.0,59,4,1309.14,2,3,3,233,3,Low Risk,0.0,Budget Buyers
16121.0,57,2,867.11,2,2,3,223,3,Low Risk,43.08282389937107,Budget Buyers
16122.0,73,4,684.4200000000001,2,3,3,233,3,Low Risk,703.6317894736843,Budget Buyers
16123.0,52,1,307.78,2,1,2,212,3,Low Risk,0.0,Budget Buyers
16124.0,317,1,249.0,1,1,1,111,1,High Risk,0.0,Loyal Customers
16125.0,367,1,289.35,1,1,1,111,1,High Risk,0.0,Loyal Customers
16126.0,29,4,6287.77,3,3,4,334,3,Low Risk,1913.201811965812,Budget Buyers
16127.0,39,1,656.25,3,1,2,312,3,Low Risk,0.0,Budget Buyers
16128.0,18,5,1880.22,4,4,4,444,3,Low Risk,929.5469662921348,Budget Buyers
16131.0,52,6,3506.54,2,4,4,244,3,Low Risk,1690.3321025641023,Budget Buyers
16133.0,4,33,14589.04,4,4,4,444,0,Low Risk,14864.467303834808,VIP Customers
16134.0,22,2,618.09,3,2,2,322,3,Low Risk,396.7549142857143,Budget Buyers
16135.0,263,1,517.55,1,1,2,112,1,High Risk,0.0,Loyal Customers
16136.0,60,3,709.38,2,3,3,233,3,Low Risk,416.04178378378384,Budget Buyers
16139.0,19,3,635.41,3,3,2,332,3,Low Risk,383.2957096774193,Budget Buyers
16140.0,66,2,725.18,2,2,3,223,3,Low Risk,421.2950476190475,Budget Buyers
16141.0,88,1,620.4,2,1,2,212,3,Low Risk,0.0,Budget Buyers
16142.0,250,1,535.34,1,1,2,112,1,High Risk,0.0,Loyal Customers
16143.0,3,6,2424.94,4,4,4,444,3,Low Risk,1512.996752136752,Budget Buyers
16144.0,247,1,175.2,1,1,1,111,1,High Risk,0.0,Loyal Customers
16145.0,9,11,3799.4900000000002,4,4,4,444,3,Low Risk,2183.0105491071427,Budget Buyers
16146.0,157,3,734.13,1,3,3,133,1,High Risk,187.32972413793107,Loyal Customers
16147.0,134,1,375.0,2,1,2,212,3,High Risk,0.0,Budget Buyers
16148.0,296,1,76.32000000000001,1,1,1,111,1,High Risk,0.0,Loyal Customers
16149.0,5,2,280.52,4,2,1,421,3,Low Risk,142.3379259259259,Budget Buyers
16150.0,43,5,2053.02,3,4,4,344,3,Low Risk,962.170341880342,Budget Buyers
16152.0,269,1,1829.04,1,1,4,114,1,High Risk,0.0,Loyal Customers
16153.0,50,5,1824.23,3,4,4,344,3,Low Risk,1041.9291198501871,Budget Buyers
16156.0,9,9,3122.04,4,4,4,444,3,Low Risk,2175.8217230769233,Budget Buyers
16157.0,16,3,656.69,4,3,2,432,3,Low Risk,204.3035555555556,Budget Buyers
16159.0,282,1,348.2,1,1,2,112,1,High Risk,0.0,Loyal Customers
16160.0,65,2,1025.44,2,2,3,223,3,Low Risk,68.36266666666667,Budget Buyers
16161.0,2,19,5575.56,4,4,4,444,0,Low Risk,2734.063282700422,VIP Customers
16162.0,252,1,37.4,1,1,1,111,1,High Risk,0.0,Loyal Customers
16163.0,232,2,856.6,1,2,3,123,1,High Risk,1256.3466666666668,Loyal Customers
16164.0,17,3,822.48,4,3,3,433,3,Low Risk,60.4764705882353,Budget Buyers
16168.0,11,27,3787.6,4,4,4,444,0,Low Risk,12487.48530612245,VIP Customers
16169.0,8,4,1822.97,4,3,4,434,3,Low Risk,191.5905725490196,Budget Buyers
16170.0,51,6,1885.05,3,4,4,344,3,Low Risk,594.1677599999999,Budget Buyers
16171.0,59,1,73.2,2,1,1,211,3,Low Risk,0.0,Budget Buyers
16172.0,95,5,1140.21,2,4,3,243,3,High Risk,402.1030434782609,Budget Buyers
16173.0,16,6,1418.32,4,4,3,443,3,Low Risk,276.91009523809527,Budget Buyers
16174.0,126,3,1009.5500000000001,2,3,3,233,3,High Risk,109.73369565217392,Budget Buyers
16175.0,94,4,1037.59,2,3,3,233,3,High Risk,345.8633333333333,Budget Buyers
16177.0,50,1,331.95,3,1,2,312,3,Low Risk,0.0,Budget Buyers
16178.0,138,1,197.9,2,1,1,211,3,High Risk,0.0,Budget Buyers
16179.0,61,1,215.83,2,1,1,211,3,Low Risk,0.0,Budget Buyers
16180.0,100,8,10254.18,2,4,4,244,3,High Risk,2565.654913580247,Budget Buyers
16181.0,73,1,305.54,2,1,1,211,3,Low Risk,0.0,Budget Buyers
16182.0,72,4,6617.65,2,3,4,234,3,Low Risk,6995.801428571429,Budget Buyers
16183.0,67,1,338.71000000000004,2,1,2,212,3,Low Risk,0.0,Budget Buyers
16184.0,64,6,1158.79,2,4,3,243,3,Low Risk,757.0761333333335,Budget Buyers
16185.0,17,2,529.41,4,2,2,422,3,Low Risk,244.7809677419355,Budget Buyers
16186.0,23,12,4006.94,3,4,4,344,3,Low Risk,2565.9120366972475,Budget Buyers
16187.0,32,15,6911.4400000000005,3,4,4,344,0,Low Risk,2952.0048813559324,VIP Customers
16188.0,45,4,981.86,3,3,3,333,3,Low Risk,386.8821492537313,Budget Buyers
16189.0,16,2,215.48,4,2,1,421,3,Low Risk,90.10981818181818,Budget Buyers
16190.0,40,1,215.08,3,1,1,311,3,Low Risk,0.0,Budget Buyers
16191.0,3,13,5180.52,4,4,4,444,3,Low Risk,5980.7943582089565,Budget Buyers
16193.0,237,1,314.45,1,1,2,112,1,High Risk,0.0,Loyal Customers
16198.0,75,1,400.68100000000004,2,1,2,212,3,Low Risk,0.0,Budget Buyers
16200.0,4,2,1080.6200000000001,4,2,3,423,3,Low Risk,63.99202234636872,Budget Buyers
16201.0,3,4,1863.47,4,3,4,434,3,Low Risk,237.27065465465466,Budget Buyers
16202.0,361,1,365.27,1,1,2,112,1,High Risk,0.0,Loyal Customers
16203.0,59,4,592.9,2,3,2,232,3,Low Risk,706.9626666666666,Budget Buyers
16204.0,23,1,405.71,3,1,2,312,3,Low Risk,0.0,Budget Buyers
16205.0,31,4,761.38,3,3,3,333,3,Low Risk,153.3118911564626,Budget Buyers
16206.0,55,4,537.0600000000001,2,3,2,232,3,Low Risk,309.16469841269844,Budget Buyers
16207.0,25,1,394.38,3,1,2,312,3,Low Risk,0.0,Budget Buyers
16208.0,45,2,664.26,3,2,2,322,3,Low Risk,163.71660606060604,Budget Buyers
16209.0,89,5,2262.62,2,4,4,244,3,Low Risk,1287.0700724637682,Budget Buyers
16210.0,2,18,21086.3,4,4,4,444,0,Low Risk,38263.920000000006,VIP Customers
16211.0,89,1,547.02,2,1,2,212,3,Low Risk,0.0,Budget Buyers
16212.0,19,2,690.34,3,2,3,323,3,Low Risk,296.34107317073176,Budget Buyers
16213.0,79,1,159.0,2,1,1,211,3,Low Risk,0.0,Budget Buyers
16214.0,171,3,1062.75,1,3,3,133,1,High Risk,236.70340909090908,Loyal Customers
16215.0,81,1,242.35,2,1,1,211,3,Low Risk,0.0,Budget Buyers
16216.0,267,1,914.9300000000001,1,1,3,113,1,High Risk,0.0,Loyal Customers
16217.0,235,2,304.25,1,2,1,121,1,High Risk,62.20222222222223,Loyal Customers
16218.0,30,7,3084.68,3,4,4,344,3,Low Risk,2939.0145555555555,Budget Buyers
16221.0,37,3,864.86,3,3,3,333,3,Low Risk,294.23072164948456,Budget Buyers
16222.0,318,1,846.72,1,1,3,113,1,High Risk,0.0,Loyal Customers
16224.0,57,4,1295.3,2,3,3,233,3,Low Risk,345.41333333333336,Budget Buyers
16225.0,45,5,1096.32,3,4,3,343,3,Low Risk,316.35104477611935,Budget Buyers
16226.0,203,3,255.12,1,3,1,131,1,High Risk,102.048,Loyal Customers
16227.0,225,1,314.22,1,1,2,112,1,High Risk,0.0,Loyal Customers
16229.0,87,2,1010.6,2,2,3,223,3,Low Risk,179.1843971631206,Budget Buyers
16230.0,190,2,542.03,1,2,2,122,1,High Risk,30.973142857142857,Loyal Customers
16232.0,44,4,990.88,3,3,3,333,3,Low Risk,610.5963243243243,Budget Buyers
16233.0,71,3,536.6800000000001,2,3,2,232,3,Low Risk,719.639090909091,Budget Buyers
16235.0,41,5,867.31,3,4,3,343,3,Low Risk,914.4464130434781,Budget Buyers
16236.0,78,1,432.2,2,1,2,212,3,Low Risk,0.0,Budget Buyers
16239.0,57,2,414.2,2,2,2,222,3,Low Risk,191.84000000000003,Budget Buyers
16240.0,24,2,3718.8,3,2,4,324,3,Low Risk,97.33155555555555,Budget Buyers
16241.0,10,13,2607.87,4,4,4,444,3,Low Risk,614.5433836858006,Budget Buyers
16242.0,8,7,3603.21,4,4,4,444,3,Low Risk,766.3970476190476,Budget Buyers
16243.0,34,2,409.1,3,2,2,322,3,Low Risk,11.230196078431371,Budget Buyers
16244.0,212,2,1522.75,1,2,3,123,1,High Risk,178.49084249084245,Loyal Customers
16245.0,24,3,1413.66,3,3,3,333,3,Low Risk,365.98086666666666,Budget Buyers
16247.0,170,1,114.56,1,1,1,111,1,High Risk,0.0,Loyal Customers
16248.0,62,1,152.94,2,1,1,211,3,Low Risk,0.0,Budget Buyers
16249.0,53,5,1800.07,2,4,4,244,3,Low Risk,808.7271014492753,Budget Buyers
16250.0,261,2,389.44,1,2,2,122,1,High Risk,121.15911111111112,Loyal Customers
16253.0,67,2,3683.86,2,2,4,224,3,Low Risk,375.37435230352304,Budget Buyers
16255.0,17,8,2619.91,4,4,4,444,3,Low Risk,900.4727703703703,Budget Buyers
16256.0,267,1,752.4300000000001,1,1,3,113,1,High Risk,0.0,Loyal Customers
16257.0,177,1,46.95,1,1,1,111,1,High Risk,0.0,Loyal Customers
16258.0,45,5,5203.51,3,4,4,344,3,Low Risk,1111.366950617284,Budget Buyers
16260.0,51,1,1035.45,3,1,3,313,3,Low Risk,0.0,Budget Buyers
16261.0,17,4,746.83,4,3,3,433,3,Low Risk,183.09380645161292,Budget Buyers
16265.0,9,9,5447.0,4,4,4,444,3,Low Risk,2248.470930232558,Budget Buyers
16266.0,74,7,861.89,2,4,3,243,3,Low Risk,435.1838032786886,Budget Buyers
16268.0,71,2,667.65,2,2,2,222,3,Low Risk,0.0,Budget Buyers
16270.0,353,1,1141.24,1,1,3,113,1,High Risk,0.0,Loyal Customers
16271.0,3,5,1429.24,4,4,3,443,3,Low Risk,635.8147869674185,Budget Buyers
16272.0,117,1,411.7,2,1,2,212,3,High Risk,0.0,Budget Buyers
16274.0,373,1,357.95,1,1,2,112,1,High Risk,0.0,Loyal Customers
16275.0,197,1,559.87,1,1,2,112,1,High Risk,0.0,Loyal Customers
16276.0,177,1,810.6000000000001,1,1,3,113,1,High Risk,0.0,Loyal Customers
16278.0,100,1,566.38,2,1,2,212,3,High Risk,0.0,Budget Buyers
16279.0,21,3,1509.58,3,3,3,333,3,Low Risk,218.677476635514,Budget Buyers
16281.0,72,1,2062.06,2,1,4,214,3,Low Risk,0.0,Budget Buyers
16282.0,340,1,168.3,1,1,1,111,1,High Risk,0.0,Loyal Customers
16283.0,6,5,1570.81,4,4,3,443,3,Low Risk,318.5779317269076,Budget Buyers
16284.0,31,2,823.97,3,2,3,323,3,Low Risk,9.575186544342507,Budget Buyers
16287.0,170,1,142.5,1,1,1,111,1,High Risk,0.0,Loyal Customers
16292.0,122,1,302.25,2,1,1,211,3,High Risk,0.0,Budget Buyers
16293.0,22,10,2248.9900000000002,3,4,4,344,3,Low Risk,2191.8122881355935,Budget Buyers
16295.0,10,4,1328.55,4,3,3,433,3,Low Risk,121.08303797468355,Budget Buyers
16297.0,269,1,301.9,1,1,1,111,1,High Risk,0.0,Loyal Customers
16298.0,23,3,598.2,3,3,2,332,3,Low Risk,363.35111111111115,Budget Buyers
16302.0,127,1,233.22,2,1,1,211,3,High Risk,0.0,Budget Buyers
16303.0,26,3,5360.63,3,3,4,334,3,Low Risk,1015.872475308642,Budget Buyers
16305.0,139,1,361.21999999999997,2,1,2,212,3,High Risk,0.0,Budget Buyers
16306.0,214,6,632.27,1,4,2,142,1,High Risk,471.8893170731706,Loyal Customers
16308.0,38,4,2560.0,3,3,4,334,3,Low Risk,19029.333333333336,Budget Buyers
16309.0,106,2,706.57,2,2,3,223,3,High Risk,150.28631746031746,Budget Buyers
16311.0,18,2,616.26,4,2,2,422,3,Low Risk,34.421729729729726,Budget Buyers
16313.0,3,2,274.15000000000003,4,2,1,421,3,Low Risk,52.545416666666675,Budget Buyers
16315.0,331,1,226.37,1,1,1,111,1,High Risk,0.0,Loyal Customers
16316.0,64,8,2938.91,2,4,4,244,3,Low Risk,1520.707514348786,Budget Buyers
16317.0,120,3,1341.65,2,3,3,233,3,High Risk,344.1623913043478,Budget Buyers
16318.0,35,1,328.15,3,1,2,312,3,Low Risk,0.0,Budget Buyers
16319.0,218,1,404.40000000000003,1,1,2,112,1,High Risk,0.0,Loyal Customers
16320.0,172,2,1038.46,1,2,3,123,1,High Risk,49.450476190476195,Loyal Customers
16321.0,72,5,373.65000000000003,2,4,2,242,3,Low Risk,1302.5854166666668,Budget Buyers
16322.0,1,2,326.75,4,2,2,422,3,Low Risk,20.605855855855857,Budget Buyers
16323.0,196,1,207.50000000000003,1,1,1,111,1,High Risk,0.0,Loyal Customers
16324.0,128,3,428.68,2,3,2,232,3,High Risk,17.437830508474576,Budget Buyers
16325.0,47,3,594.24,3,3,2,332,3,Low Risk,653.664,Budget Buyers
16326.0,6,14,3110.96,4,4,4,444,3,Low Risk,1492.740681295716,Budget Buyers
16327.0,14,6,3844.22,4,4,4,444,3,Low Risk,855.6100940438872,Budget Buyers
16330.0,18,3,251.91,4,3,1,431,3,Low Risk,60.71676923076923,Budget Buyers
16332.0,28,7,1593.2,3,4,3,343,3,Low Risk,673.0315468409585,Budget Buyers
16333.0,8,22,26626.8,4,4,4,444,0,Low Risk,131043.3031111111,VIP Customers
16337.0,37,1,151.05,3,1,1,311,3,Low Risk,0.0,Budget Buyers
16338.0,157,1,214.79999999999998,1,1,1,111,1,High Risk,0.0,Loyal Customers
16339.0,284,1,109.95,1,1,1,111,1,High Risk,0.0,Loyal Customers
16340.0,107,1,549.07,2,1,2,212,3,High Risk,0.0,Budget Buyers
16341.0,25,4,1971.87,3,3,4,334,3,Low Risk,600.9508571428571,Budget Buyers
16342.0,75,4,322.41,2,3,2,232,3,Low Risk,298.0501333333334,Budget Buyers
16343.0,16,2,370.47999999999996,4,2,2,422,3,Low Risk,0.0,Budget Buyers
16344.0,158,1,101.10000000000001,1,1,1,111,1,High Risk,0.0,Loyal Customers
16345.0,44,1,575.41,3,1,2,312,3,Low Risk,0.0,Budget Buyers
16347.0,11,2,887.65,4,2,3,423,3,Low Risk,16.080615942028988,Budget Buyers
16348.0,32,7,1469.45,3,4,3,343,3,Low Risk,302.01887234042556,Budget Buyers
16349.0,291,1,53.5,1,1,1,111,1,High Risk,0.0,Loyal Customers
16350.0,21,4,1116.47,3,3,3,333,3,Low Risk,814.8272280701755,Budget Buyers
16351.0,333,1,153.9,1,1,1,111,1,High Risk,0.0,Loyal Customers
16352.0,18,2,494.44,4,2,2,422,3,Low Risk,23.544761904761902,Budget Buyers
16353.0,4,23,6675.71,4,4,4,444,0,Low Risk,19927.704531914893,VIP Customers
16354.0,63,2,395.8,2,2,2,222,3,Low Risk,6.089230769230769,Budget Buyers
16356.0,198,3,211.77,1,3,1,131,1,High Risk,53.9671935483871,Loyal Customers
16357.0,33,3,658.88,3,3,2,332,3,Low Risk,348.8188235294118,Budget Buyers
16358.0,1,4,2027.5,4,3,4,434,3,Low Risk,453.8623853211009,Budget Buyers
16359.0,7,9,1750.92,4,4,4,444,3,Low Risk,2578.6276363636366,Budget Buyers
16360.0,5,6,3512.53,4,4,4,444,3,Low Risk,88.07854682779455,Budget Buyers
16361.0,10,4,896.66,4,3,3,433,3,Low Risk,68.80032704402515,Budget Buyers
16362.0,32,5,734.77,3,4,3,343,3,Low Risk,87.68860082304526,Budget Buyers
16363.0,53,1,109.36000000000001,2,1,1,211,3,Low Risk,0.0,Budget Buyers
16364.0,12,2,707.04,4,2,3,423,3,Low Risk,111.16981132075472,Budget Buyers
16365.0,18,9,1540.42,4,4,3,443,3,Low Risk,3162.3916470588238,Budget Buyers
16366.0,19,1,327.3,3,1,2,312,3,Low Risk,0.0,Budget Buyers
16367.0,37,2,804.49,3,2,3,323,3,Low Risk,134.08166666666668,Budget Buyers
16368.0,2,2,497.43,4,2,2,422,3,Low Risk,10.908552631578948,Budget Buyers
16369.0,18,3,1553.66,4,3,3,433,3,Low Risk,234.3656610169492,Budget Buyers
16370.0,82,4,1320.56,2,3,3,233,3,Low Risk,109.6605380116959,Budget Buyers
16372.0,33,2,367.93,3,2,2,322,3,Low Risk,0.0,Budget Buyers
16374.0,66,2,473.03000000000003,2,2,2,222,3,Low Risk,55.68401201201201,Budget Buyers
16376.0,9,2,987.01,4,2,3,423,3,Low Risk,4.211242666666666,Budget Buyers
16377.0,267,1,676.2,1,1,3,113,1,High Risk,0.0,Loyal Customers
16378.0,247,3,362.95,1,3,2,132,1,High Risk,99.41673913043479,Loyal Customers
16379.0,4,4,2157.4,4,3,4,434,3,Low Risk,197.09580246913583,Budget Buyers
16380.0,61,1,1780.59,2,1,4,214,3,Low Risk,0.0,Budget Buyers
16383.0,75,2,668.36,2,2,2,222,3,Low Risk,84.30946405228758,Budget Buyers
16384.0,90,2,584.5,2,2,2,222,3,Low Risk,205.46060606060604,Budget Buyers
16385.0,60,3,555.89,2,3,2,232,3,Low Risk,288.30905084745757,Budget Buyers
16386.0,29,2,317.2,3,2,2,322,3,Low Risk,54.06818181818182,Budget Buyers
16387.0,323,1,94.36,1,1,1,111,1,High Risk,0.0,Loyal Customers
16389.0,53,4,1382.07,2,3,3,233,3,Low Risk,1241.1530588235294,Budget Buyers
16392.0,270,1,221.19,1,1,1,111,1,High Risk,0.0,Loyal Customers
16393.0,2,13,3046.21,4,4,4,444,3,Low Risk,1464.0269878787878,Budget Buyers
16394.0,57,5,1555.34,2,4,3,243,3,Low Risk,724.576064257028,Budget Buyers
16395.0,61,5,1486.9,2,4,3,243,3,Low Risk,318.6214285714286,Budget Buyers
16398.0,154,2,1705.8,1,2,4,124,1,High Risk,137.2960975609756,Loyal Customers
16399.0,19,2,408.57,3,2,2,322,3,Low Risk,80.5946301369863,Budget Buyers
16400.0,95,1,303.93,2,1,1,211,3,High Risk,0.0,Budget Buyers
16401.0,1,12,4098.32,4,4,4,444,3,Low Risk,2873.2307956989243,Budget Buyers
16402.0,265,2,299.6,1,2,1,121,1,High Risk,34.62044444444445,Loyal Customers
16403.0,312,1,177.5,1,1,1,111,1,High Risk,0.0,Loyal Customers
16404.0,70,1,443.05,2,1,2,212,3,Low Risk,0.0,Budget Buyers
16405.0,302,2,167.25,1,2,1,121,1,High Risk,15.610000000000001,Loyal Customers
16406.0,19,1,163.07,3,1,1,311,3,Low Risk,0.0,Budget Buyers
16407.0,13,10,2126.93,4,4,4,444,3,Low Risk,1232.4652519379845,Budget Buyers
16409.0,36,5,2028.88,3,4,4,344,3,Low Risk,409.56557471264364,Budget Buyers
16411.0,19,2,214.65,3,2,1,321,3,Low Risk,110.982,Budget Buyers
16412.0,54,1,151.83,2,1,1,211,3,Low Risk,0.0,Budget Buyers
16413.0,57,1,262.2,2,1,1,211,3,Low Risk,0.0,Budget Buyers
16414.0,22,2,126.25,3,2,1,321,3,Low Risk,310.21428571428567,Budget Buyers
16415.0,44,1,210.35,3,1,1,311,3,Low Risk,0.0,Budget Buyers
16416.0,27,3,1051.4,3,3,3,333,3,Low Risk,42.944507042253534,Budget Buyers
16418.0,45,3,675.27,3,3,3,333,3,Low Risk,119.82732352941176,Budget Buyers
16419.0,113,6,972.23,2,4,3,243,3,High Risk,758.7206666666667,Budget Buyers
16422.0,17,51,34684.4,4,4,4,444,0,Low Risk,56087.21268292683,VIP Customers
16423.0,25,1,346.12,3,1,2,312,3,Low Risk,0.0,Budget Buyers
16424.0,191,1,133.56,1,1,1,111,1,High Risk,0.0,Loyal Customers
16425.0,302,1,302.7,1,1,1,111,1,High Risk,0.0,Loyal Customers
16426.0,2,10,1908.25,4,4,4,444,3,Low Risk,466.80309139784947,Budget Buyers
16427.0,263,2,241.06,1,2,1,121,1,High Risk,37.498222222222225,Loyal Customers
16429.0,106,1,284.55,2,1,1,211,3,High Risk,0.0,Budget Buyers
16430.0,57,1,300.85,2,1,1,211,3,Low Risk,0.0,Budget Buyers
16431.0,213,3,642.81,1,3,2,132,1,High Risk,65.05546987951806,Loyal Customers
16432.0,64,1,287.4,2,1,1,211,3,Low Risk,0.0,Budget Buyers
16433.0,28,1,184.26,3,1,1,311,3,Low Risk,0.0,Budget Buyers
16434.0,29,7,1522.25,3,4,3,343,3,Low Risk,879.8325688073394,Budget Buyers
16438.0,6,5,798.35,4,4,3,443,3,Low Risk,76.60934343434343,Budget Buyers
16440.0,8,5,3640.67,4,4,4,444,3,Low Risk,443.2494208037825,Budget Buyers
16441.0,67,2,381.2,2,2,2,222,3,Low Risk,237.1911111111111,Budget Buyers
16442.0,2,3,616.79,4,3,2,432,3,Low Risk,127.25724712643678,Budget Buyers
16444.0,46,4,654.67,3,3,2,332,3,Low Risk,226.53660317460316,Budget Buyers
16445.0,34,1,230.51,3,1,1,311,3,Low Risk,0.0,Budget Buyers
16446.0,1,2,168472.5,4,2,4,424,2,Low Risk,763742.0,At Risk Customers
16447.0,136,1,259.01,2,1,1,211,3,High Risk,0.0,Budget Buyers
16448.0,198,1,188.89000000000001,1,1,1,111,1,High Risk,0.0,Loyal Customers
16449.0,198,2,707.69,1,2,3,123,1,High Risk,96.71763333333334,Loyal Customers
16450.0,150,1,311.92,1,1,2,112,1,High Risk,0.0,Loyal Customers
16451.0,88,1,266.97,2,1,1,211,3,Low Risk,0.0,Budget Buyers
16454.0,45,2,6.9,3,2,1,321,3,Low Risk,4.37,Budget Buyers
16455.0,64,7,1841.18,2,4,4,244,3,Low Risk,1332.220814814815,Budget Buyers
16456.0,99,5,2158.37,2,4,4,244,3,High Risk,884.7372522522522,Budget Buyers
16457.0,218,1,208.36,1,1,1,111,1,High Risk,0.0,Loyal Customers
16458.0,3,18,3482.7400000000002,4,4,4,444,0,Low Risk,3693.083702970298,VIP Customers
16460.0,28,3,814.72,3,3,3,333,3,Low Risk,31.9853037037037,Budget Buyers
16461.0,178,1,151.42,1,1,1,111,1,High Risk,0.0,Loyal Customers
16462.0,74,3,136.0,2,3,1,231,3,Low Risk,952.0,Budget Buyers
16463.0,21,4,1422.4,3,3,3,333,3,Low Risk,420.9378861788618,Budget Buyers
16464.0,20,3,1314.68,3,3,3,333,3,Low Risk,67.96227118644069,Budget Buyers
16466.0,34,7,1603.46,3,4,3,343,3,Low Risk,652.2181891891892,Budget Buyers
16468.0,74,1,74.9,2,1,1,211,3,Low Risk,0.0,Budget Buyers
16469.0,24,4,650.43,3,3,2,332,3,Low Risk,105.78421978021979,Budget Buyers
16470.0,52,4,762.39,2,3,3,233,3,Low Risk,183.57155294117644,Budget Buyers
16471.0,275,1,223.95000000000002,1,1,1,111,1,High Risk,0.0,Loyal Customers
16473.0,165,3,316.11,1,3,2,132,1,High Risk,300.3045,Loyal Customers
16474.0,7,7,1871.5,4,4,4,444,3,Low Risk,166.1822685185185,Budget Buyers
16475.0,88,4,544.3,2,3,2,232,3,Low Risk,479.502380952381,Budget Buyers
16477.0,64,7,2494.46,2,4,4,244,3,Low Risk,1223.8800319634702,Budget Buyers
16478.0,25,3,331.0,3,3,2,332,3,Low Risk,77.88235294117646,Budget Buyers
16479.0,10,2,300.83,4,2,1,421,3,Low Risk,0.0,Budget Buyers
16480.0,76,1,769.29,2,1,3,213,3,Low Risk,0.0,Budget Buyers
16482.0,16,1,220.62,4,1,1,411,3,Low Risk,0.0,Budget Buyers
16483.0,192,1,139.35,1,1,1,111,1,High Risk,0.0,Loyal Customers
16484.0,174,2,404.3,1,2,2,122,1,High Risk,18.328266666666668,Loyal Customers
16485.0,77,1,363.65,2,1,2,212,3,Low Risk,0.0,Budget Buyers
16488.0,33,3,498.8,3,3,2,332,3,Low Risk,197.79999999999998,Budget Buyers
16491.0,47,1,731.5,3,1,3,313,3,Low Risk,0.0,Budget Buyers
16493.0,80,4,1351.63,2,3,3,233,3,Low Risk,804.5416666666667,Budget Buyers
16494.0,297,1,826.53,1,1,3,113,1,High Risk,0.0,Loyal Customers
16495.0,3,3,684.41,4,3,3,433,3,Low Risk,191.91703092783501,Budget Buyers
16496.0,9,3,1599.52,4,3,3,433,3,Low Risk,518.5812210526316,Budget Buyers
16497.0,50,6,2965.69,3,4,4,344,3,Low Risk,1234.2503970588236,Budget Buyers
16498.0,161,2,100.97,1,2,1,121,1,High Risk,0.0,Loyal Customers
16499.0,360,2,365.45,1,2,2,122,1,High Risk,5.129122807017543,Loyal Customers
16500.0,5,6,400.86,4,4,2,442,3,Low Risk,2376.006545454546,Budget Buyers
16503.0,107,4,1431.93,2,3,3,233,3,High Risk,575.0449047619048,Budget Buyers
16504.0,25,1,484.38,3,1,2,312,3,Low Risk,0.0,Budget Buyers
16505.0,32,1,777.6,3,1,3,313,3,Low Risk,0.0,Budget Buyers
16506.0,20,2,90.30000000000001,3,2,1,321,3,Low Risk,40.13333333333334,Budget Buyers
16509.0,297,1,363.7,1,1,2,112,1,High Risk,0.0,Loyal Customers
16510.0,372,1,248.1,1,1,1,111,1,High Risk,0.0,Loyal Customers
16511.0,22,3,950.26,3,3,3,333,3,Low Risk,137.19730177514793,Budget Buyers
16513.0,5,4,874.59,4,3,3,433,3,Low Risk,126.6073142857143,Budget Buyers
16515.0,52,5,1627.13,2,4,3,243,3,Low Risk,621.5732595870206,Budget Buyers
16516.0,30,1,101.69999999999999,3,1,1,311,3,Low Risk,0.0,Budget Buyers
16517.0,277,1,162.7,1,1,1,111,1,High Risk,0.0,Loyal Customers
16518.0,61,2,484.32,2,2,2,222,3,Low Risk,179.19840000000002,Budget Buyers
16519.0,25,2,215.07999999999998,3,2,1,321,3,Low Risk,375.011282051282,Budget Buyers
16520.0,186,3,1046.57,1,3,3,133,1,High Risk,120.08719871794872,Loyal Customers
16523.0,2,21,9418.470000000001,4,4,4,444,0,Low Risk,7115.816472413795,VIP Customers
16525.0,2,26,13027.45,4,4,4,444,0,Low Risk,22457.520364298725,VIP Customers
16526.0,172,1,290.36,1,1,1,111,1,High Risk,0.0,Loyal Customers
16527.0,81,1,228.06,2,1,1,211,3,Low Risk,0.0,Budget Buyers
16528.0,4,1,244.41,4,1,1,411,3,Low Risk,0.0,Budget Buyers
16529.0,190,1,455.25,1,1,2,112,1,High Risk,0.0,Loyal Customers
16531.0,22,7,1244.59,3,4,3,343,3,Low Risk,1274.761878787879,Budget Buyers
16532.0,18,3,6748.8,4,3,4,434,3,Low Risk,53990.4,Budget Buyers
16533.0,19,3,1095.56,3,3,3,333,3,Low Risk,29.710101694915252,Budget Buyers
16535.0,5,1,593.75,4,1,2,412,3,Low Risk,0.0,Budget Buyers
16536.0,110,1,548.97,2,1,2,212,3,High Risk,0.0,Budget Buyers
16539.0,3,4,1388.81,4,3,3,433,3,Low Risk,1522.5472592592591,Budget Buyers
16542.0,54,1,119.62,2,1,1,211,3,Low Risk,0.0,Budget Buyers
16545.0,165,1,339.3,1,1,2,112,1,High Risk,0.0,Loyal Customers
16546.0,291,2,787.15,1,2,3,123,1,High Risk,170.0244,Loyal Customers
16549.0,10,10,4154.64,4,4,4,444,3,Low Risk,457.3915596330276,Budget Buyers
16550.0,109,5,2298.97,2,4,4,244,3,High Risk,395.3739907038512,Budget Buyers
16551.0,96,3,922.12,2,3,3,233,3,High Risk,691.59,Budget Buyers
16552.0,243,2,379.73,1,2,2,122,1,High Risk,193.5878431372549,Loyal Customers
16553.0,163,12,5719.82,1,4,4,144,3,High Risk,5365.735904761904,Budget Buyers
16554.0,42,3,837.1,3,3,3,333,3,Low Risk,465.23442307692306,Budget Buyers
16555.0,35,2,285.89,3,2,1,321,3,Low Risk,82.9641568627451,Budget Buyers
16556.0,67,7,3313.79,2,4,4,244,3,Low Risk,1094.4578566827697,Budget Buyers
16557.0,24,2,281.85,3,2,1,321,3,Low Risk,193.02454545454546,Budget Buyers
16558.0,1,20,8338.49,4,4,4,444,0,Low Risk,4410.94036231884,VIP Customers
16560.0,27,2,841.41,3,2,3,323,3,Low Risk,325.73884210526313,Budget Buyers
16561.0,6,2,511.12,4,2,2,422,3,Low Risk,59.355870967741936,Budget Buyers
16563.0,54,1,1077.74,2,1,3,213,3,Low Risk,0.0,Budget Buyers
16565.0,364,1,173.7,1,1,1,111,1,High Risk,0.0,Loyal Customers
16566.0,15,5,614.66,4,4,2,442,3,Low Risk,1576.4890740740739,Budget Buyers
16567.0,194,2,865.6,1,2,3,123,1,High Risk,234.1241904761905,Loyal Customers
16569.0,3,1,124.2,4,1,1,411,3,Low Risk,0.0,Budget Buyers
16570.0,15,10,3738.4,4,4,4,444,3,Low Risk,2927.424338624339,Budget Buyers
16571.0,27,3,1421.69,3,3,3,333,3,Low Risk,416.7022413793103,Budget Buyers
16572.0,127,3,1009.6,2,3,3,233,3,High Risk,262.14175438596493,Budget Buyers
16573.0,85,2,663.61,2,2,2,222,3,Low Risk,215.93658730158728,Budget Buyers
16574.0,71,1,451.44,2,1,2,212,3,Low Risk,0.0,Budget Buyers
16581.0,183,1,105.84,1,1,1,111,1,High Risk,0.0,Loyal Customers
16582.0,113,1,313.62,2,1,2,212,3,High Risk,0.0,Budget Buyers
16583.0,374,1,233.45,1,1,1,111,1,High Risk,0.0,Loyal Customers
16584.0,80,2,936.08,2,2,3,223,3,Low Risk,387.8045714285715,Budget Buyers
16586.0,249,1,463.95,1,1,2,112,1,High Risk,0.0,Loyal Customers
16587.0,232,1,225.15,1,1,1,111,1,High Risk,0.0,Loyal Customers
16589.0,71,3,459.24,2,3,2,232,3,Low Risk,125.24727272727273,Budget Buyers
16591.0,69,1,213.5,2,1,1,211,3,Low Risk,0.0,Budget Buyers
16592.0,4,16,4113.68,4,4,4,444,0,Low Risk,2874.4973827160497,VIP Customers
16593.0,51,3,330.03,3,3,2,332,3,Low Risk,338.5863333333333,Budget Buyers
16594.0,75,1,181.09,2,1,1,211,3,Low Risk,0.0,Budget Buyers
16595.0,61,1,360.16,2,1,2,212,3,Low Risk,0.0,Budget Buyers
16596.0,16,2,250.15,4,2,1,421,3,Low Risk,486.40277777777777,Budget Buyers
16597.0,4,1,90.04,4,1,1,411,3,Low Risk,0.0,Budget Buyers
16598.0,286,1,145.04999999999998,1,1,1,111,1,High Risk,0.0,Loyal Customers
16600.0,4,6,813.52,4,4,3,443,3,Low Risk,876.5021935483869,Budget Buyers
16601.0,41,1,244.79999999999998,3,1,1,311,3,Low Risk,0.0,Budget Buyers
16602.0,36,1,528.08,3,1,2,312,3,Low Risk,0.0,Budget Buyers
16603.0,75,2,482.47,2,2,2,222,3,Low Risk,15.136313725490197,Budget Buyers
16607.0,18,14,3347.71,4,4,4,444,3,Low Risk,3097.2805310077515,Budget Buyers
16609.0,15,7,5493.46,4,4,4,444,3,Low Risk,1100.6823840579711,Budget Buyers
16610.0,219,1,75.66,1,1,1,111,1,High Risk,0.0,Loyal Customers
16611.0,186,1,129.49,1,1,1,111,1,High Risk,0.0,Loyal Customers
16612.0,33,4,1187.66,3,3,3,333,3,Low Risk,667.0090505050506,Budget Buyers
16613.0,70,1,618.59,2,2,2,222,3,Low Risk,0.0,Budget Buyers
16614.0,183,1,506.19,1,2,2,122,1,High Risk,0.0,Loyal Customers
16616.0,15,2,500.42,4,2,2,422,3,Low Risk,143.55482828282828,Budget Buyers
16617.0,236,1,151.85,1,2,1,121,1,High Risk,0.0,Loyal Customers
16618.0,31,5,2647.59,3,4,4,344,3,Low Risk,1337.58453125,Budget Buyers
16619.0,264,1,226.21,1,2,1,121,1,High Risk,0.0,Loyal Customers
16620.0,4,2,178.96,4,2,1,421,3,Low Risk,340.6868148148148,Budget Buyers
16621.0,52,4,813.48,2,3,3,233,3,Low Risk,845.2711724137931,Budget Buyers
16623.0,246,1,129.45,1,2,1,121,1,High Risk,0.0,Loyal Customers
16624.0,81,2,810.5699999999999,2,2,3,223,3,Low Risk,130.59183333333334,Budget Buyers
16625.0,275,1,333.08,1,2,2,122,1,High Risk,0.0,Loyal Customers
16626.0,1,17,4413.1,4,4,4,444,0,Low Risk,3702.2375232774684,VIP Customers
16627.0,79,1,322.8,2,2,2,222,3,Low Risk,0.0,Budget Buyers
16628.0,30,5,2188.05,3,4,4,344,3,Low Risk,638.9604700854701,Budget Buyers
16629.0,74,2,417.73,2,2,2,222,3,Low Risk,9.572979166666666,Budget Buyers
16633.0,17,6,2883.1,4,4,4,444,3,Low Risk,819.4073684210526,Budget Buyers
16634.0,223,2,217.9,1,2,1,121,1,High Risk,240.49703703703705,Loyal Customers
16637.0,32,4,1154.47,3,3,3,333,3,Low Risk,430.55596135265705,Budget Buyers
16638.0,23,10,1680.72,3,4,4,344,3,Low Risk,2062.16,Budget Buyers
16639.0,31,3,1257.51,3,3,3,333,3,Low Risk,513.06408,Budget Buyers
16641.0,106,1,231.10000000000002,2,2,1,221,3,High Risk,0.0,Budget Buyers
16642.0,5,2,688.33,4,2,3,423,3,Low Risk,272.6326666666667,Budget Buyers
16643.0,246,1,487.51,1,2,2,122,1,High Risk,0.0,Loyal Customers
16644.0,178,2,833.78,1,2,3,123,1,High Risk,30.48227956989247,Loyal Customers
16647.0,170,2,214.06,1,2,1,121,1,High Risk,35.67666666666667,Loyal Customers
16648.0,43,1,290.65999999999997,3,2,1,321,3,Low Risk,0.0,Budget Buyers
16650.0,72,1,518.42,2,2,2,222,3,Low Risk,0.0,Budget Buyers
16652.0,59,7,6773.97,2,4,4,244,3,Low Risk,2866.4991694915257,Budget Buyers
16653.0,16,2,1212.66,4,2,3,423,3,Low Risk,64.4408695652174,Budget Buyers
16654.0,141,4,601.27,2,3,2,232,3,High Risk,627.5323678160919,Budget Buyers
16655.0,18,6,3794.52,4,4,4,444,3,Low Risk,913.0109425287357,Budget Buyers
16656.0,22,15,8625.8,3,4,4,344,0,Low Risk,20205.641095890413,VIP Customers
16657.0,10,4,933.62,4,3,3,433,3,Low Risk,146.02774358974358,Budget Buyers
16658.0,368,1,123.24,1,2,1,121,1,High Risk,0.0,Loyal Customers
16659.0,189,1,39.12,1,2,1,121,1,High Risk,0.0,Loyal Customers
16660.0,16,4,1267.6499999999999,4,3,3,433,3,Low Risk,3200.8162499999994,Budget Buyers
16665.0,362,1,135.39999999999998,1,2,1,121,1,High Risk,0.0,Loyal Customers
16666.0,19,1,118.98,3,2,1,321,3,Low Risk,0.0,Budget Buyers
16667.0,68,2,570.13,2,2,2,222,3,Low Risk,154.90324528301886,Budget Buyers
16668.0,15,6,306.71999999999997,4,4,1,441,3,Low Risk,825.0767999999999,Budget Buyers
16669.0,24,3,1374.8700000000001,3,3,3,333,3,Low Risk,46.40186250000001,Budget Buyers
16670.0,17,11,4095.9,4,4,4,444,3,Low Risk,2032.2382142857145,Budget Buyers
16671.0,28,3,1692.27,3,3,4,334,3,Low Risk,3835.812,Budget Buyers
16672.0,2,20,8134.9400000000005,4,4,4,444,0,Low Risk,12559.205614035089,VIP Customers
16674.0,55,2,319.61,2,2,2,222,3,Low Risk,9.34913605442177,Budget Buyers
16676.0,34,4,1592.1200000000001,3,3,3,333,3,Low Risk,722.7151460674158,Budget Buyers
16678.0,3,12,3109.99,4,4,4,444,3,Low Risk,2136.925644171779,Budget Buyers
16679.0,366,1,129.75,1,2,1,121,1,High Risk,0.0,Loyal Customers
16680.0,43,1,183.7,3,2,1,321,3,Low Risk,0.0,Budget Buyers
16681.0,73,6,1770.34,2,4,4,244,3,Low Risk,1448.46,Budget Buyers
16682.0,5,5,1028.0,4,4,3,443,3,Low Risk,1045.1333333333332,Budget Buyers
16684.0,4,28,66653.56,4,4,4,444,0,Low Risk,79278.43406016847,VIP Customers
16685.0,61,2,324.24,2,2,2,222,3,Low Risk,0.0,Budget Buyers
16686.0,47,7,3062.83,3,4,4,344,3,Low Risk,375.0439698005698,Budget Buyers
16688.0,1,4,1260.86,4,3,3,433,3,Low Risk,159.98008602150537,Budget Buyers
16689.0,76,2,422.59999999999997,2,2,2,222,3,Low Risk,13.003076923076922,Budget Buyers
16690.0,72,2,225.57999999999998,2,2,1,221,3,Low Risk,161.66566666666665,Budget Buyers
16692.0,256,2,1276.0,1,2,3,123,1,High Risk,907.3777777777777,Loyal Customers
16693.0,69,2,482.01,2,2,2,222,3,Low Risk,108.72003333333333,Budget Buyers
16696.0,135,4,657.9000000000001,2,3,2,232,3,High Risk,982.464,Budget Buyers
16697.0,241,1,112.75,1,2,1,121,1,High Risk,0.0,Loyal Customers
16698.0,227,2,1998.0,1,2,4,124,1,High Risk,692.6400000000001,Loyal Customers
16700.0,9,13,5076.55,4,4,4,444,3,Low Risk,2549.812613636364,Budget Buyers
16701.0,9,13,5398.3,4,4,4,444,3,Low Risk,5718.199259259259,Budget Buyers
16705.0,1,20,14034.99,4,4,4,444,0,Low Risk,12406.238074074075,VIP Customers
16706.0,37,3,531.35,3,3,2,332,3,Low Risk,32.83138211382114,Budget Buyers
16708.0,46,1,656.63,3,2,2,322,3,Low Risk,0.0,Budget Buyers
16709.0,85,5,3029.87,2,4,4,244,3,Low Risk,1259.2497679324895,Budget Buyers
16710.0,19,10,2483.04,3,4,4,344,3,Low Risk,718.5580099502487,Budget Buyers
16711.0,3,5,1651.03,4,4,3,443,3,Low Risk,4427.762272727273,Budget Buyers
16712.0,9,11,3645.43,4,4,4,444,3,Low Risk,795.4159716629381,Budget Buyers
16713.0,19,15,6923.13,3,4,4,344,0,Low Risk,1924.9407932692309,VIP Customers
16714.0,219,3,1161.53,1,3,3,133,1,High Risk,122.39778494623656,Loyal Customers
16715.0,78,1,301.71999999999997,2,2,1,221,3,Low Risk,0.0,Budget Buyers
16716.0,267,2,901.2,1,2,3,123,1,High Risk,1321.76,Loyal Customers
16717.0,24,6,3858.38,3,4,4,344,3,Low Risk,1326.1969447236183,Budget Buyers
16718.0,369,1,623.75,1,2,2,122,1,High Risk,0.0,Loyal Customers
16719.0,15,7,1790.42,4,4,4,444,3,Low Risk,733.6862056384742,Budget Buyers
16720.0,26,1,155.24,3,2,1,321,3,Low Risk,0.0,Budget Buyers
16721.0,262,1,292.47,1,2,1,121,1,High Risk,0.0,Loyal Customers
16722.0,17,13,4730.81,4,4,4,444,3,Low Risk,3198.02756,Budget Buyers
16723.0,91,2,589.15,2,2,2,222,3,High Risk,14.614573643410852,Budget Buyers
16725.0,302,7,781.02,1,4,3,143,1,High Risk,83.2743178807947,Loyal Customers
16726.0,26,5,1382.02,3,4,3,343,3,Low Risk,417.09612612612614,Budget Buyers
16727.0,364,1,272.82,1,2,1,121,1,High Risk,0.0,Loyal Customers
16728.0,46,4,1054.67,3,3,3,333,3,Low Risk,113.96186369268898,Budget Buyers
16729.0,38,21,7239.92,3,4,4,344,0,Low Risk,1558.7767151515152,VIP Customers
16730.0,52,3,743.11,2,3,3,233,3,Low Risk,241.96386585365855,Budget Buyers
16732.0,32,1,603.75,3,2,2,322,3,Low Risk,0.0,Budget Buyers
16734.0,52,3,650.51,2,3,2,232,3,Low Risk,74.87001886792451,Budget Buyers
16735.0,79,5,2300.56,2,4,4,244,3,Low Risk,782.1904000000001,Budget Buyers
16737.0,53,1,417.59999999999997,2,2,2,222,3,Low Risk,0.0,Budget Buyers
16738.0,298,1,3.75,1,2,1,121,1,High Risk,0.0,Loyal Customers
16739.0,177,1,323.0,1,2,2,122,1,High Risk,0.0,Loyal Customers
16742.0,47,1,464.9,3,2,2,322,3,Low Risk,0.0,Budget Buyers
16743.0,29,7,2238.09,3,4,4,344,3,Low Risk,899.5325078534032,Budget Buyers
16744.0,11,7,1304.76,4,4,3,443,3,Low Risk,202.54332231404956,Budget Buyers
16745.0,87,17,7194.3,2,4,4,244,0,Low Risk,2569.3928571428573,VIP Customers
16746.0,5,18,6697.66,4,4,4,444,0,Low Risk,3168.336267260579,VIP Customers
16747.0,38,2,836.06,3,2,3,323,3,Low Risk,39.81238095238095,Budget Buyers
16748.0,18,5,1515.9,4,4,3,443,3,Low Risk,1157.0637681159421,Budget Buyers
16750.0,45,5,623.93,3,4,2,342,3,Low Risk,204.69282456140348,Budget Buyers
16751.0,31,1,1764.72,3,2,4,324,3,Low Risk,0.0,Budget Buyers
16752.0,373,1,207.5,1,2,1,121,1,High Risk,0.0,Loyal Customers
16753.0,58,1,223.92000000000002,2,2,1,221,3,Low Risk,0.0,Budget Buyers
16754.0,372,1,2002.4,1,2,4,124,1,High Risk,0.0,Loyal Customers
16755.0,114,3,1496.83,2,3,3,233,3,High Risk,176.97813529411764,Budget Buyers
16756.0,215,1,239.4,1,2,1,121,1,High Risk,0.0,Loyal Customers
16757.0,319,1,106.83000000000001,1,2,1,121,1,High Risk,0.0,Loyal Customers
16758.0,65,1,369.34000000000003,2,2,2,222,3,Low Risk,0.0,Budget Buyers
16759.0,8,3,789.79,4,3,3,433,3,Low Risk,43.25040476190476,Budget Buyers
16761.0,97,1,316.62,2,2,2,222,3,High Risk,0.0,Budget Buyers
16762.0,20,3,1501.38,3,3,3,333,3,Low Risk,209.1810337078652,Budget Buyers
16763.0,199,1,611.85,1,2,2,122,1,High Risk,0.0,Loyal Customers
16764.0,4,13,2799.25,4,4,4,444,3,Low Risk,238.82175401322002,Budget Buyers
16765.0,294,1,34.0,1,2,1,121,1,High Risk,0.0,Loyal Customers
16766.0,273,2,1145.6,1,2,3,123,1,High Risk,0.0,Loyal Customers
16767.0,31,11,5580.6,3,4,4,344,3,Low Risk,2626.904054054054,Budget Buyers
16768.0,48,3,478.09000000000003,3,3,2,332,3,Low Risk,198.31881481481486,Budget Buyers
16769.0,260,1,380.39,1,2,2,122,1,High Risk,0.0,Loyal Customers
16770.0,58,5,770.1,2,4,3,243,3,Low Risk,277.9441379310345,Budget Buyers
16771.0,33,5,2246.81,3,4,4,344,3,Low Risk,446.42499346405225,Budget Buyers
16773.0,57,1,171.59,2,2,1,221,3,Low Risk,0.0,Budget Buyers
16774.0,68,4,661.52,2,3,2,232,3,Low Risk,202.1311111111111,Budget Buyers
16775.0,10,11,1695.66,4,4,4,444,3,Low Risk,1404.8221139240509,Budget Buyers
16776.0,60,1,388.28,2,2,2,222,3,Low Risk,0.0,Budget Buyers
16777.0,80,2,226.35,2,2,1,221,3,Low Risk,53.1168,Budget Buyers
16778.0,74,2,245.94,2,2,1,221,3,Low Risk,203.92525,Budget Buyers
16779.0,2,22,10629.720000000001,4,4,4,444,0,Low Risk,8520.800576576577,VIP Customers
16780.0,100,2,425.19,2,2,2,222,3,High Risk,74.64446666666666,Budget Buyers
16781.0,372,1,311.25,1,2,2,122,1,High Risk,0.0,Loyal Customers
16782.0,10,13,2279.9,4,4,4,444,3,Low Risk,1845.9190350877193,Budget Buyers
16784.0,20,1,107.6,3,2,1,321,3,Low Risk,0.0,Budget Buyers
16788.0,123,2,597.48,2,2,2,222,3,High Risk,33.66446451612903,Budget Buyers
16789.0,8,1,80.8,4,2,1,421,3,Low Risk,0.0,Budget Buyers
16790.0,4,6,1545.6200000000001,4,4,3,443,3,Low Risk,113.0130752688172,Budget Buyers
16791.0,29,7,1721.78,3,4,4,344,3,Low Risk,380.40576875,Budget Buyers
16792.0,282,2,110.38000000000001,1,2,1,121,1,High Risk,0.0,Loyal Customers
16793.0,57,1,243.84,2,2,1,221,3,Low Risk,0.0,Budget Buyers
16794.0,1,10,1222.71,4,4,3,443,3,Low Risk,255.98256140350875,Budget Buyers
16795.0,365,1,414.88,1,2,2,122,1,High Risk,0.0,Loyal Customers
16796.0,89,1,305.62,2,2,1,221,3,Low Risk,0.0,Budget Buyers
16800.0,11,1,1201.49,4,2,3,423,3,Low Risk,0.0,Budget Buyers
16801.0,163,4,1619.73,1,3,3,133,1,High Risk,312.57947368421054,Loyal Customers
16803.0,65,1,332.3,2,2,2,222,3,Low Risk,0.0,Budget Buyers
16804.0,23,3,536.99,3,3,2,332,3,Low Risk,221.06088333333332,Budget Buyers
16805.0,174,2,460.59,1,2,2,122,1,High Risk,58.278734693877546,Loyal Customers
16806.0,103,4,801.49,2,3,3,233,3,High Risk,140.066213592233,Budget Buyers
16807.0,143,3,1121.59,1,3,3,133,3,High Risk,214.27391044776115,Budget Buyers
16808.0,99,2,288.42,2,2,1,221,3,High Risk,146.3,Budget Buyers
16809.0,23,5,914.69,3,4,3,343,3,Low Risk,244.5312192393736,Budget Buyers
16810.0,192,1,309.54,1,2,2,122,1,High Risk,0.0,Loyal Customers
16811.0,5,2,547.07,4,2,2,422,3,Low Risk,15.630571428571429,Budget Buyers
16812.0,361,1,479.35,1,2,2,122,1,High Risk,0.0,Loyal Customers
16813.0,8,10,1692.98,4,4,4,444,3,Low Risk,246.34304380103933,Budget Buyers
16814.0,14,21,6509.1,4,4,4,444,0,Low Risk,4992.318981481481,VIP Customers
16816.0,103,4,417.06,2,3,2,232,3,High Risk,504.444,Budget Buyers
16817.0,3,9,1604.75,4,4,3,443,3,Low Risk,2043.2572674418602,Budget Buyers
16818.0,11,11,3349.57,4,4,4,444,3,Low Risk,1260.6670864197533,Budget Buyers
16820.0,96,1,497.61,2,2,2,222,3,High Risk,0.0,Budget Buyers
16823.0,227,1,358.38,1,2,2,122,1,High Risk,0.0,Loyal Customers
16824.0,16,2,460.64,4,2,2,422,3,Low Risk,174.80697435897437,Budget Buyers
16825.0,39,2,775.1800000000001,3,2,3,323,3,Low Risk,271.31300000000005,Budget Buyers
16826.0,51,1,341.7,3,2,2,322,3,Low Risk,0.0,Budget Buyers
16828.0,93,2,128.5,2,2,1,221,3,High Risk,20.34583333333333,Budget Buyers
16829.0,157,1,197.22,1,2,1,121,1,High Risk,0.0,Loyal Customers
16830.0,39,1,325.91,3,2,2,322,3,Low Risk,0.0,Budget Buyers
16832.0,184,3,199.15,1,3,1,131,1,High Risk,54.766250000000014,Loyal Customers
16833.0,1,4,1106.53,4,3,3,433,3,Low Risk,1045.3177021276595,Budget Buyers
16834.0,228,1,413.46,1,2,2,122,1,High Risk,0.0,Loyal Customers
16835.0,128,2,180.85,2,2,1,221,3,High Risk,294.18266666666665,Budget Buyers
16836.0,40,2,251.87,3,2,1,321,3,Low Risk,116.01284848484849,Budget Buyers
16837.0,31,11,3170.98,3,4,4,344,3,Low Risk,1507.9771555555558,Budget Buyers
16838.0,197,2,588.85,1,2,2,122,1,High Risk,141.324,Loyal Customers
16839.0,9,34,16594.35,4,4,4,444,0,Low Risk,25452.98796992481,VIP Customers
16841.0,37,6,1869.82,3,4,4,344,3,Low Risk,805.9568965517242,Budget Buyers
16842.0,101,3,1264.19,2,3,3,233,3,High Risk,403.33680952380956,Budget Buyers
16843.0,43,16,10196.57,3,4,4,344,0,Low Risk,4085.8213474426807,VIP Customers
16846.0,50,1,214.32,3,2,1,321,3,Low Risk,0.0,Budget Buyers
16847.0,43,1,193.44,3,2,1,321,3,Low Risk,0.0,Budget Buyers
16848.0,53,1,281.42,2,2,1,221,3,Low Risk,0.0,Budget Buyers
16849.0,187,1,124.57,1,2,1,121,1,High Risk,0.0,Loyal Customers
16850.0,334,1,332.41,1,2,2,122,1,High Risk,0.0,Loyal Customers
16851.0,4,3,342.45,4,3,2,432,3,Low Risk,80.47574999999999,Budget Buyers
16852.0,10,2,144.91000000000003,4,2,1,421,3,Low Risk,177.11222222222224,Budget Buyers
16855.0,24,2,328.4,3,2,2,322,3,Low Risk,21.89333333333333,Budget Buyers
16856.0,15,1,35.400000000000006,4,2,1,421,3,Low Risk,0.0,Budget Buyers
16858.0,369,1,375.69000000000005,1,2,2,122,1,High Risk,0.0,Loyal Customers
16859.0,145,2,747.81,1,2,3,123,3,High Risk,111.21276923076923,Budget Buyers
16861.0,60,2,173.76,2,2,1,221,3,Low Risk,189.2053333333333,Budget Buyers
16863.0,31,2,502.8,3,2,2,322,3,Low Risk,431.89230769230767,Budget Buyers
16866.0,141,3,207.73999999999998,2,3,1,231,3,High Risk,37.770909090909086,Budget Buyers
16869.0,23,4,825.42,3,3,3,333,3,Low Risk,130.6915,Budget Buyers
16871.0,22,6,2812.34,3,4,4,344,3,Low Risk,1018.1902481751827,Budget Buyers
16872.0,77,3,680.02,2,3,3,233,3,Low Risk,1039.4591428571428,Budget Buyers
16873.0,5,6,7123.62,4,4,4,444,3,Low Risk,1833.247010752688,Budget Buyers
16875.0,67,5,2095.53,2,4,4,244,3,Low Risk,848.1907142857143,Budget Buyers
16877.0,12,6,853.72,4,4,3,443,3,Low Risk,209.40301886792452,Budget Buyers
16878.0,84,1,13.3,2,2,1,221,3,Low Risk,0.0,Budget Buyers
16880.0,31,7,1519.08,3,4,3,343,3,Low Risk,314.62593258426966,Budget Buyers
16881.0,67,1,432.0,2,2,2,222,3,Low Risk,0.0,Budget Buyers
16882.0,67,3,705.12,2,3,3,233,3,Low Risk,452.0000000000001,Budget Buyers
16883.0,187,2,276.73,1,2,1,121,1,High Risk,89.3303859649123,Loyal Customers
16884.0,38,2,429.84000000000003,3,2,2,322,3,Low Risk,0.0,Budget Buyers
16885.0,15,3,471.51,4,3,2,432,3,Low Risk,159.1929801980198,Budget Buyers
16887.0,35,1,194.88,3,2,1,321,3,Low Risk,0.0,Budget Buyers
16889.0,195,3,1578.67,1,3,3,133,1,High Risk,166.0526962962963,Loyal Customers
16891.0,2,5,809.7,4,4,3,443,3,Low Risk,245.30320197044335,Budget Buyers
16892.0,1,5,525.54,4,4,2,442,3,Low Risk,161.0240404040404,Budget Buyers
16893.0,367,1,145.93,1,2,1,121,1,High Risk,0.0,Loyal Customers
16895.0,65,1,219.14,2,2,1,221,3,Low Risk,0.0,Budget Buyers
16897.0,299,2,289.78,1,2,1,121,1,High Risk,7.309765765765765,Loyal Customers
16898.0,26,3,508.81,3,3,2,332,3,Low Risk,107.41544444444445,Budget Buyers
16899.0,8,6,1281.56,4,4,3,443,3,Low Risk,721.774592,Budget Buyers
16900.0,17,3,887.11,4,3,3,433,3,Low Risk,51.654506329113936,Budget Buyers
16902.0,116,1,1706.88,2,2,4,224,3,High Risk,0.0,Budget Buyers
16903.0,29,1,373.24,3,2,2,322,3,Low Risk,0.0,Budget Buyers
16904.0,4,16,3754.27,4,4,4,444,0,Low Risk,1020.8794291079812,VIP Customers
16905.0,5,7,3102.43,4,4,4,444,3,Low Risk,1273.7861634615383,Budget Buyers
16906.0,82,4,579.77,2,3,2,232,3,Low Risk,137.9811039426523,Budget Buyers
16907.0,29,5,981.65,3,4,3,343,3,Low Risk,364.05562913907283,Budget Buyers
16909.0,72,1,379.14,2,2,2,222,3,Low Risk,0.0,Budget Buyers
16910.0,4,8,1510.06,4,4,3,443,3,Low Risk,63.31025472273004,Budget Buyers
16912.0,29,11,2575.38,3,4,4,344,3,Low Risk,2748.7719207920795,Budget Buyers
16913.0,290,1,113.44,1,2,1,121,1,High Risk,0.0,Loyal Customers
16914.0,36,1,208.46,3,2,1,321,3,Low Risk,0.0,Budget Buyers
16915.0,9,6,621.6800000000001,4,4,2,442,3,Low Risk,597.6853333333335,Budget Buyers
16916.0,24,2,576.26,3,2,2,322,3,Low Risk,93.49113286713286,Budget Buyers
16917.0,277,1,391.52,1,2,2,122,1,High Risk,0.0,Loyal Customers
16918.0,50,6,1068.82,3,4,3,343,3,Low Risk,445.89834375000004,Budget Buyers
16919.0,156,11,2596.45,1,4,4,144,3,High Risk,617.2193068297655,Budget Buyers
16921.0,61,1,169.79,2,2,1,221,3,Low Risk,0.0,Budget Buyers
16923.0,12,19,7247.61,4,4,4,444,0,Low Risk,2390.7046874999996,VIP Customers
16924.0,21,3,846.75,3,3,3,333,3,Low Risk,63.25120481927711,Budget Buyers
16926.0,371,1,230.25,1,2,1,121,1,High Risk,0.0,Loyal Customers
16927.0,116,3,543.05,2,3,2,232,3,High Risk,2217.4541666666664,Budget Buyers
16928.0,80,17,2847.6,2,4,4,244,0,Low Risk,2254.4635406698562,VIP Customers
16929.0,4,7,1295.39,4,4,3,443,3,Low Risk,592.7390606060607,Budget Buyers
16930.0,26,3,380.55,3,3,2,332,3,Low Risk,29.59833333333333,Budget Buyers
16931.0,5,21,4604.22,4,4,4,444,0,Low Risk,1306.4089710467706,VIP Customers
16932.0,53,1,161.94,2,2,1,221,3,Low Risk,0.0,Budget Buyers
16933.0,1,2,563.23,4,2,2,422,3,Low Risk,202.25077272727273,Budget Buyers
16934.0,55,2,950.9300000000001,2,2,3,223,3,Low Risk,0.0,Budget Buyers
16936.0,26,1,262.68,3,2,1,321,3,Low Risk,0.0,Budget Buyers
16938.0,9,4,2736.38,4,3,4,434,3,Low Risk,454.1709543568465,Budget Buyers
16940.0,52,3,3049.88,2,3,4,234,3,Low Risk,236.9906754098361,Budget Buyers
16942.0,13,9,1920.59,4,4,4,444,3,Low Risk,440.8471708185054,Budget Buyers
16943.0,212,3,816.73,1,3,3,133,1,High Risk,262.34357575757576,Loyal Customers
16945.0,22,19,4345.5,3,4,4,344,0,Low Risk,3713.7445783132525,VIP Customers
16947.0,236,1,406.48,1,2,2,122,1,High Risk,0.0,Loyal Customers
16948.0,139,3,435.02,2,3,2,232,3,High Risk,428.1512631578948,Budget Buyers
16949.0,4,6,1286.27,4,4,3,443,3,Low Risk,1337.7208,Budget Buyers
16950.0,57,3,1178.56,2,3,3,233,3,Low Risk,869.8895238095238,Budget Buyers
16951.0,135,3,1277.75,2,3,3,233,3,High Risk,251.09273255813955,Budget Buyers
16952.0,109,2,167.61,2,2,1,221,3,High Risk,0.0,Budget Buyers
16953.0,30,1,20.8,3,2,1,321,3,Low Risk,0.0,Budget Buyers
16954.0,1,9,2085.08,4,4,4,444,3,Low Risk,4146.992444444444,Budget Buyers
16955.0,185,4,518.67,1,3,2,132,1,High Risk,520.0531199999999,Loyal Customers
16956.0,18,1,308.74,4,2,2,422,3,Low Risk,0.0,Budget Buyers
16957.0,239,2,416.64,1,2,2,122,1,High Risk,72.91199999999999,Loyal Customers
16959.0,87,1,117.35000000000001,2,2,1,221,3,Low Risk,0.0,Budget Buyers
16960.0,39,3,507.05,3,3,2,332,3,Low Risk,106.93232673267326,Budget Buyers
16961.0,116,1,234.17,2,2,1,221,3,High Risk,0.0,Budget Buyers
16963.0,187,1,110.55000000000001,1,2,1,121,1,High Risk,0.0,Loyal Customers
16965.0,227,1,201.19,1,2,1,121,1,High Risk,0.0,Loyal Customers
16966.0,8,7,2154.97,4,4,4,444,3,Low Risk,4148.31725,Budget Buyers
16967.0,189,1,319.02,1,2,2,122,1,High Risk,0.0,Loyal Customers
16968.0,4,2,439.43,4,2,2,422,3,Low Risk,97.33610752688172,Budget Buyers
16969.0,39,3,650.41,3,3,2,332,3,Low Risk,235.38647619047615,Budget Buyers
16971.0,38,1,357.21,3,2,2,322,3,Low Risk,0.0,Budget Buyers
16976.0,267,1,251.51999999999998,1,2,1,121,1,High Risk,0.0,Loyal Customers
16978.0,78,1,344.33,2,2,2,222,3,Low Risk,0.0,Budget Buyers
16979.0,4,6,1852.0,4,4,4,444,3,Low Risk,1223.568539325843,Budget Buyers
16980.0,255,2,1078.96,1,2,3,123,1,High Risk,29.76441379310345,Loyal Customers
16982.0,61,1,384.06,2,2,2,222,3,Low Risk,0.0,Budget Buyers
16983.0,13,7,1931.25,4,4,4,444,3,Low Risk,1083.9358108108108,Budget Buyers
16984.0,88,2,4481.35,2,2,4,224,3,Low Risk,30.09588042588043,Budget Buyers
16985.0,17,10,5464.12,4,4,4,444,3,Low Risk,5175.735888888888,Budget Buyers
16986.0,30,2,1873.2,3,2,4,324,3,Low Risk,0.0,Budget Buyers
16987.0,3,7,1625.05,4,4,3,443,3,Low Risk,593.7521188630491,Budget Buyers
16988.0,5,1,126.12,4,2,1,421,3,Low Risk,0.0,Budget Buyers
16989.0,7,6,1133.25,4,4,3,443,3,Low Risk,2700.9125,Budget Buyers
16990.0,219,1,179.0,1,2,1,121,1,High Risk,0.0,Loyal Customers
16992.0,11,5,1614.31,4,4,3,443,3,Low Risk,792.6898566308244,Budget Buyers
16996.0,30,6,1456.96,3,4,3,343,3,Low Risk,2543.7734054054054,Budget Buyers
16997.0,288,3,702.0,1,3,3,133,1,High Risk,216.45000000000002,Loyal Customers
16998.0,150,4,295.0,1,3,1,131,1,High Risk,1514.3333333333335,Loyal Customers
16999.0,23,2,484.82,3,2,2,322,3,Low Risk,70.26376811594203,Budget Buyers
17001.0,1,11,3989.57,4,4,4,444,3,Low Risk,3098.802102564103,Budget Buyers
17002.0,86,3,1493.73,2,3,3,233,3,Low Risk,624.9278571428571,Budget Buyers
17004.0,46,2,1412.94,3,2,3,323,3,Low Risk,98.47763636363638,Budget Buyers
17006.0,5,4,781.78,4,3,3,433,3,Low Risk,165.8321212121212,Budget Buyers
17007.0,51,6,889.9300000000001,3,4,3,343,3,Low Risk,1047.379153846154,Budget Buyers
17010.0,18,1,195.36,4,2,1,421,3,Low Risk,0.0,Budget Buyers
17011.0,30,1,270.9,3,2,1,321,3,Low Risk,0.0,Budget Buyers
17014.0,8,3,586.33,4,3,2,432,3,Low Risk,45.955594594594594,Budget Buyers
17015.0,29,3,1842.56,3,3,4,334,3,Low Risk,132.460534562212,Budget Buyers
17017.0,3,20,8694.26,4,4,4,444,0,Low Risk,8487.25380952381,VIP Customers
17018.0,41,2,920.1,3,2,3,323,3,Low Risk,1092.61875,Budget Buyers
17019.0,11,4,1272.61,4,3,3,433,3,Low Risk,258.8728034188034,Budget Buyers
17022.0,31,1,71.0,3,2,1,321,3,Low Risk,0.0,Budget Buyers
17024.0,45,3,95.85,3,3,1,331,3,Low Risk,357.84,Budget Buyers
17025.0,61,3,357.77,2,3,2,232,3,Low Risk,1240.2693333333334,Budget Buyers
17026.0,185,2,154.82999999999998,1,2,1,121,1,High Risk,474.81199999999995,Loyal Customers
17027.0,79,6,890.29,2,4,3,243,3,Low Risk,276.97911111111114,Budget Buyers
17029.0,111,2,716.0,2,2,3,223,3,High Risk,3007.2000000000003,Budget Buyers
17030.0,64,1,146.87,2,2,1,221,3,Low Risk,0.0,Budget Buyers
17031.0,12,2,380.35,4,2,2,422,3,Low Risk,164.81833333333333,Budget Buyers
17033.0,86,3,1030.14,2,3,3,233,3,Low Risk,1004.3865,Budget Buyers
17034.0,16,3,745.52,4,3,3,433,3,Low Risk,673.4530666666666,Budget Buyers
17035.0,246,2,433.53000000000003,1,2,2,122,1,High Risk,67.09392857142856,Loyal Customers
17037.0,88,1,1267.32,2,2,3,223,3,Low Risk,0.0,Budget Buyers
17038.0,30,1,112.4,3,2,1,321,3,Low Risk,0.0,Budget Buyers
17040.0,138,1,449.73,2,2,2,222,3,High Risk,0.0,Budget Buyers
17041.0,27,3,1081.57,3,3,3,333,3,Low Risk,514.5183,Budget Buyers
17042.0,3,5,1044.3799999999999,4,4,3,443,3,Low Risk,433.38217687074814,Budget Buyers
17043.0,32,4,1735.18,3,3,4,334,3,Low Risk,530.7609411764706,Budget Buyers
17044.0,25,1,948.48,3,2,3,323,3,Low Risk,0.0,Budget Buyers
17045.0,113,3,339.44,2,3,2,232,3,High Risk,206.7498181818182,Budget Buyers
17046.0,157,1,642.02,1,2,2,122,1,High Risk,0.0,Loyal Customers
17047.0,85,3,1100.9,2,3,3,233,3,Low Risk,201.54938461538467,Budget Buyers
17048.0,118,3,925.35,2,3,3,233,3,High Risk,458.3710465116279,Budget Buyers
17049.0,3,9,5659.9800000000005,4,4,4,444,3,Low Risk,1457.7118301886792,Budget Buyers
17050.0,96,6,3228.84,2,4,4,244,3,High Risk,414.8446329113924,Budget Buyers
17051.0,194,1,247.14000000000001,1,2,1,121,1,High Risk,0.0,Loyal Customers
17052.0,28,1,413.75,3,2,2,322,3,Low Risk,0.0,Budget Buyers
17053.0,131,1,498.48,2,2,2,222,3,High Risk,0.0,Budget Buyers
17054.0,28,5,1356.33,3,4,3,343,3,Low Risk,588.2877108433735,Budget Buyers
17058.0,82,3,1179.89,2,3,3,233,3,Low Risk,300.6816451612903,Budget Buyers
17059.0,30,5,3095.04,3,4,4,344,3,Low Risk,338.89488372093024,Budget Buyers
17060.0,266,1,234.24,1,2,1,121,1,High Risk,0.0,Loyal Customers
17061.0,74,11,5232.2300000000005,2,4,4,244,3,Low Risk,3061.823481481482,Budget Buyers
17062.0,314,4,538.37,1,3,2,132,1,High Risk,56.400666666666666,Loyal Customers
17063.0,21,7,1461.14,3,4,3,343,3,Low Risk,1171.4096752136754,Budget Buyers
17064.0,59,3,859.35,2,3,3,233,3,Low Risk,371.4609677419355,Budget Buyers
17068.0,12,21,4552.14,4,4,4,444,0,Low Risk,3821.6445608108115,VIP Customers
17069.0,28,9,2709.7000000000003,3,4,4,344,3,Low Risk,1961.2164335664338,Budget Buyers
17070.0,114,1,312.14,2,2,2,222,3,High Risk,0.0,Budget Buyers
17071.0,28,9,2429.03,3,4,4,344,3,Low Risk,1462.6230642857145,Budget Buyers
17073.0,18,4,1446.09,4,3,3,433,3,Low Risk,100.83845977011492,Budget Buyers
17075.0,18,4,834.12,4,3,3,433,3,Low Risk,431.86472727272724,Budget Buyers
17076.0,36,3,841.0799999999999,3,3,3,333,3,Low Risk,1103.49696,Budget Buyers
17078.0,36,2,378.2,3,2,2,322,3,Low Risk,0.0,Budget Buyers
17079.0,78,1,118.80000000000001,2,2,1,221,3,Low Risk,0.0,Budget Buyers
17080.0,22,2,287.62,3,2,1,321,3,Low Risk,592.0178333333333,Budget Buyers
17081.0,25,2,290.16,3,2,1,321,3,Low Risk,6.045,Budget Buyers
17082.0,33,2,2003.85,3,2,4,324,3,Low Risk,470.03888888888883,Budget Buyers
17083.0,109,3,1405.78,2,3,3,233,3,High Risk,524.464076923077,Budget Buyers
17084.0,35,2,2949.75,3,2,4,324,3,Low Risk,0.0,Budget Buyers
17085.0,123,5,1566.65,2,4,3,243,3,High Risk,333.71599821746884,Budget Buyers
17086.0,7,6,2050.08,4,4,4,444,3,Low Risk,239.176,Budget Buyers
17088.0,28,4,1991.01,3,3,4,334,3,Low Risk,519.3939130434783,Budget Buyers
17090.0,4,7,2043.95,4,4,4,444,3,Low Risk,2641.99462962963,Budget Buyers
17091.0,3,9,3827.76,4,4,4,444,3,Low Risk,2149.4344615384616,Budget Buyers
17092.0,50,4,1777.78,3,3,4,334,3,Low Risk,430.4597973333333,Budget Buyers
17094.0,322,1,302.0,1,2,1,121,1,High Risk,0.0,Loyal Customers
17095.0,23,3,1324.16,3,3,3,333,3,Low Risk,558.2944864864866,Budget Buyers
17096.0,15,4,1022.13,4,3,3,433,3,Low Risk,698.4554999999999,Budget Buyers
17097.0,2,8,954.42,4,4,3,443,3,Low Risk,437.8571374407583,Budget Buyers
17100.0,18,2,971.74,4,2,3,423,3,Low Risk,0.0,Budget Buyers
17101.0,10,4,1621.73,4,3,3,433,3,Low Risk,859.7743174603174,Budget Buyers
17102.0,262,1,25.5,1,2,1,121,1,High Risk,0.0,Loyal Customers
17105.0,159,2,665.78,1,2,2,122,1,High Risk,72.49604444444445,Loyal Customers
17107.0,33,6,10815.43,3,4,4,344,3,Low Risk,1262.6626411483253,Budget Buyers
17109.0,29,6,885.04,3,4,3,343,3,Low Risk,307.1164444444444,Budget Buyers
17110.0,165,1,163.29999999999998,1,2,1,121,1,High Risk,0.0,Loyal Customers
17111.0,47,1,248.61,3,2,1,321,3,Low Risk,0.0,Budget Buyers
17114.0,6,8,808.62,4,4,3,443,3,Low Risk,558.6057322834646,Budget Buyers
17115.0,8,3,837.5,4,3,3,433,3,Low Risk,481.025641025641,Budget Buyers
17117.0,288,1,116.19999999999999,1,2,1,121,1,High Risk,0.0,Loyal Customers
17118.0,318,1,157.02,1,2,1,121,1,High Risk,0.0,Loyal Customers
17119.0,3,2,606.91,4,2,2,422,3,Low Risk,64.73706666666666,Budget Buyers
17120.0,233,1,307.46,1,2,2,122,1,High Risk,0.0,Loyal Customers
17122.0,119,1,138.32,2,2,1,221,3,High Risk,0.0,Budget Buyers
17123.0,162,1,345.29999999999995,1,2,2,122,1,High Risk,0.0,Loyal Customers
17124.0,185,1,298.89,1,2,1,121,1,High Risk,0.0,Loyal Customers
17125.0,50,1,259.35,3,2,1,321,3,Low Risk,0.0,Budget Buyers
17126.0,152,5,1004.75,1,4,3,143,1,High Risk,135.25480769230768,Loyal Customers
17128.0,335,1,157.09,1,2,1,121,1,High Risk,0.0,Loyal Customers
17131.0,5,5,2463.17,4,4,4,444,3,Low Risk,214.45509950248757,Budget Buyers
17133.0,16,7,4892.240000000001,4,4,4,444,3,Low Risk,10569.654320987658,Budget Buyers
17134.0,107,2,425.0,2,2,2,222,3,High Risk,185.3472222222222,Budget Buyers
17135.0,16,7,1139.73,4,4,3,443,3,Low Risk,1815.5314423076923,Budget Buyers
17138.0,276,1,380.5,1,2,2,122,1,High Risk,0.0,Loyal Customers
17139.0,16,12,10668.47,4,4,4,444,0,Low Risk,2437.2320585774055,VIP Customers
17140.0,247,1,465.32,1,2,2,122,1,High Risk,0.0,Loyal Customers
17142.0,239,1,579.0,1,2,2,122,1,High Risk,0.0,Loyal Customers
17144.0,1,2,984.57,4,2,3,423,3,Low Risk,113.49904166666667,Budget Buyers
17146.0,106,3,749.78,2,3,3,233,3,High Risk,541.9838285714285,Budget Buyers
17147.0,23,4,1714.59,3,3,4,334,3,Low Risk,815.6650370370369,Budget Buyers
17148.0,52,1,124.88,2,2,1,221,3,Low Risk,0.0,Budget Buyers
17152.0,195,3,1689.5,1,3,4,134,1,High Risk,820.6142857142856,Loyal Customers
17153.0,24,1,213.78,3,2,1,321,3,Low Risk,0.0,Budget Buyers
17154.0,75,1,329.34,2,2,2,222,3,Low Risk,0.0,Budget Buyers
17155.0,18,2,251.70000000000002,4,2,1,421,3,Low Risk,134.24,Budget Buyers
17157.0,8,2,319.0,4,2,2,422,3,Low Risk,274.83076923076925,Budget Buyers
17158.0,32,3,1266.97,3,3,3,333,3,Low Risk,620.248,Budget Buyers
17159.0,22,3,1538.88,3,3,3,333,3,Low Risk,228.54653465346536,Budget Buyers
17160.0,31,6,3518.03,3,4,4,344,3,Low Risk,645.228209606987,Budget Buyers
17162.0,29,10,1715.46,3,4,4,344,3,Low Risk,1517.5223076923075,Budget Buyers
17163.0,22,2,293.1,3,2,1,321,3,Low Risk,218.848,Budget Buyers
17164.0,33,7,2467.35,3,4,4,344,3,Low Risk,959.5249999999999,Budget Buyers
17165.0,284,1,158.68,1,2,1,121,1,High Risk,0.0,Loyal Customers
17166.0,39,2,206.34,3,2,1,321,3,Low Risk,189.145,Budget Buyers
17169.0,58,2,835.78,2,2,3,223,3,Low Risk,128.9783950617284,Budget Buyers
17171.0,289,1,224.91,1,2,1,121,1,High Risk,0.0,Loyal Customers
17172.0,79,1,317.76,2,2,2,222,3,Low Risk,0.0,Budget Buyers
17173.0,5,8,3766.6,4,4,4,444,3,Low Risk,1459.922480620155,Budget Buyers
17174.0,218,1,59.9,1,2,1,121,1,High Risk,0.0,Loyal Customers
17175.0,44,4,1443.69,3,3,3,333,3,Low Risk,769.9680000000001,Budget Buyers
17176.0,202,1,306.13,1,2,1,121,1,High Risk,0.0,Loyal Customers
17179.0,178,3,711.79,1,3,3,133,1,High Risk,162.82196249999998,Loyal Customers
17180.0,56,4,796.03,2,3,3,233,3,Low Risk,214.76226041666663,Budget Buyers
17181.0,57,2,239.92000000000002,2,2,1,221,3,Low Risk,219.75281159420288,Budget Buyers
17183.0,8,6,3347.31,4,4,4,444,3,Low Risk,889.559095890411,Budget Buyers
17186.0,47,2,144.0,3,2,1,321,3,Low Risk,62.400000000000006,Budget Buyers
17187.0,227,1,203.95,1,2,1,121,1,High Risk,0.0,Loyal Customers
17188.0,11,7,2474.23,4,4,4,444,3,Low Risk,2412.37425,Budget Buyers
17189.0,106,2,384.40000000000003,2,2,2,222,3,High Risk,106.28765027322406,Budget Buyers
17190.0,59,2,444.74,2,3,2,232,3,Low Risk,230.95270175438597,Budget Buyers
17191.0,28,7,2095.13,3,4,4,344,3,Low Risk,701.3234036568214,Budget Buyers
17193.0,36,7,1699.3000000000002,3,4,4,344,3,Low Risk,1747.0928125000005,Budget Buyers
17194.0,274,2,262.62,1,3,1,131,1,High Risk,51.92027586206896,Loyal Customers
17197.0,30,1,1013.01,3,2,3,323,3,Low Risk,0.0,Budget Buyers
17198.0,24,3,692.22,3,3,3,333,3,Low Risk,250.2086875,Budget Buyers
17201.0,54,1,342.63,2,2,2,222,3,Low Risk,0.0,Budget Buyers
17203.0,36,6,3563.85,3,4,4,344,3,Low Risk,112.54263157894736,Budget Buyers
17204.0,175,4,1564.56,1,3,3,133,1,High Risk,322.06147368421045,Loyal Customers
17205.0,54,1,384.08,2,2,2,222,3,Low Risk,0.0,Budget Buyers
17206.0,53,1,204.24,2,2,1,221,3,Low Risk,0.0,Budget Buyers
17211.0,27,8,2317.2200000000003,3,4,4,344,3,Low Risk,1001.5661800947869,Budget Buyers
17212.0,253,1,226.85,1,2,1,121,1,High Risk,0.0,Loyal Customers
17213.0,40,7,2781.23,3,4,4,344,3,Low Risk,1347.5088874734608,Budget Buyers
17214.0,60,6,1069.1200000000001,2,4,3,243,3,Low Risk,618.6364271844661,Budget Buyers
17217.0,234,1,113.5,1,2,1,121,1,High Risk,0.0,Loyal Customers
17218.0,4,10,1960.72,4,4,4,444,3,Low Risk,865.8654014598541,Budget Buyers
17219.0,32,1,114.23,3,2,1,321,3,Low Risk,0.0,Budget Buyers
17220.0,24,14,3198.25,3,4,4,344,3,Low Risk,1071.9558262711867,Budget Buyers
17221.0,7,2,335.13,4,3,2,432,3,Low Risk,9.929777777777778,Budget Buyers
17222.0,65,1,354.15,2,2,2,222,3,Low Risk,0.0,Budget Buyers
17223.0,310,2,426.79,1,3,2,132,1,High Risk,33.67866666666667,Loyal Customers
17226.0,309,1,393.49,1,2,2,122,1,High Risk,0.0,Loyal Customers
17227.0,19,6,939.32,3,4,3,343,3,Low Risk,1394.9901276595745,Budget Buyers
17228.0,16,8,1906.09,4,4,4,444,3,Low Risk,869.9590256410256,Budget Buyers
17229.0,96,2,318.76,2,3,2,232,3,High Risk,20.798524822695036,Budget Buyers
17230.0,264,8,3638.41,1,4,4,144,1,High Risk,1335.8413526570046,Loyal Customers
17231.0,12,10,3174.32,4,4,4,444,3,Low Risk,682.586370918053,Budget Buyers
17232.0,3,2,421.52,4,3,2,432,3,Low Risk,8.586518518518517,Budget Buyers
17233.0,35,1,190.88,3,2,1,321,3,Low Risk,0.0,Budget Buyers
17234.0,183,1,149.89000000000001,1,2,1,121,1,High Risk,0.0,Loyal Customers
17235.0,25,2,550.06,3,3,2,332,3,Low Risk,438.7834942528735,Budget Buyers
17236.0,13,6,916.13,4,4,3,443,3,Low Risk,610.7533333333332,Budget Buyers
17237.0,11,2,314.69,4,3,2,432,3,Low Risk,12.145929824561403,Budget Buyers
17238.0,3,17,3744.65,4,4,4,444,0,Low Risk,1379.6543227326267,VIP Customers
17239.0,313,1,382.5,1,2,2,122,1,High Risk,0.0,Loyal Customers
17242.0,108,2,1135.04,2,3,3,233,3,High Risk,136.20479999999998,Budget Buyers
17243.0,1,26,8676.85,4,4,4,444,0,Low Risk,6918.341733333335,VIP Customers
17244.0,53,1,954.9,2,2,3,223,3,Low Risk,0.0,Budget Buyers
17245.0,205,1,171.45,1,2,1,121,1,High Risk,0.0,Loyal Customers
17247.0,15,1,282.19,4,2,1,421,3,Low Risk,0.0,Budget Buyers
17248.0,120,1,318.65,2,2,2,222,3,High Risk,0.0,Budget Buyers
17250.0,4,2,384.52,4,3,2,432,3,Low Risk,115.58086549707602,Budget Buyers
17251.0,363,1,283.28000000000003,1,2,1,121,1,High Risk,0.0,Loyal Customers
17252.0,117,2,353.86,2,3,2,232,3,High Risk,18.70983908045977,Budget Buyers
17253.0,18,1,178.26,4,2,1,421,3,Low Risk,0.0,Budget Buyers
17254.0,5,2,272.44,4,3,1,431,3,Low Risk,1.6216666666666666,Budget Buyers
17255.0,41,2,298.41,3,3,1,331,3,Low Risk,65.80323076923077,Budget Buyers
17256.0,107,2,240.0,2,3,1,231,3,High Risk,204.0,Budget Buyers
17259.0,148,2,603.37,1,3,2,132,1,High Risk,71.36634408602151,Loyal Customers
17262.0,52,5,1253.3600000000001,2,4,3,243,3,Low Risk,5448.634444444445,Budget Buyers
17263.0,208,1,63.440000000000005,1,2,1,121,1,High Risk,0.0,Loyal Customers
17265.0,139,2,562.9,2,3,2,232,3,High Risk,12.114908136482939,Budget Buyers
17266.0,2,3,310.64,4,3,2,432,3,Low Risk,56.3035,Budget Buyers
17267.0,127,2,317.62,2,3,2,232,3,High Risk,0.0,Budget Buyers
17268.0,108,4,763.64,2,3,3,233,3,High Risk,2324.8595555555553,Budget Buyers
17272.0,42,4,2148.63,3,3,4,334,3,Low Risk,552.8638596491228,Budget Buyers
17274.0,35,1,111.97999999999999,3,2,1,321,3,Low Risk,0.0,Budget Buyers
17277.0,228,2,1065.3500000000001,1,3,3,133,1,High Risk,97.78574879227054,Loyal Customers
17278.0,241,1,246.04,1,2,1,121,1,High Risk,0.0,Loyal Customers
17279.0,58,1,187.82999999999998,2,2,1,221,3,Low Risk,0.0,Budget Buyers
17282.0,130,3,1703.41,2,3,4,234,3,High Risk,306.25137234042563,Budget Buyers
17284.0,60,6,1652.58,2,4,3,243,3,Low Risk,312.4055342465753,Budget Buyers
17286.0,22,1,153.92,3,2,1,321,3,Low Risk,0.0,Budget Buyers
17287.0,26,7,1064.11,3,4,3,343,3,Low Risk,692.8157043010751,Budget Buyers
17288.0,9,7,1419.73,4,4,3,443,3,Low Risk,814.1784953051642,Budget Buyers
17289.0,32,3,944.41,3,3,3,333,3,Low Risk,125.92133333333334,Budget Buyers
17290.0,4,2,525.24,4,3,2,432,3,Low Risk,4.119529411764706,Budget Buyers
17291.0,308,1,550.8000000000001,1,2,2,122,1,High Risk,0.0,Loyal Customers
17293.0,8,9,1875.1100000000001,4,4,4,444,3,Low Risk,1466.752711111111,Budget Buyers
17295.0,29,3,556.95,3,3,2,332,3,Low Risk,28.251086956521743,Budget Buyers
17297.0,17,1,131.78,4,2,1,421,3,Low Risk,0.0,Budget Buyers
17298.0,101,2,498.42,2,3,2,232,3,High Risk,25.474800000000002,Budget Buyers
17299.0,12,4,669.11,4,3,2,432,3,Low Risk,251.99230409356724,Budget Buyers
17301.0,21,1,197.63,3,2,1,321,3,Low Risk,0.0,Budget Buyers
17302.0,15,5,1135.63,4,4,3,443,3,Low Risk,694.7947257383967,Budget Buyers
17303.0,361,1,250.04,1,2,1,121,1,High Risk,0.0,Loyal Customers
17306.0,11,19,8631.31,4,4,4,444,0,Low Risk,28326.39009090909,VIP Customers
17309.0,95,1,82.75,2,2,1,221,3,High Risk,0.0,Budget Buyers
17311.0,78,2,1384.85,2,3,3,233,3,Low Risk,399.5082424242424,Budget Buyers
17312.0,139,3,644.3,2,3,2,232,3,High Risk,92.04285714285712,Budget Buyers
17313.0,31,1,2328.84,3,2,4,324,3,Low Risk,0.0,Budget Buyers
17314.0,25,8,2527.92,3,4,4,344,3,Low Risk,1476.871328244275,Budget Buyers
17315.0,2,38,6292.26,4,4,4,444,0,Low Risk,5981.85957716702,VIP Customers
17317.0,46,3,2600.34,3,3,4,334,3,Low Risk,1242.3846666666666,Budget Buyers
17320.0,100,3,1200.6200000000001,2,3,3,233,3,High Risk,439.13087671232887,Budget Buyers
17321.0,8,2,700.86,4,3,3,433,3,Low Risk,25.763700934579436,Budget Buyers
17323.0,15,7,921.07,4,4,3,443,3,Low Risk,297.6591216666667,Budget Buyers
17324.0,18,4,990.23,4,3,3,433,3,Low Risk,918.93344,Budget Buyers
17325.0,280,1,96.8,1,2,1,121,1,High Risk,0.0,Loyal Customers
17329.0,14,2,523.11,4,3,2,432,3,Low Risk,317.0363636363636,Budget Buyers
17330.0,23,2,363.9,3,3,2,332,3,Low Risk,177.90666666666664,Budget Buyers
17331.0,124,1,175.2,2,2,1,221,3,High Risk,0.0,Budget Buyers
17333.0,86,1,494.25,2,2,2,222,3,Low Risk,0.0,Budget Buyers
17334.0,302,2,307.02,1,3,1,131,1,High Risk,11.164363636363637,Loyal Customers
17337.0,151,4,2027.8700000000001,1,3,4,134,1,High Risk,78.67488275015347,Loyal Customers
17338.0,17,8,6643.93,4,4,4,444,3,Low Risk,809.3889048251439,Budget Buyers
17339.0,94,2,243.36,2,3,1,231,3,High Risk,486.72,Budget Buyers
17340.0,30,11,12353.29,3,4,4,344,0,Low Risk,3739.3742702702702,VIP Customers
17341.0,157,3,781.36,1,3,3,133,1,High Risk,89.23728961748634,Loyal Customers
17343.0,355,1,193.64,1,2,1,121,1,High Risk,0.0,Loyal Customers
17344.0,46,1,160.57,3,2,1,321,3,Low Risk,0.0,Budget Buyers
17345.0,15,4,537.74,4,3,2,432,3,Low Risk,149.1661915708812,Budget Buyers
17346.0,4,15,2676.56,4,4,4,444,0,Low Risk,987.65064,VIP Customers
17347.0,86,1,228.96,2,2,1,221,3,Low Risk,0.0,Budget Buyers
17348.0,15,5,1159.52,4,4,3,443,3,Low Risk,254.37531782945734,Budget Buyers
17349.0,179,1,110.75,1,2,1,121,1,High Risk,0.0,Loyal Customers
17350.0,8,4,1286.07,4,3,3,433,3,Low Risk,101.43650704225351,Budget Buyers
17351.0,36,3,587.15,3,3,2,332,3,Low Risk,515.3872222222222,Budget Buyers
17353.0,129,2,1740.0,2,3,4,234,3,High Risk,362.5,Budget Buyers
17354.0,51,1,1393.06,3,2,3,323,3,Low Risk,0.0,Budget Buyers
17356.0,312,1,178.22,1,2,1,121,1,High Risk,0.0,Loyal Customers
17357.0,24,2,388.14,3,3,2,332,3,Low Risk,0.0,Budget Buyers
17358.0,303,2,365.85,1,3,2,132,1,High Risk,21.49627118644068,Loyal Customers
17359.0,11,1,127.86,4,2,1,421,3,Low Risk,0.0,Budget Buyers
17360.0,17,3,585.79,4,3,2,432,3,Low Risk,73.66753030303029,Budget Buyers
17361.0,49,3,488.2,3,3,2,332,3,Low Risk,407.39448275862065,Budget Buyers
17362.0,239,2,312.23,1,3,2,132,1,High Risk,41.63066666666667,Loyal Customers
17364.0,1,11,4481.18,4,4,4,444,3,Low Risk,1319.2768369829685,Budget Buyers
17365.0,13,8,4801.56,4,4,4,444,3,Low Risk,875.4981196581198,Budget Buyers
17367.0,238,1,168.4,1,2,1,121,1,High Risk,0.0,Loyal Customers
17368.0,23,8,1912.67,3,4,4,344,3,Low Risk,1442.830942942943,Budget Buyers
17370.0,73,4,446.18,2,3,2,232,3,Low Risk,173.0637575757576,Budget Buyers
17371.0,17,3,423.89,4,3,2,432,3,Low Risk,167.11985057471267,Budget Buyers
17372.0,41,8,1342.68,3,4,3,343,3,Low Risk,454.2822450592885,Budget Buyers
17373.0,40,4,646.92,3,3,2,332,3,Low Risk,411.6075789473684,Budget Buyers
17374.0,219,2,495.77,1,3,2,132,1,High Risk,73.18509523809524,Loyal Customers
17375.0,199,3,400.1,1,3,2,132,1,High Risk,93.93652173913044,Loyal Customers
17376.0,71,2,203.2,2,3,1,231,3,Low Risk,135.46666666666667,Budget Buyers
17377.0,24,20,4100.92,3,4,4,344,0,Low Risk,2282.649250398724,VIP Customers
17379.0,11,1,404.66,4,2,2,422,3,Low Risk,0.0,Budget Buyers
17381.0,9,29,20275.61,4,4,4,444,0,Low Risk,65272.583018348625,VIP Customers
17382.0,65,1,65.4,2,2,1,221,3,Low Risk,0.0,Budget Buyers
17383.0,4,1,199.29,4,2,1,421,3,Low Risk,0.0,Budget Buyers
17384.0,19,2,336.4,3,3,2,332,3,Low Risk,297.52711111111114,Budget Buyers
17385.0,15,1,261.11,4,2,1,421,3,Low Risk,0.0,Budget Buyers
17386.0,8,6,2686.42,4,4,4,444,3,Low Risk,3012.628142857143,Budget Buyers
17387.0,20,2,784.11,3,3,3,333,3,Low Risk,8.712333333333333,Budget Buyers
17388.0,78,4,1259.56,2,3,3,233,3,Low Risk,2339.982577777778,Budget Buyers
17389.0,1,34,31833.68,4,4,4,444,0,Low Risk,55895.75737089202,VIP Customers
17391.0,164,2,508.8,1,3,2,132,1,High Risk,0.0,Loyal Customers
17392.0,307,2,457.91,1,3,2,132,1,High Risk,25.111193548387096,Loyal Customers
17394.0,219,1,203.86999999999998,1,2,1,121,1,High Risk,0.0,Loyal Customers
17396.0,39,8,7330.8,3,4,4,344,3,Low Risk,24037.783703703702,Budget Buyers
17397.0,22,2,696.41,3,3,3,333,3,Low Risk,0.0,Budget Buyers
17398.0,115,3,653.38,2,3,2,232,3,High Risk,240.71894736842108,Budget Buyers
17400.0,126,5,2129.96,2,4,4,244,3,High Risk,376.659593114241,Budget Buyers
17402.0,5,13,2633.85,4,4,4,444,3,Low Risk,7041.456610169492,Budget Buyers
17403.0,36,1,281.62,3,2,1,321,3,Low Risk,0.0,Budget Buyers
17404.0,4,15,31906.82,4,4,4,444,0,Low Risk,28683.90888888889,VIP Customers
17405.0,1,3,1031.41,4,3,3,433,3,Low Risk,187.41474390243906,Budget Buyers
17406.0,333,3,2200.42,1,3,4,134,1,High Risk,64.26005309734514,Loyal Customers
17408.0,163,1,32.65,1,2,1,121,1,High Risk,0.0,Loyal Customers
17409.0,185,2,771.85,1,3,3,133,1,High Risk,249.3669230769231,Loyal Customers
17410.0,16,5,1214.72,4,4,3,443,3,Low Risk,629.5033333333334,Budget Buyers
17411.0,12,3,778.94,4,3,3,433,3,Low Risk,473.06356097560985,Budget Buyers
17412.0,3,7,1258.06,4,4,3,443,3,Low Risk,1641.1964545454548,Budget Buyers
17414.0,44,2,778.0,3,3,3,333,3,Low Risk,1218.8666666666666,Budget Buyers
17415.0,80,1,507.84,2,2,2,222,3,Low Risk,0.0,Budget Buyers
17416.0,30,7,6893.42,3,4,4,344,3,Low Risk,1500.8350607187115,Budget Buyers
17418.0,42,2,463.46000000000004,3,3,2,332,3,Low Risk,289.40502222222227,Budget Buyers
17419.0,11,12,4226.57,4,4,4,444,3,Low Risk,2913.460873786408,Budget Buyers
17420.0,50,3,598.83,3,3,2,332,3,Low Risk,644.7403000000002,Budget Buyers
17422.0,16,6,1979.37,4,4,4,444,3,Low Risk,944.0072307692308,Budget Buyers
17423.0,46,2,698.41,3,3,3,333,3,Low Risk,306.2259230769231,Budget Buyers
17425.0,19,2,759.17,3,3,3,333,3,Low Risk,48.257317829457364,Budget Buyers
17426.0,8,6,5037.26,4,4,4,444,3,Low Risk,1018.6046051660517,Budget Buyers
17427.0,72,1,100.8,2,2,1,221,3,Low Risk,0.0,Budget Buyers
17428.0,1,28,17256.85,4,4,4,444,0,Low Risk,18070.587642276423,VIP Customers
17429.0,128,3,524.9200000000001,2,3,2,232,3,High Risk,121.13538461538462,Budget Buyers
17430.0,33,2,265.76,3,3,1,331,3,Low Risk,420.15390476190476,Budget Buyers
17431.0,313,1,403.3,1,2,2,122,1,High Risk,0.0,Loyal Customers
17432.0,18,2,365.76,4,3,2,432,3,Low Risk,9.652,Budget Buyers
17433.0,88,1,303.15999999999997,2,2,1,221,3,Low Risk,0.0,Budget Buyers
17434.0,2,7,2373.82,4,4,4,444,3,Low Risk,338.94842786069654,Budget Buyers
17436.0,2,2,216.29999999999998,4,3,1,431,3,Low Risk,360.5,Budget Buyers
17438.0,254,1,388.45000000000005,1,2,2,122,1,High Risk,0.0,Loyal Customers
17440.0,157,3,186.42000000000002,1,3,1,131,1,High Risk,335.55600000000004,Loyal Customers
17442.0,37,6,2248.56,3,4,4,344,3,Low Risk,842.7936,Budget Buyers
17443.0,220,1,534.24,1,2,2,122,1,High Risk,0.0,Loyal Customers
17444.0,148,3,2940.04,1,3,4,134,3,High Risk,54.44518518518519,Budget Buyers
17446.0,177,2,120.9,1,3,1,131,1,High Risk,119.1088888888889,Loyal Customers
17447.0,40,2,541.53,3,3,2,332,3,Low Risk,31.087833333333332,Budget Buyers
17449.0,2,7,2520.86,4,4,4,444,3,Low Risk,758.0781155234657,Budget Buyers
17450.0,8,46,194550.79,4,4,4,444,2,Low Risk,317785.53373491595,At Risk Customers
17451.0,1,7,1721.4,4,4,4,444,3,Low Risk,417.72640000000007,Budget Buyers
17453.0,18,2,486.71999999999997,4,3,2,432,3,Low Risk,78.55831578947368,Budget Buyers
17454.0,192,4,517.53,1,3,2,132,1,High Risk,188.91259016393442,Loyal Customers
17455.0,204,1,131.7,1,2,1,121,1,High Risk,0.0,Loyal Customers
17456.0,365,1,249.86,1,2,1,121,1,High Risk,0.0,Loyal Customers
17457.0,127,5,1737.7,2,4,4,244,3,High Risk,3231.512280701754,Budget Buyers
17458.0,15,1,316.5,4,2,2,422,3,Low Risk,0.0,Budget Buyers
17459.0,43,2,657.3,3,3,2,332,3,Low Risk,6.316396396396396,Budget Buyers
17460.0,94,6,622.4300000000001,2,4,2,242,3,High Risk,1193.3485517241381,Budget Buyers
17461.0,23,3,757.46,3,3,3,333,3,Low Risk,4.094378378378379,Budget Buyers
17462.0,60,2,675.69,2,3,3,233,3,Low Risk,372.0465925925926,Budget Buyers
17463.0,16,5,1896.41,4,4,4,444,3,Low Risk,435.1452403100776,Budget Buyers
17464.0,158,1,289.96000000000004,1,2,1,121,1,High Risk,0.0,Loyal Customers
17466.0,10,2,763.28,4,3,3,433,3,Low Risk,84.39518699186992,Budget Buyers
17468.0,10,2,137.0,4,3,1,431,3,Low Risk,7.306666666666666,Budget Buyers
17469.0,16,5,1870.97,4,4,4,444,3,Low Risk,666.1787121212121,Budget Buyers
17470.0,45,5,1125.07,3,4,3,343,3,Low Risk,776.4906196581197,Budget Buyers
17472.0,191,3,710.29,1,3,3,133,1,High Risk,42.38194475138121,Loyal Customers
17475.0,79,1,194.37,2,2,1,221,3,Low Risk,0.0,Budget Buyers
17480.0,78,1,511.82,2,2,2,222,3,Low Risk,0.0,Budget Buyers
17481.0,4,4,1255.59,4,3,3,433,3,Low Risk,183.74487804878046,Budget Buyers
17483.0,65,3,414.04,2,3,2,232,3,Low Risk,230.67942857142856,Budget Buyers
17486.0,261,1,396.87,1,2,2,122,1,High Risk,0.0,Loyal Customers
17489.0,59,2,376.64,2,3,2,232,3,Low Risk,132.47337931034482,Budget Buyers
17490.0,1,7,2092.32,4,4,4,444,3,Low Risk,1124.163157894737,Budget Buyers
17491.0,1,10,3558.87,4,4,4,444,3,Low Risk,3983.3223853211002,Budget Buyers
17492.0,248,1,374.57,1,2,2,122,1,High Risk,0.0,Loyal Customers
17495.0,8,2,497.56,4,3,2,432,3,Low Risk,38.08483950617285,Budget Buyers
17496.0,359,1,271.05,1,2,1,121,1,High Risk,0.0,Loyal Customers
17498.0,76,1,272.22,2,2,1,221,3,Low Risk,0.0,Budget Buyers
17499.0,290,1,622.88,1,2,2,122,1,High Risk,0.0,Loyal Customers
17500.0,17,3,1138.0,4,3,3,433,3,Low Risk,273.12,Budget Buyers
17501.0,221,2,288.6,1,3,1,131,1,High Risk,0.0,Loyal Customers
17502.0,9,4,689.1,4,3,3,433,3,Low Risk,62.347142857142856,Budget Buyers
17503.0,3,2,558.96,4,3,2,432,3,Low Risk,34.3221052631579,Budget Buyers
17504.0,206,9,2997.0299999999997,1,4,4,144,1,High Risk,821.2334173228346,Loyal Customers
17505.0,162,2,1145.84,1,3,3,133,1,High Risk,64.63712820512819,Loyal Customers
17506.0,76,1,302.2,2,2,1,221,3,Low Risk,0.0,Budget Buyers
17507.0,262,2,605.58,1,3,2,132,1,High Risk,21.56231818181818,Loyal Customers
17508.0,281,1,387.31,1,2,2,122,1,High Risk,0.0,Loyal Customers
17509.0,58,8,6115.14,2,4,4,244,3,Low Risk,22.27737704918033,Budget Buyers
17510.0,25,1,308.48,3,2,2,322,3,Low Risk,0.0,Budget Buyers
17511.0,3,31,91062.38,4,4,4,444,2,Low Risk,36153.87672551056,At Risk Customers
17512.0,29,10,2924.9900000000002,3,4,4,344,3,Low Risk,2525.705650793651,Budget Buyers
17513.0,72,1,513.2,2,2,2,222,3,Low Risk,0.0,Budget Buyers
17514.0,128,1,208.65,2,2,1,221,3,High Risk,0.0,Budget Buyers
17515.0,31,4,639.02,3,3,2,332,3,Low Risk,280.09152490421457,Budget Buyers
17516.0,15,5,768.08,4,4,3,443,3,Low Risk,252.2890510948905,Budget Buyers
17517.0,309,1,153.94,1,2,1,121,1,High Risk,0.0,Loyal Customers
17519.0,17,6,1844.02,4,4,4,444,3,Low Risk,1578.661024390244,Budget Buyers
17520.0,54,1,546.81,2,2,2,222,3,Low Risk,0.0,Budget Buyers
17521.0,30,3,723.2099999999999,3,3,3,333,3,Low Risk,271.60553333333337,Budget Buyers
17522.0,2,5,1070.71,4,4,3,443,3,Low Risk,528.0213698630138,Budget Buyers
17523.0,11,4,652.74,4,3,2,432,3,Low Risk,18.461333333333336,Budget Buyers
17524.0,361,1,145.0,1,2,1,121,1,High Risk,0.0,Loyal Customers
17525.0,360,1,422.70000000000005,1,2,2,122,1,High Risk,0.0,Loyal Customers
17526.0,5,4,1195.8999999999999,4,3,3,433,3,Low Risk,3021.2210526315785,Budget Buyers
17527.0,54,4,939.37,2,3,3,233,3,Low Risk,437.0402269503546,Budget Buyers
17528.0,1,8,3628.5,4,4,4,444,3,Low Risk,267.7154150197629,Budget Buyers
17530.0,1,10,2385.0,4,4,4,444,3,Low Risk,732.4492385786803,Budget Buyers
17531.0,190,1,296.7,1,2,1,121,1,High Risk,0.0,Loyal Customers
17534.0,54,1,223.36,2,2,1,221,3,Low Risk,0.0,Budget Buyers
17535.0,280,1,164.4,1,2,1,121,1,High Risk,0.0,Loyal Customers
17536.0,177,1,76.5,1,2,1,121,1,High Risk,0.0,Loyal Customers
17537.0,30,2,897.62,3,3,3,333,3,Low Risk,217.82245333333333,Budget Buyers
17538.0,26,1,98.42,3,2,1,321,3,Low Risk,0.0,Budget Buyers
17540.0,25,2,578.9,3,3,2,332,3,Low Risk,449.22639999999996,Budget Buyers
17542.0,270,1,170.75,1,2,1,121,1,High Risk,0.0,Loyal Customers
17545.0,43,3,645.96,3,3,2,332,3,Low Risk,0.0,Budget Buyers
17548.0,234,1,103.3,1,2,1,121,1,High Risk,0.0,Loyal Customers
17549.0,24,2,148.86,3,3,1,331,3,Low Risk,44.65800000000001,Budget Buyers
17550.0,197,3,267.16,1,3,1,131,1,High Risk,28.624285714285715,Loyal Customers
17551.0,359,1,306.84,1,2,1,121,1,High Risk,0.0,Loyal Customers
17552.0,60,4,930.41,2,3,3,233,3,Low Risk,787.3673741496598,Budget Buyers
17553.0,130,1,1487.6,2,2,3,223,3,High Risk,0.0,Budget Buyers
17554.0,1,5,1952.45,4,4,4,444,3,Low Risk,539.8820075757576,Budget Buyers
17555.0,20,2,483.26,3,3,2,332,3,Low Risk,95.43625157232705,Budget Buyers
17556.0,206,1,157.9,1,2,1,121,1,High Risk,0.0,Loyal Customers
17557.0,14,3,541.46,4,3,2,432,3,Low Risk,105.10694117647061,Budget Buyers
17560.0,95,5,854.95,2,4,3,243,3,High Risk,1134.655864197531,Budget Buyers
17561.0,19,1,167.62,3,2,1,321,3,Low Risk,0.0,Budget Buyers
17562.0,14,7,1122.38,4,4,3,443,3,Low Risk,660.9571111111112,Budget Buyers
17564.0,24,3,454.01,3,3,2,332,3,Low Risk,50.960306122448976,Budget Buyers
17566.0,8,2,901.21,4,3,3,433,3,Low Risk,6.7195482456140345,Budget Buyers
17567.0,7,8,4331.48,4,4,4,444,3,Low Risk,2555.135676767676,Budget Buyers
17569.0,332,1,344.14,1,2,2,122,1,High Risk,0.0,Loyal Customers
17571.0,50,4,1498.51,3,3,3,333,3,Low Risk,165.72150724637683,Budget Buyers
17572.0,71,4,226.75000000000003,2,3,1,231,3,Low Risk,760.8722222222223,Budget Buyers
17573.0,29,3,380.6,3,3,2,332,3,Low Risk,97.4336,Budget Buyers
17574.0,243,1,185.65,1,2,1,121,1,High Risk,0.0,Loyal Customers
17576.0,8,19,3622.68,4,4,4,444,0,Low Risk,1992.914715328467,VIP Customers
17578.0,218,1,143.45999999999998,1,2,1,121,1,High Risk,0.0,Loyal Customers
17579.0,5,3,448.90000000000003,4,3,2,432,3,Low Risk,156.21720000000002,Budget Buyers
17580.0,253,3,215.72,1,3,1,131,1,High Risk,50.33466666666667,Loyal Customers
17581.0,1,25,11045.04,4,4,4,444,0,Low Risk,7760.814090909092,VIP Customers
17582.0,236,1,175.27,1,2,1,121,1,High Risk,0.0,Loyal Customers
17584.0,7,2,1242.3,4,3,3,433,3,Low Risk,283.95428571428573,Budget Buyers
17585.0,109,4,1133.07,2,3,3,233,3,High Risk,160.959476635514,Budget Buyers
17588.0,100,3,1240.2,2,3,3,233,3,High Risk,711.7669565217393,Budget Buyers
17589.0,60,4,2404.17,2,3,4,234,3,Low Risk,228.06355731225295,Budget Buyers
17590.0,2,3,1479.22,4,3,3,433,3,Low Risk,27.22942288557214,Budget Buyers
17591.0,73,7,2225.9700000000003,2,4,4,244,3,Low Risk,916.7599337349401,Budget Buyers
17593.0,4,5,3927.34,4,4,4,444,3,Low Risk,1072.4895618153366,Budget Buyers
17594.0,85,2,993.18,2,3,3,233,3,Low Risk,223.79656,Budget Buyers
17595.0,12,2,388.79,4,3,2,432,3,Low Risk,7.4947469879518085,Budget Buyers
17596.0,23,7,2827.93,3,4,4,344,3,Low Risk,843.1420925925925,Budget Buyers
17597.0,214,1,2044.3700000000001,1,2,4,124,1,High Risk,0.0,Loyal Customers
17600.0,18,1,161.67000000000002,4,2,1,421,3,Low Risk,0.0,Budget Buyers
17601.0,239,1,116.00999999999999,1,2,1,121,1,High Risk,0.0,Loyal Customers
17602.0,2,6,5102.97,4,4,4,444,3,Low Risk,585.0190607142857,Budget Buyers
17603.0,78,1,394.72,2,2,2,222,3,Low Risk,0.0,Budget Buyers
17604.0,217,2,309.36,1,3,2,132,1,High Risk,30.77231746031746,Loyal Customers
17608.0,33,2,193.42,3,3,1,331,3,Low Risk,0.0,Budget Buyers
17609.0,41,5,1112.22,3,4,3,343,3,Low Risk,223.6954430379747,Budget Buyers
17611.0,7,15,3984.22,4,4,4,444,0,Low Risk,1220.859079861111,VIP Customers
17612.0,53,6,2048.45,2,4,4,244,3,Low Risk,740.4767407407406,Budget Buyers
17613.0,23,14,4559.150000000001,3,4,4,344,0,Low Risk,1923.0260897435899,VIP Customers
17614.0,57,1,390.07,2,2,2,222,3,Low Risk,0.0,Budget Buyers
17615.0,130,3,329.6,2,3,2,232,3,High Risk,214.24,Budget Buyers
17616.0,174,3,571.1999999999999,1,3,2,132,1,High Risk,3693.7599999999998,Loyal Customers
17618.0,6,3,971.58,4,3,3,433,3,Low Risk,443.4390769230769,Budget Buyers
17619.0,312,1,218.52,1,2,1,121,1,High Risk,0.0,Loyal Customers
17620.0,60,1,81.44,2,2,1,221,3,Low Risk,0.0,Budget Buyers
17621.0,21,3,1379.9,3,3,3,333,3,Low Risk,1767.3334615384615,Budget Buyers
17623.0,33,1,527.0500000000001,3,2,2,322,3,Low Risk,0.0,Budget Buyers
17624.0,15,2,843.48,4,3,3,433,3,Low Risk,228.30192000000002,Budget Buyers
17625.0,18,4,2047.0,4,3,4,434,3,Low Risk,207.08275132275134,Budget Buyers
17628.0,81,1,75.75,2,2,1,221,3,Low Risk,0.0,Budget Buyers
17629.0,6,8,1814.12,4,4,4,444,3,Low Risk,1392.3002276422765,Budget Buyers
17630.0,170,2,503.59999999999997,1,3,2,132,1,High Risk,80.05948717948718,Loyal Customers
17631.0,2,3,528.33,4,3,2,432,3,Low Risk,311.5792307692308,Budget Buyers
17633.0,31,4,1324.84,3,3,3,333,3,Low Risk,222.068419047619,Budget Buyers
17634.0,36,9,2361.9700000000003,3,4,4,344,3,Low Risk,718.1343131313132,Budget Buyers
17636.0,19,1,285.56,3,2,1,321,3,Low Risk,0.0,Budget Buyers
17637.0,31,2,547.0600000000001,3,3,2,332,3,Low Risk,86.48758095238095,Budget Buyers
17639.0,276,1,108.5,1,2,1,121,1,High Risk,0.0,Loyal Customers
17640.0,87,1,621.66,2,2,2,222,3,Low Risk,0.0,Budget Buyers
17642.0,120,2,712.29,2,3,3,233,3,High Risk,66.4804,Budget Buyers
17643.0,373,1,101.55,1,2,1,121,1,High Risk,0.0,Loyal Customers
17644.0,1,11,2895.64,4,4,4,444,3,Low Risk,1751.524067940552,Budget Buyers
17646.0,219,3,1008.39,1,3,3,133,1,High Risk,286.6991176470588,Loyal Customers
17647.0,65,1,133.06,2,2,1,221,3,Low Risk,0.0,Budget Buyers
17648.0,61,4,1797.5,2,3,4,234,3,Low Risk,495.1355311355311,Budget Buyers
17649.0,138,1,868.49,2,2,3,223,3,High Risk,0.0,Budget Buyers
17650.0,21,1,166.08,3,2,1,321,3,Low Risk,0.0,Budget Buyers
17651.0,12,10,3945.0,4,4,4,444,3,Low Risk,935.2370689655173,Budget Buyers
17652.0,25,12,4867.72,3,4,4,344,3,Low Risk,1917.0171428571427,Budget Buyers
17653.0,37,4,1207.56,3,3,3,333,3,Low Risk,303.7196363636363,Budget Buyers
17654.0,277,1,117.55,1,2,1,121,1,High Risk,0.0,Loyal Customers
17655.0,11,7,2638.94,4,4,4,444,3,Low Risk,2402.1120512820517,Budget Buyers
17656.0,73,5,1674.69,2,4,4,244,3,Low Risk,187.21128048780486,Budget Buyers
17658.0,26,2,595.42,3,3,2,332,3,Low Risk,386.50070175438594,Budget Buyers
17659.0,17,12,2999.46,4,4,4,444,3,Low Risk,2688.1236455696207,Budget Buyers
17660.0,141,1,196.0,2,2,1,221,3,High Risk,0.0,Budget Buyers
17663.0,26,7,1802.91,3,4,4,344,3,Low Risk,1276.7118488372091,Budget Buyers
17664.0,19,2,604.64,3,3,2,332,3,Low Risk,180.92328682170543,Budget Buyers
17666.0,4,2,728.16,4,3,3,433,3,Low Risk,164.5102222222222,Budget Buyers
17667.0,66,5,2055.51,2,4,4,244,3,Low Risk,679.3138461538463,Budget Buyers
17668.0,1,2,347.75,4,3,2,432,3,Low Risk,55.64,Budget Buyers
17669.0,43,7,3406.7200000000003,3,4,4,344,3,Low Risk,2408.083450980392,Budget Buyers
17670.0,228,1,205.7,1,2,1,121,1,High Risk,0.0,Loyal Customers
17671.0,16,4,1572.71,4,3,3,433,3,Low Risk,1380.8195974842768,Budget Buyers
17672.0,50,2,3178.17,3,3,4,334,3,Low Risk,498.87638181818176,Budget Buyers
17673.0,2,6,1629.12,4,4,3,443,3,Low Risk,456.4406696035242,Budget Buyers
17674.0,74,2,551.04,2,3,2,232,3,Low Risk,400.01422222222226,Budget Buyers
17675.0,1,31,20374.28,4,4,4,444,0,Low Risk,10929.861980141843,VIP Customers
17676.0,4,6,1387.68,4,4,3,443,3,Low Risk,1288.0516923076925,Budget Buyers
17677.0,2,30,16363.23,4,4,4,444,0,Low Risk,19754.294111842104,VIP Customers
17678.0,264,1,298.11,1,2,1,121,1,High Risk,0.0,Loyal Customers
17679.0,53,2,1992.1100000000001,2,3,4,234,3,Low Risk,141.66115555555555,Budget Buyers
17680.0,24,1,184.4,3,2,1,321,3,Low Risk,0.0,Budget Buyers
17682.0,10,6,2474.33,4,4,4,444,3,Low Risk,1501.3731186440677,Budget Buyers
17684.0,44,1,239.41,3,2,1,321,3,Low Risk,0.0,Budget Buyers
17685.0,17,7,3191.53,4,4,4,444,3,Low Risk,2033.577448717949,Budget Buyers
17686.0,7,7,5739.46,4,4,4,444,3,Low Risk,1381.3502214452217,Budget Buyers
17690.0,30,15,4757.95,3,4,4,344,0,Low Risk,3178.1619140625003,VIP Customers
17691.0,358,2,290.40000000000003,1,3,1,131,1,High Risk,10.189473684210526,Loyal Customers
17692.0,127,4,740.9399999999999,2,3,3,233,3,High Risk,498.25530434782604,Budget Buyers
17693.0,137,1,200.47,2,2,1,221,3,High Risk,0.0,Budget Buyers
17694.0,142,1,283.12,2,2,1,221,3,High Risk,0.0,Budget Buyers
17695.0,132,2,765.34,2,3,3,233,3,High Risk,56.85382857142857,Budget Buyers
17696.0,38,8,2285.71,3,4,4,344,3,Low Risk,1727.864255072464,Budget Buyers
17697.0,236,1,338.95,1,2,2,122,1,High Risk,0.0,Loyal Customers
17698.0,261,1,154.95,1,2,1,121,1,High Risk,0.0,Loyal Customers
17700.0,17,4,2534.64,4,3,4,434,3,Low Risk,628.3051267605633,Budget Buyers
17701.0,253,1,417.95,1,2,2,122,1,High Risk,0.0,Loyal Customers
17702.0,30,4,1824.37,3,3,4,334,3,Low Risk,575.2518018018018,Budget Buyers
17703.0,35,3,798.74,3,3,3,333,3,Low Risk,149.58221818181818,Budget Buyers
17704.0,169,2,885.19,1,3,3,133,1,High Risk,135.1580430107527,Loyal Customers
17705.0,3,9,1823.52,4,4,4,444,3,Low Risk,1582.7445436893204,Budget Buyers
17706.0,4,17,10504.49,4,4,4,444,0,Low Risk,5640.8927975567185,VIP Customers
17707.0,185,2,152.4,1,3,1,131,1,High Risk,306.832,Loyal Customers
17708.0,188,2,267.08,1,3,1,131,1,High Risk,69.6951619047619,Loyal Customers
17709.0,170,1,137.45,1,2,1,121,1,High Risk,0.0,Loyal Customers
17711.0,11,2,385.1,4,3,2,432,3,Low Risk,311.42869565217393,Budget Buyers
17712.0,45,1,522.91,3,2,2,322,3,Low Risk,0.0,Budget Buyers
17714.0,321,1,153.0,1,2,1,121,1,High Risk,0.0,Loyal Customers
17715.0,201,1,326.4,1,2,2,122,1,High Risk,0.0,Loyal Customers
17716.0,23,11,5655.99,3,4,4,344,3,Low Risk,2073.863,Budget Buyers
17718.0,232,1,139.35,1,2,1,121,1,High Risk,0.0,Loyal Customers
17719.0,38,15,5396.04,3,4,4,344,0,Low Risk,2136.753065693431,VIP Customers
17720.0,26,4,1195.94,3,3,3,333,3,Low Risk,1087.5081066666667,Budget Buyers
17722.0,96,4,2424.04,2,3,4,234,3,High Risk,758.8299130434783,Budget Buyers
17723.0,127,6,3276.4000000000005,2,4,4,244,3,High Risk,5700.936000000001,Budget Buyers
17724.0,71,3,1033.0,2,3,3,233,3,Low Risk,173.0275,Budget Buyers
17725.0,16,11,3439.08,4,4,4,444,3,Low Risk,1641.921875,Budget Buyers
17727.0,15,1,1060.25,4,2,3,423,3,Low Risk,0.0,Budget Buyers
17728.0,4,3,2876.01,4,3,4,434,3,Low Risk,142.92898181818182,Budget Buyers
17730.0,3,13,5298.4800000000005,4,4,4,444,3,Low Risk,3401.883412844037,Budget Buyers
17731.0,79,4,1240.11,2,3,3,233,3,Low Risk,256.6595820895522,Budget Buyers
17732.0,373,1,303.97,1,2,1,121,1,High Risk,0.0,Loyal Customers
17733.0,39,2,692.19,3,3,3,333,3,Low Risk,292.69748571428573,Budget Buyers
17734.0,54,3,700.63,2,3,3,233,3,Low Risk,293.28697674418606,Budget Buyers
17735.0,2,19,13110.02,4,4,4,444,0,Low Risk,4392.173367149758,VIP Customers
17736.0,9,3,377.44,4,3,2,432,3,Low Risk,157.01504,Budget Buyers
17737.0,9,2,168.24,4,3,1,431,3,Low Risk,54.958400000000005,Budget Buyers
17738.0,19,4,1879.05,3,3,4,334,3,Low Risk,676.7162886597937,Budget Buyers
17739.0,12,7,2791.35,4,4,4,444,3,Low Risk,4822.502553191489,Budget Buyers
17742.0,113,2,355.11,2,3,2,232,3,High Risk,345.6404,Budget Buyers
17744.0,4,6,2322.4,4,4,4,444,3,Low Risk,1209.014117647059,Budget Buyers
17746.0,240,1,110.25,1,2,1,121,1,High Risk,0.0,Loyal Customers
17747.0,113,1,71.4,2,2,1,221,3,High Risk,0.0,Budget Buyers
17749.0,178,2,674.52,1,3,3,133,1,High Risk,100.2144,Loyal Customers
17750.0,5,9,1797.57,4,4,4,444,3,Low Risk,441.47574093264245,Budget Buyers
17752.0,359,1,80.64,1,2,1,121,1,High Risk,0.0,Loyal Customers
17754.0,1,5,1772.26,4,4,4,444,3,Low Risk,831.5495289855071,Budget Buyers
17757.0,1,30,5605.29,4,4,4,444,0,Low Risk,2798.862753036437,VIP Customers
17758.0,19,8,3456.7000000000003,3,4,4,344,3,Low Risk,514.5896440129451,Budget Buyers
17759.0,17,3,834.99,4,3,3,433,3,Low Risk,133.5984,Budget Buyers
17760.0,22,2,287.59,3,3,1,331,3,Low Risk,269.18423999999993,Budget Buyers
17761.0,33,1,712.78,3,2,3,323,3,Low Risk,0.0,Budget Buyers
17763.0,263,1,15.0,1,2,1,121,1,High Risk,0.0,Loyal Customers
17764.0,51,2,818.8199999999999,3,3,3,333,3,Low Risk,116.45439999999998,Budget Buyers
17765.0,159,3,371.88,1,3,2,132,1,High Risk,63.937263157894726,Loyal Customers
17767.0,15,1,271.2,4,2,1,421,3,Low Risk,0.0,Budget Buyers
17768.0,8,3,2273.1800000000003,4,3,4,434,3,Low Risk,339.89453333333336,Budget Buyers
17769.0,13,10,3997.98,4,4,4,444,3,Low Risk,1324.0621935483873,Budget Buyers
17770.0,199,5,1143.27,1,4,3,143,1,High Risk,416.19039473684205,Loyal Customers
17771.0,57,2,245.81,2,3,1,231,3,Low Risk,80.72279012345679,Budget Buyers
17772.0,11,2,182.77,4,3,1,431,3,Low Risk,0.0,Budget Buyers
17774.0,97,4,1225.41,2,3,3,233,3,High Risk,217.85066666666668,Budget Buyers
17775.0,255,1,56.4,1,2,1,121,1,High Risk,0.0,Loyal Customers
17777.0,25,3,665.86,3,3,2,332,3,Low Risk,25.74201030927835,Budget Buyers
17779.0,21,3,658.57,3,3,2,332,3,Low Risk,97.98236585365854,Budget Buyers
17781.0,159,2,188.02,1,3,1,131,1,High Risk,97.14366666666668,Loyal Customers
17783.0,72,2,283.47,2,3,1,231,3,Low Risk,49.36044776119403,Budget Buyers
17785.0,53,1,131.94,2,2,1,221,3,Low Risk,0.0,Budget Buyers
17786.0,85,2,278.74,2,3,1,231,3,Low Risk,59.61938888888889,Budget Buyers
17787.0,153,4,1865.19,1,3,4,134,1,High Risk,404.58847761194033,Loyal Customers
17788.0,74,2,1117.9,2,3,3,233,3,Low Risk,819.7933333333333,Budget Buyers
17789.0,281,1,225.9,1,2,1,121,1,High Risk,0.0,Loyal Customers
17790.0,27,14,1965.55,3,4,4,344,3,Low Risk,1631.7513333333336,Budget Buyers
17791.0,30,1,106.1,3,2,1,321,3,Low Risk,0.0,Budget Buyers
17793.0,25,1,323.04,3,2,2,322,3,Low Risk,0.0,Budget Buyers
17795.0,180,2,350.39,1,3,2,132,1,High Risk,43.16398550724638,Loyal Customers
17796.0,40,4,697.9,3,3,3,333,3,Low Risk,373.3481300813008,Budget Buyers
17797.0,22,3,780.43,3,3,3,333,3,Low Risk,112.49441441441441,Budget Buyers
17799.0,22,10,3055.93,3,4,4,344,3,Low Risk,846.3727696078431,Budget Buyers
17800.0,37,9,1199.01,3,4,3,343,3,Low Risk,1023.770076923077,Budget Buyers
17802.0,82,3,1285.04,2,3,3,233,3,Low Risk,266.1868571428571,Budget Buyers
17805.0,74,1,512.31,2,2,2,222,3,Low Risk,0.0,Budget Buyers
17806.0,11,1,546.04,4,2,2,422,3,Low Risk,0.0,Budget Buyers
17809.0,16,12,5411.91,4,4,4,444,3,Low Risk,12669.192590163935,Budget Buyers
17811.0,4,39,7837.7300000000005,4,4,4,444,0,Low Risk,3939.1270517038784,VIP Customers
17812.0,13,4,732.16,4,3,3,433,3,Low Risk,245.78420803782507,Budget Buyers
17813.0,14,5,1770.8799999999999,4,4,4,444,3,Low Risk,45.34598382749326,Budget Buyers
17816.0,37,4,36.56,3,3,1,331,3,Low Risk,94.05239215686277,Budget Buyers
17817.0,4,3,387.68,4,3,2,432,3,Low Risk,319.542303030303,Budget Buyers
17819.0,72,7,3704.87,2,4,4,244,3,Low Risk,5384.925631944445,Budget Buyers
17824.0,51,1,298.4,3,2,1,321,3,Low Risk,0.0,Budget Buyers
17827.0,5,5,1995.46,4,4,4,444,3,Low Risk,542.7046515151515,Budget Buyers
17828.0,23,4,1820.09,3,3,4,334,3,Low Risk,586.7752835820895,Budget Buyers
17829.0,299,1,889.24,1,2,3,123,1,High Risk,0.0,Loyal Customers
17830.0,2,3,398.7,4,3,2,432,3,Low Risk,497.5082608695652,Budget Buyers
17831.0,33,1,35.400000000000006,3,2,1,321,3,Low Risk,0.0,Budget Buyers
17832.0,50,1,155.37,3,2,1,321,3,Low Risk,0.0,Budget Buyers
17835.0,3,3,350.64,4,3,2,432,3,Low Risk,11.49639344262295,Budget Buyers
17836.0,47,1,110.21000000000001,3,2,1,321,3,Low Risk,0.0,Budget Buyers
17837.0,42,8,1593.38,3,4,3,343,3,Low Risk,301.7050887573965,Budget Buyers
17838.0,27,5,2779.3,3,4,4,344,3,Low Risk,1320.7417355371902,Budget Buyers
17839.0,42,1,338.8,3,2,2,322,3,Low Risk,0.0,Budget Buyers
17841.0,2,124,40991.57,4,4,4,444,2,Low Risk,8010.603569432056,At Risk Customers
17843.0,303,1,205.48,1,2,1,121,1,High Risk,0.0,Loyal Customers
17844.0,107,1,51.559999999999995,2,2,1,221,3,High Risk,0.0,Budget Buyers
17846.0,85,1,2033.1,2,2,4,224,3,Low Risk,0.0,Budget Buyers
17848.0,81,9,901.1999999999999,2,4,3,243,3,Low Risk,1463.1247058823526,Budget Buyers
17849.0,218,4,605.8000000000001,1,3,2,132,1,High Risk,357.26666666666677,Loyal Customers
17850.0,372,34,5391.21,1,4,4,144,0,High Risk,20.572518518518518,VIP Customers
17852.0,12,2,114.34,4,3,1,431,3,Low Risk,0.0,Budget Buyers
17854.0,185,2,311.26,1,3,2,132,1,High Risk,56.71848888888889,Loyal Customers
17855.0,373,1,208.97,1,2,1,121,1,High Risk,0.0,Loyal Customers
17856.0,2,4,1418.03,4,3,3,433,3,Low Risk,3516.7144,Budget Buyers
17857.0,4,23,26879.04,4,4,4,444,0,Low Risk,137763.376,VIP Customers
17858.0,6,12,5155.66,4,4,4,444,3,Low Risk,3761.818251256281,Budget Buyers
17859.0,305,1,148.21,1,2,1,121,1,High Risk,0.0,Loyal Customers
17860.0,369,1,252.8,1,2,1,121,1,High Risk,0.0,Loyal Customers
17861.0,3,8,2100.8,4,4,4,444,3,Low Risk,797.4207807807809,Budget Buyers
17862.0,324,1,330.9,1,2,2,122,1,High Risk,0.0,Loyal Customers
17863.0,59,6,3160.0,2,4,4,244,3,Low Risk,1323.7837837837837,Budget Buyers
17864.0,13,3,597.5,4,3,2,432,3,Low Risk,153.4754901960784,Budget Buyers
17865.0,31,20,10526.32,3,4,4,344,0,Low Risk,6315.7919999999995,VIP Customers
17866.0,143,1,329.65,1,2,2,122,3,High Risk,0.0,Budget Buyers
17867.0,30,6,1197.1000000000001,3,4,3,343,3,Low Risk,781.9032911392405,Budget Buyers
17869.0,107,5,428.18,2,4,2,242,3,High Risk,463.86166666666657,Budget Buyers
17870.0,2,12,1894.35,4,4,4,444,3,Low Risk,988.5926881720429,Budget Buyers
17871.0,205,1,155.9,1,2,1,121,1,High Risk,0.0,Loyal Customers
17873.0,80,5,1859.16,2,4,4,244,3,Low Risk,2063.3859090909095,Budget Buyers
17874.0,185,6,683.46,1,4,3,143,1,High Risk,208.00956521739135,Loyal Customers
17877.0,170,1,237.61,1,2,1,121,1,High Risk,0.0,Loyal Customers
17878.0,44,1,379.45,3,2,2,322,3,Low Risk,0.0,Budget Buyers
17879.0,174,1,178.51999999999998,1,2,1,121,1,High Risk,0.0,Loyal Customers
17880.0,365,1,458.92,1,2,2,122,1,High Risk,0.0,Loyal Customers
17881.0,304,1,133.35000000000002,1,2,1,121,1,High Risk,0.0,Loyal Customers
17883.0,3,4,671.77,4,3,2,432,3,Low Risk,149.4881287356322,Budget Buyers
17884.0,4,4,717.45,4,3,3,433,3,Low Risk,300.0617094017094,Budget Buyers
17885.0,12,1,190.19,4,2,1,421,3,Low Risk,0.0,Budget Buyers
17886.0,32,3,899.61,3,3,3,333,3,Low Risk,179.09666972477066,Budget Buyers
17887.0,129,1,111.35,2,2,1,221,3,High Risk,0.0,Budget Buyers
17888.0,21,8,726.05,3,4,3,343,3,Low Risk,968.0666666666666,Budget Buyers
17889.0,212,2,203.87,1,3,1,131,1,High Risk,70.54549206349206,Loyal Customers
17890.0,323,2,602.09,1,3,2,132,1,High Risk,16.2265390070922,Loyal Customers
17891.0,162,1,203.85999999999999,1,2,1,121,1,High Risk,0.0,Loyal Customers
17892.0,56,3,244.1,2,3,1,231,3,Low Risk,86.30678571428572,Budget Buyers
17893.0,225,1,112.25,1,2,1,121,1,High Risk,0.0,Loyal Customers
17894.0,72,8,1119.81,2,4,3,243,3,Low Risk,454.8865492227979,Budget Buyers
17895.0,44,1,98.0,3,2,1,321,3,Low Risk,0.0,Budget Buyers
17896.0,23,1,256.32,3,2,1,321,3,Low Risk,0.0,Budget Buyers
17897.0,173,3,566.6,1,3,2,132,1,High Risk,99.40350877192984,Loyal Customers
17898.0,85,2,152.06,2,3,1,231,3,Low Risk,43.807761904761904,Budget Buyers
17899.0,159,1,155.8,1,2,1,121,1,High Risk,0.0,Loyal Customers
17900.0,190,2,112.19999999999999,1,3,1,131,1,High Risk,0.0,Loyal Customers
17901.0,29,1,110.38,3,2,1,321,3,Low Risk,0.0,Budget Buyers
17904.0,21,1,191.67,3,2,1,321,3,Low Risk,0.0,Budget Buyers
17905.0,71,4,800.24,2,3,3,233,3,Low Risk,947.7352156862744,Budget Buyers
17906.0,247,1,72.9,1,2,1,121,1,High Risk,0.0,Loyal Customers
17908.0,374,1,243.28,1,2,1,121,1,High Risk,0.0,Loyal Customers
17911.0,9,1,366.23,4,2,2,422,3,Low Risk,0.0,Budget Buyers
17912.0,310,5,311.01,1,4,2,142,1,High Risk,73.66026315789473,Loyal Customers
17913.0,59,2,411.6,2,3,2,232,3,Low Risk,137.66508474576273,Budget Buyers
17914.0,4,1,336.43,4,2,2,422,3,Low Risk,0.0,Budget Buyers
17917.0,45,3,341.28,3,3,2,332,3,Low Risk,115.09123404255318,Budget Buyers
17919.0,88,1,1304.04,2,2,3,223,3,Low Risk,0.0,Budget Buyers
17920.0,4,17,4204.1,4,4,4,444,0,Low Risk,1263.0421120689657,VIP Customers
17921.0,64,4,826.52,2,3,3,233,3,Low Risk,153.52371494252876,Budget Buyers
17923.0,282,1,207.50000000000003,1,2,1,121,1,High Risk,0.0,Loyal Customers
17924.0,12,7,2962.5,4,4,4,444,3,Low Risk,8049.717741935484,Budget Buyers
17925.0,373,1,244.08,1,2,1,121,1,High Risk,0.0,Loyal Customers
17926.0,133,2,397.29,2,3,2,232,3,High Risk,88.28666666666668,Budget Buyers
17928.0,45,2,212.54,3,3,1,331,3,Low Risk,123.21159420289855,Budget Buyers
17929.0,11,4,843.0,4,3,3,433,3,Low Risk,6676.56,Budget Buyers
17930.0,36,5,1740.48,3,4,4,344,3,Low Risk,1509.9035897435897,Budget Buyers
17931.0,134,2,408.36,2,3,2,232,3,High Risk,50.67852307692308,Budget Buyers
17932.0,29,3,1331.57,3,3,3,333,3,Low Risk,269.27304444444445,Budget Buyers
17934.0,52,2,704.25,2,3,3,233,3,Low Risk,15.65,Budget Buyers
17935.0,138,2,145.79,2,3,1,231,3,High Risk,1.005448275862069,Budget Buyers
17936.0,5,1,389.84,4,2,2,422,3,Low Risk,0.0,Budget Buyers
17937.0,9,7,4301.22,4,4,4,444,3,Low Risk,8239.003581395351,Budget Buyers
17939.0,160,1,99.14,1,2,1,121,1,High Risk,0.0,Loyal Customers
17940.0,49,10,4106.4400000000005,3,4,4,344,3,Low Risk,18226.8301754386,Budget Buyers
17941.0,131,1,304.56,2,2,1,221,3,High Risk,0.0,Budget Buyers
17942.0,8,1,77.50000000000001,4,2,1,421,3,Low Risk,0.0,Budget Buyers
17946.0,233,2,149.57999999999998,1,3,1,131,1,High Risk,12.9636,Loyal Customers
17947.0,37,1,176.68,3,2,1,321,3,Low Risk,0.0,Budget Buyers
17948.0,147,1,358.56000000000006,1,2,2,122,1,High Risk,0.0,Loyal Customers
17949.0,1,45,58510.48,4,4,4,444,0,Low Risk,463904.5200000001,VIP Customers
17950.0,72,3,482.2,2,3,2,232,3,Low Risk,198.9923943661972,Budget Buyers
17951.0,40,3,1008.5400000000001,3,3,3,333,3,Low Risk,1679.2191,Budget Buyers
17954.0,5,12,2332.72,4,4,4,444,3,Low Risk,702.2208659793814,Budget Buyers
17955.0,199,4,557.3,1,3,2,132,1,High Risk,78.21754385964911,Loyal Customers
17956.0,249,1,12.75,1,2,1,121,1,High Risk,0.0,Loyal Customers
17957.0,66,1,111.68,2,2,1,221,3,Low Risk,0.0,Budget Buyers
17958.0,117,1,508.4599999999999,2,2,2,222,3,High Risk,0.0,Budget Buyers
17960.0,171,1,73.78,1,2,1,121,1,High Risk,0.0,Loyal Customers
17961.0,21,39,1296.44,3,4,3,343,0,Low Risk,2368.9967871485946,VIP Customers
17962.0,142,1,102.83,2,2,1,221,3,High Risk,0.0,Budget Buyers
17964.0,32,2,471.7,3,3,2,332,3,Low Risk,102.80641025641026,Budget Buyers
17965.0,38,14,2622.57,3,4,4,344,3,Low Risk,1231.3059148936172,Budget Buyers
17966.0,38,5,1098.43,3,4,3,343,3,Low Risk,600.3673774509805,Budget Buyers
17967.0,372,1,123.07,1,2,1,121,1,High Risk,0.0,Loyal Customers
17968.0,374,1,277.35,1,2,1,121,1,High Risk,0.0,Loyal Customers
17969.0,166,2,228.2,1,3,1,131,1,High Risk,210.81333333333333,Loyal Customers
17970.0,211,1,582.59,1,2,2,122,1,High Risk,0.0,Loyal Customers
17972.0,242,1,136.04,1,2,1,121,1,High Risk,0.0,Loyal Customers
17973.0,52,1,337.04,2,2,2,222,3,Low Risk,0.0,Budget Buyers
17974.0,25,3,740.79,3,3,3,333,3,Low Risk,80.28673743016759,Budget Buyers
17975.0,15,13,4488.81,4,4,4,444,3,Low Risk,2306.58108445946,Budget Buyers
17976.0,372,1,353.19,1,2,2,122,1,High Risk,0.0,Loyal Customers
17977.0,29,1,288.14,3,2,1,321,3,Low Risk,0.0,Budget Buyers
17978.0,365,1,300.91999999999996,1,2,1,121,1,High Risk,0.0,Loyal Customers
17979.0,36,4,757.71,3,3,3,333,3,Low Risk,155.00186301369862,Budget Buyers
17980.0,166,3,811.45,1,3,3,133,1,High Risk,522.0328333333334,Loyal Customers
17984.0,145,1,152.68,1,2,1,121,1,High Risk,0.0,Loyal Customers
17985.0,22,1,634.95,3,2,2,322,3,Low Risk,0.0,Budget Buyers
17986.0,56,1,20.8,2,2,1,221,3,Low Risk,0.0,Budget Buyers
17987.0,185,1,198.57,1,2,1,121,1,High Risk,0.0,Loyal Customers
17988.0,12,7,201.12,4,4,1,441,3,Low Risk,387.77347368421056,Budget Buyers
17990.0,237,3,630.84,1,3,2,132,1,High Risk,269.7384827586207,Loyal Customers
17991.0,225,2,93.35,1,3,1,131,1,High Risk,0.0,Loyal Customers
17994.0,122,4,678.49,2,3,3,233,3,High Risk,188.74865843621401,Budget Buyers
17995.0,282,1,76.1,1,2,1,121,1,High Risk,0.0,Loyal Customers
17997.0,74,8,1970.6699999999998,2,4,4,244,3,Low Risk,281.75040963855423,Budget Buyers
17999.0,37,2,382.06,3,3,2,332,3,Low Risk,90.10590681003585,Budget Buyers
18001.0,12,2,417.23,4,3,2,432,3,Low Risk,35.48852873563219,Budget Buyers
18004.0,362,1,169.47,1,2,1,121,1,High Risk,0.0,Loyal Customers
18005.0,4,2,249.72,4,3,1,431,3,Low Risk,11.931066666666666,Budget Buyers
18006.0,23,1,444.68,3,2,2,322,3,Low Risk,0.0,Budget Buyers
18008.0,70,9,2116.19,2,4,4,244,3,Low Risk,5248.1512,Budget Buyers
18009.0,235,1,257.34,1,2,1,121,1,High Risk,0.0,Loyal Customers
18010.0,257,1,174.8,1,2,1,121,1,High Risk,0.0,Loyal Customers
18011.0,373,1,102.78999999999999,1,2,1,121,1,High Risk,0.0,Loyal Customers
18013.0,155,2,187.29,1,3,1,131,1,High Risk,0.0,Loyal Customers
18014.0,28,1,166.42,3,2,1,321,3,Low Risk,0.0,Budget Buyers
18015.0,4,1,120.03,4,2,1,421,3,Low Risk,0.0,Budget Buyers
18016.0,32,5,1483.56,3,4,3,343,3,Low Risk,665.3907317073171,Budget Buyers
18017.0,81,3,523.0,2,3,2,232,3,Low Risk,3992.2333333333336,Budget Buyers
18018.0,108,2,122.14,2,3,1,231,3,High Risk,25.55112643678161,Budget Buyers
18019.0,52,1,38.45,2,2,1,221,3,Low Risk,0.0,Budget Buyers
18022.0,36,1,668.11,3,2,2,322,3,Low Risk,0.0,Budget Buyers
18024.0,153,2,389.78,1,3,2,132,1,High Risk,0.0,Loyal Customers
18027.0,99,1,115.31,2,2,1,221,3,High Risk,0.0,Budget Buyers
18030.0,4,2,230.64999999999998,4,3,1,431,3,Low Risk,64.9237037037037,Budget Buyers
18032.0,334,1,73.5,1,2,1,121,1,High Risk,0.0,Loyal Customers
18033.0,65,1,97.97,2,2,1,221,3,Low Risk,0.0,Budget Buyers
18034.0,22,2,422.88,3,3,2,332,3,Low Risk,0.0,Budget Buyers
18035.0,36,3,730.4,3,3,3,333,3,Low Risk,9.646792452830189,Budget Buyers
18036.0,32,3,405.62,3,3,2,332,3,Low Risk,89.9969375,Budget Buyers
18037.0,154,6,70.02,1,4,1,141,1,High Risk,152.56989473684212,Loyal Customers
18040.0,19,2,357.20000000000005,3,3,2,332,3,Low Risk,283.25333333333333,Budget Buyers
18041.0,12,21,4183.39,4,4,4,444,0,Low Risk,2239.7090105932207,VIP Customers
18042.0,54,1,165.04999999999998,2,2,1,221,3,Low Risk,0.0,Budget Buyers
18043.0,25,3,559.51,3,3,2,332,3,Low Risk,158.1424958677686,Budget Buyers
18044.0,4,10,2088.6,4,4,4,444,3,Low Risk,1951.552755905512,Budget Buyers
18045.0,45,1,189.4,3,2,1,321,3,Low Risk,0.0,Budget Buyers
18048.0,203,2,172.29000000000002,1,3,1,131,1,High Risk,0.0,Loyal Customers
18050.0,359,1,74.4,1,2,1,121,1,High Risk,0.0,Loyal Customers
18053.0,71,1,300.02,2,2,1,221,3,Low Risk,0.0,Budget Buyers
18055.0,7,10,6784.1900000000005,4,4,4,444,3,Low Risk,2273.959981481482,Budget Buyers
18056.0,288,1,363.65,1,2,2,122,1,High Risk,0.0,Loyal Customers
18058.0,10,1,170.16,4,2,1,421,3,Low Risk,0.0,Budget Buyers
18059.0,23,3,306.46,3,3,1,331,3,Low Risk,70.9696842105263,Budget Buyers
18061.0,22,10,2119.41,3,4,4,344,3,Low Risk,5283.166956521739,Budget Buyers
18062.0,173,3,720.52,1,3,3,133,1,High Risk,437.64918518518516,Loyal Customers
18064.0,133,2,814.0,2,3,3,233,3,High Risk,790.7428571428571,Budget Buyers
18065.0,6,14,2392.83,4,4,4,444,3,Low Risk,2917.9717664233576,Budget Buyers
18066.0,75,1,318.0,2,2,2,222,3,Low Risk,0.0,Budget Buyers
18067.0,40,1,396.33,3,2,2,322,3,Low Risk,0.0,Budget Buyers
18068.0,289,1,101.69999999999999,1,2,1,121,1,High Risk,0.0,Loyal Customers
18069.0,26,5,2036.67,3,4,4,344,3,Low Risk,217.38924468085108,Budget Buyers
18071.0,258,2,453.0,1,3,2,132,1,High Risk,130.464,Loyal Customers
18072.0,186,1,247.44,1,2,1,121,1,High Risk,0.0,Loyal Customers
18073.0,114,12,3877.5200000000004,2,4,4,244,3,High Risk,1742.2281643835618,Budget Buyers
18074.0,374,1,489.6,1,2,2,122,1,High Risk,0.0,Loyal Customers
18075.0,23,10,2611.75,3,4,4,344,3,Low Risk,2066.102699530516,Budget Buyers
18077.0,8,11,2633.0099999999998,4,4,4,444,3,Low Risk,1522.5834625550658,Budget Buyers
18078.0,217,2,336.13,1,3,2,132,1,High Risk,31.6812183908046,Loyal Customers
18079.0,45,4,3651.97,3,3,4,334,3,Low Risk,739.9792230971128,Budget Buyers
18080.0,19,2,1231.5,3,3,3,333,3,Low Risk,9154.15,Budget Buyers
18081.0,36,3,343.45,3,3,2,332,3,Low Risk,195.9685294117647,Budget Buyers
18082.0,26,1,703.37,3,2,3,323,3,Low Risk,0.0,Budget Buyers
18084.0,16,1,90.47999999999999,4,2,1,421,3,Low Risk,0.0,Budget Buyers
18085.0,330,2,689.95,1,3,3,133,1,High Risk,68.20195402298852,Loyal Customers
18086.0,274,1,101.34,1,2,1,121,1,High Risk,0.0,Loyal Customers
18087.0,98,2,4055.7199999999993,2,3,4,234,3,High Risk,25956.607999999997,Budget Buyers
18088.0,61,1,167.67000000000002,2,2,1,221,3,Low Risk,0.0,Budget Buyers
18092.0,2,11,9068.26,4,4,4,444,3,Low Risk,13561.6337752809,Budget Buyers
18093.0,93,4,2106.52,2,3,4,234,3,High Risk,1630.6025185185185,Budget Buyers
18094.0,82,7,3017.3,2,4,4,244,3,Low Risk,2112.11,Budget Buyers
18095.0,313,2,580.0500000000001,1,3,2,132,1,High Risk,36.82857142857143,Loyal Customers
18096.0,12,3,911.15,4,3,3,433,3,Low Risk,22.244037558685445,Budget Buyers
18097.0,8,6,2697.8,4,4,4,444,3,Low Risk,1728.5903703703705,Budget Buyers
18099.0,127,1,168.31,2,2,1,221,3,High Risk,0.0,Budget Buyers
18101.0,11,2,223.65,4,3,1,431,3,Low Risk,48.0029268292683,Budget Buyers
18102.0,1,60,259657.3,4,4,4,444,2,Low Risk,440995.6928074246,At Risk Customers
18104.0,37,1,754.64,3,2,3,323,3,Low Risk,0.0,Budget Buyers
18105.0,38,1,113.48000000000002,3,2,1,321,3,Low Risk,0.0,Budget Buyers
18106.0,330,1,430.7,1,2,2,122,1,High Risk,0.0,Loyal Customers
18108.0,254,1,271.0,1,2,1,121,1,High Risk,0.0,Loyal Customers
18109.0,2,26,8052.97,4,4,4,444,0,Low Risk,5784.595867867868,VIP Customers
18110.0,20,1,236.3,3,2,1,321,3,Low Risk,0.0,Budget Buyers
18112.0,12,2,352.69,4,3,2,432,3,Low Risk,139.26733333333334,Budget Buyers
18113.0,369,1,76.32000000000001,1,2,1,121,1,High Risk,0.0,Loyal Customers
18114.0,290,1,220.1,1,2,1,121,1,High Risk,0.0,Loyal Customers
18116.0,68,8,1418.03,2,4,3,243,3,Low Risk,296.1106737213404,Budget Buyers
18117.0,26,1,320.72,3,2,2,322,3,Low Risk,0.0,Budget Buyers
18118.0,11,26,5653.82,4,4,4,444,0,Low Risk,1371.5339212926765,VIP Customers
18119.0,368,1,181.12,1,2,1,121,1,High Risk,0.0,Loyal Customers
18120.0,214,1,111.15,1,2,1,121,1,High Risk,0.0,Loyal Customers
18121.0,149,2,673.1,1,3,2,132,1,High Risk,7.011458333333334,Loyal Customers
18122.0,8,6,1826.21,4,4,4,444,3,Low Risk,142.4845164835165,Budget Buyers
18123.0,24,2,589.4399999999999,3,3,2,332,3,Low Risk,7.640888888888888,Budget Buyers
18125.0,30,4,1142.99,3,3,3,333,3,Low Risk,222.3776462585034,Budget Buyers
18126.0,61,1,206.82999999999998,2,2,1,221,3,Low Risk,0.0,Budget Buyers
18127.0,19,3,348.73,3,3,2,332,3,Low Risk,84.58557446808511,Budget Buyers
18129.0,243,1,112.55000000000001,1,2,1,121,1,High Risk,0.0,Loyal Customers
18130.0,15,3,1059.39,4,3,3,433,3,Low Risk,62.04998571428572,Budget Buyers
18133.0,212,1,931.4999999999999,1,2,3,123,1,High Risk,0.0,Loyal Customers
18135.0,29,5,681.9100000000001,3,4,3,343,3,Low Risk,914.8959166666667,Budget Buyers
18136.0,63,3,784.33,2,3,3,233,3,Low Risk,528.3907368421053,Budget Buyers
18138.0,295,1,152.65,1,2,1,121,1,High Risk,0.0,Loyal Customers
18139.0,18,6,8438.34,4,4,4,444,3,Low Risk,0.0,Budget Buyers
18142.0,157,2,1019.52,1,3,3,133,1,High Risk,262.8096,Loyal Customers
18143.0,117,2,1000.16,2,3,3,233,3,High Risk,27.326775956284155,Budget Buyers
18144.0,8,12,2888.75,4,4,4,444,3,Low Risk,9808.31395348837,Budget Buyers
18145.0,13,4,2861.55,4,3,4,434,3,Low Risk,516.2011764705883,Budget Buyers
18146.0,141,2,160.35000000000002,2,3,1,231,3,High Risk,84.45100000000002,Budget Buyers
18147.0,46,2,179.33999999999997,3,3,1,331,3,Low Risk,105.896,Budget Buyers
18149.0,51,3,612.0799999999999,3,3,2,332,3,Low Risk,849.261,Budget Buyers
18150.0,32,3,566.58,3,3,2,332,3,Low Risk,258.7892432432433,Budget Buyers
18151.0,135,2,653.35,2,3,2,232,3,High Risk,177.665350877193,Budget Buyers
18154.0,3,2,399.19,4,3,2,432,3,Low Risk,50.690793650793644,Budget Buyers
18155.0,75,3,371.62,2,3,2,232,3,Low Risk,321.07968,Budget Buyers
18156.0,13,2,734.94,4,3,3,433,3,Low Risk,124.58982857142857,Budget Buyers
18158.0,9,2,453.4,4,3,2,432,3,Low Risk,70.23254901960783,Budget Buyers
18159.0,301,1,530.15,1,2,2,122,1,High Risk,0.0,Loyal Customers
18160.0,57,2,638.0600000000001,2,3,2,232,3,Low Risk,155.97022222222222,Budget Buyers
18161.0,15,5,1618.69,4,4,3,443,3,Low Risk,1025.1703333333332,Budget Buyers
18164.0,37,1,399.65000000000003,3,2,2,322,3,Low Risk,0.0,Budget Buyers
18165.0,177,1,302.46000000000004,1,2,1,121,1,High Risk,0.0,Loyal Customers
18167.0,23,3,1384.8600000000001,3,3,3,333,3,Low Risk,306.914918918919,Budget Buyers
18168.0,176,6,1169.94,1,4,3,143,1,High Risk,350.08891603053434,Loyal Customers
18169.0,61,1,202.65,2,2,1,221,3,Low Risk,0.0,Budget Buyers
18170.0,33,3,980.31,3,3,3,333,3,Low Risk,472.0966578947368,Budget Buyers
18171.0,59,5,1231.31,2,4,3,243,3,Low Risk,1041.293024691358,Budget Buyers
18172.0,15,20,7561.68,4,4,4,444,0,Low Risk,7334.962962962963,VIP Customers
18173.0,87,4,2106.84,2,3,4,234,3,Low Risk,1694.533677419355,Budget Buyers
18174.0,7,1,104.0,4,2,1,421,3,Low Risk,0.0,Budget Buyers
18176.0,358,1,476.35,1,2,2,122,1,High Risk,0.0,Loyal Customers
18177.0,31,6,1341.42,3,4,3,343,3,Low Risk,812.1029189189189,Budget Buyers
18178.0,129,4,1590.81,2,3,3,233,3,High Risk,513.8698969072165,Budget Buyers
18179.0,9,6,1793.17,4,4,4,444,3,Low Risk,1303.0368666666668,Budget Buyers
18180.0,5,6,1843.75,4,4,4,444,3,Low Risk,424.5273109243697,Budget Buyers
18181.0,24,1,382.8,3,2,2,322,3,Low Risk,0.0,Budget Buyers
18183.0,227,2,632.07,1,3,2,132,1,High Risk,53.52664864864865,Loyal Customers
18184.0,15,1,49.8,4,2,1,421,3,Low Risk,0.0,Budget Buyers
18185.0,249,1,304.25,1,2,1,121,1,High Risk,0.0,Loyal Customers
18188.0,15,3,2001.04,4,3,4,434,3,Low Risk,775.0507042253521,Budget Buyers
18189.0,78,2,1090.24,2,3,3,233,3,Low Risk,203.08392156862743,Budget Buyers
18190.0,192,2,284.46000000000004,1,3,1,131,1,High Risk,174.46880000000002,Loyal Customers
18191.0,262,1,207.79999999999998,1,2,1,121,1,High Risk,0.0,Loyal Customers
18192.0,72,1,957.97,2,2,3,223,3,Low Risk,0.0,Budget Buyers
18193.0,165,1,243.76,1,2,1,121,1,High Risk,0.0,Loyal Customers
18194.0,82,1,973.8399999999999,2,2,3,223,3,Low Risk,0.0,Budget Buyers
18196.0,95,2,689.13,2,3,3,233,3,High Risk,63.5368085106383,Budget Buyers
18198.0,4,17,5425.56,4,4,4,444,0,Low Risk,6419.677283018868,VIP Customers
18200.0,106,1,163.8,2,2,1,221,3,High Risk,0.0,Budget Buyers
18202.0,200,3,1396.99,1,3,3,133,1,High Risk,228.03807352941175,Loyal Customers
18203.0,157,1,160.42000000000002,1,2,1,121,1,High Risk,0.0,Loyal Customers
18204.0,71,3,1993.7,2,3,4,234,3,Low Risk,120.61885000000001,Budget Buyers
18205.0,36,2,517.36,3,3,2,332,3,Low Risk,40.95766666666667,Budget Buyers
18209.0,29,1,139.10000000000002,3,2,1,321,3,Low Risk,0.0,Budget Buyers
18210.0,2,6,2621.38,4,4,4,444,3,Low Risk,1036.8144776119404,Budget Buyers
18211.0,26,5,600.07,3,4,2,342,3,Low Risk,600.07,Budget Buyers
18212.0,326,1,248.42,1,2,1,121,1,High Risk,0.0,Loyal Customers
18213.0,237,1,232.48000000000002,1,2,1,121,1,High Risk,0.0,Loyal Customers
18215.0,89,1,299.34000000000003,2,2,1,221,3,Low Risk,0.0,Budget Buyers
18216.0,31,1,481.75,3,2,2,322,3,Low Risk,0.0,Budget Buyers
18217.0,29,2,621.75,3,3,2,332,3,Low Risk,54.82096774193548,Budget Buyers
18218.0,211,2,662.08,1,3,2,132,1,High Risk,147.1288888888889,Loyal Customers
18219.0,3,10,2069.77,4,4,4,444,3,Low Risk,2215.0170175438593,Budget Buyers
18220.0,227,1,305.28000000000003,1,2,1,121,1,High Risk,0.0,Loyal Customers
18221.0,22,5,1041.61,3,4,3,343,3,Low Risk,512.667421875,Budget Buyers
18222.0,93,1,443.0,2,2,2,222,3,High Risk,0.0,Budget Buyers
18223.0,5,14,6484.54,4,4,4,444,0,Low Risk,3927.279004901961,VIP Customers
18224.0,264,1,158.95000000000002,1,2,1,121,1,High Risk,0.0,Loyal Customers
18225.0,3,12,5509.12,4,4,4,444,3,Low Risk,2935.4868191881924,Budget Buyers
18226.0,44,11,5228.05,3,4,4,344,3,Low Risk,2320.937348484849,Budget Buyers
18227.0,218,1,93.75,1,2,1,121,1,High Risk,0.0,Loyal Customers
18228.0,57,2,779.9,2,3,3,233,3,Low Risk,38.12844444444444,Budget Buyers
18229.0,12,20,7276.900000000001,4,4,4,444,0,Low Risk,10678.702845528456,VIP Customers
18230.0,9,7,2810.2000000000003,4,4,4,444,3,Low Risk,2234.0000775193803,Budget Buyers
18231.0,192,5,2083.27,1,4,4,144,1,High Risk,268.8090322580645,Loyal Customers
18232.0,82,4,592.97,2,3,2,232,3,Low Risk,245.73531531531532,Budget Buyers
18233.0,326,1,440.0,1,2,2,122,1,High Risk,0.0,Loyal Customers
18235.0,72,3,1796.48,2,3,4,234,3,Low Risk,250.47076923076924,Budget Buyers
18236.0,30,6,882.24,3,4,3,343,3,Low Risk,756.2057142857143,Budget Buyers
18237.0,3,5,987.1,4,4,3,443,3,Low Risk,353.3062841530054,Budget Buyers
18239.0,219,5,1561.6100000000001,1,4,3,143,1,High Risk,452.51198863636364,Loyal Customers
18240.0,46,1,422.58,3,2,2,322,3,Low Risk,0.0,Budget Buyers
18241.0,10,17,2073.09,4,4,4,444,0,Low Risk,2349.5020000000004,VIP Customers
18242.0,72,4,2232.4900000000002,2,3,4,234,3,Low Risk,538.0873333333334,Budget Buyers
18245.0,7,7,2567.06,4,4,4,444,3,Low Risk,1187.6930933333333,Budget Buyers
18246.0,24,2,596.1,3,3,2,332,3,Low Risk,2076.415,Budget Buyers
18248.0,123,2,804.02,2,3,3,233,3,High Risk,71.84859574468086,Budget Buyers
18249.0,17,1,95.34,4,2,1,421,3,Low Risk,0.0,Budget Buyers
18250.0,310,1,349.27,1,2,2,122,1,High Risk,0.0,Loyal Customers
18251.0,87,1,4314.72,2,2,4,224,3,Low Risk,0.0,Budget Buyers
18252.0,51,2,526.67,3,3,2,332,3,Low Risk,43.35174829931972,Budget Buyers
18255.0,89,1,103.3,2,2,1,221,3,Low Risk,0.0,Budget Buyers
18257.0,39,8,2337.63,3,4,4,344,3,Low Risk,1352.391593220339,Budget Buyers
18259.0,25,3,2338.6000000000004,3,3,4,334,3,Low Risk,1898.7204761904766,Budget Buyers
18260.0,173,6,2643.2000000000003,1,4,4,144,1,High Risk,729.8388059701493,Loyal Customers
18261.0,43,2,324.24,3,3,2,332,3,Low Risk,53.52533333333334,Budget Buyers
18262.0,140,1,149.48,2,2,1,221,3,High Risk,0.0,Budget Buyers
18263.0,26,3,1213.1599999999999,3,3,3,333,3,Low Risk,449.46583606557374,Budget Buyers
18265.0,72,2,801.51,2,3,3,233,3,Low Risk,98.73673913043478,Budget Buyers
18268.0,134,1,25.5,2,2,1,221,3,High Risk,0.0,Budget Buyers
18269.0,366,1,168.6,1,2,1,121,1,High Risk,0.0,Loyal Customers
18270.0,38,2,283.15,3,3,1,331,3,Low Risk,391.2618181818181,Budget Buyers
18272.0,3,6,3078.58,4,4,4,444,3,Low Risk,905.0283373493975,Budget Buyers
18273.0,2,3,204.0,4,3,1,431,3,Low Risk,1734.0,Budget Buyers
18274.0,30,1,175.92,3,2,1,321,3,Low Risk,0.0,Budget Buyers
18276.0,44,1,335.86,3,2,2,322,3,Low Risk,0.0,Budget Buyers
18277.0,58,1,110.38,2,2,1,221,3,Low Risk,0.0,Budget Buyers
18278.0,74,1,173.9,2,2,1,221,3,Low Risk,0.0,Budget Buyers
18280.0,278,1,180.60000000000002,1,2,1,121,1,High Risk,0.0,Loyal Customers
18281.0,181,1,80.82,1,2,1,121,1,High Risk,0.0,Loyal Customers
18282.0,8,2,178.05,4,3,1,431,3,Low Risk,116.72166666666666,Budget Buyers
18283.0,4,16,2094.88,4,4,4,444,0,Low Risk,492.1305396825397,VIP Customers
18287.0,43,3,1837.28,3,3,4,334,3,Low Risk,414.70034285714286,Budget Buyers
